START TRANSACTION;
/*!40101 SET NAMES utf8, SQL_MODE='NO_AUTO_VALUE_ON_ZERO' */;
/*!40103 SET TIME_ZONE='+00:00' */;
/*!40014 SET UNIQUE_CHECKS=0, FOREIGN_KEY_CHECKS=0 */;
/*!40111 SET SQL_NOTES=0 */;
CREATE TABLE `xlite_address_field` (
  `id` int(11) NOT NULL AUTO_INCREMENT,
  `serviceName` varchar(128) COLLATE utf8_unicode_ci NOT NULL,
  `viewGetterName` varchar(128) COLLATE utf8_unicode_ci NOT NULL,
  `schemaClass` varchar(256) COLLATE utf8_unicode_ci NOT NULL,
  `additional` tinyint(1) NOT NULL,
  `required` tinyint(1) NOT NULL,
  `enabled` tinyint(1) NOT NULL,
  `position` int(11) NOT NULL,
  PRIMARY KEY (`id`),
  UNIQUE KEY `UNIQ_2A531832912ABBB5` (`serviceName`)
) ENGINE=InnoDB DEFAULT CHARSET=utf8 COLLATE=utf8_unicode_ci;
INSERT INTO `xlite_address_field` VALUES (1,'title','','\\XLite\\View\\FormField\\Select\\Title',0,0,0,0),(2,'firstname','','\\XLite\\View\\FormField\\Input\\Text',0,1,1,0),(3,'lastname','','\\XLite\\View\\FormField\\Input\\Text',0,1,1,0),(4,'street','','\\XLite\\View\\FormField\\Input\\Text',0,1,1,0),(5,'city','','\\XLite\\View\\FormField\\Input\\Text',0,1,1,0),(6,'country_code','country_name','\\XLite\\View\\FormField\\Select\\Country',0,1,1,0),(7,'state_id','state_name','\\XLite\\View\\FormField\\Select\\State',0,0,1,0),(8,'custom_state','state_name','\\XLite\\View\\FormField\\Input\\Text',0,0,1,0),(9,'zipcode','','\\XLite\\View\\FormField\\Input\\Text',0,1,1,0),(10,'phone','','\\XLite\\View\\FormField\\Input\\Text',0,0,1,0),(11,'type','type_name','\\XLite\\View\\FormField\\Select\\AddressType',0,0,0,0);
CREATE TABLE `xlite_address_field_translation` (
  `label_id` int(11) NOT NULL AUTO_INCREMENT,
  `id` int(11) DEFAULT NULL,
  `name` varchar(255) COLLATE utf8_unicode_ci NOT NULL,
  `code` char(2) COLLATE utf8_unicode_ci NOT NULL,
  PRIMARY KEY (`label_id`),
  KEY `IDX_430F4FF2BF396750` (`id`),
  CONSTRAINT `FK_430F4FF2BF396750` FOREIGN KEY (`id`) REFERENCES `xlite_address_field` (`id`) ON DELETE CASCADE
) ENGINE=InnoDB DEFAULT CHARSET=utf8 COLLATE=utf8_unicode_ci;
INSERT INTO `xlite_address_field_translation` VALUES (1,1,'Title','en'),(2,2,'First name','en'),(3,3,'Last name','en'),(4,4,'Address','en'),(5,5,'City','en'),(6,6,'Country','en'),(7,7,'State','en'),(8,8,'State','en'),(9,9,'Zip code','en'),(10,10,'Phone','en'),(11,11,'Address type','en');
CREATE TABLE `xlite_address_field_value` (
  `id` int(11) NOT NULL AUTO_INCREMENT,
  `address_field_id` int(11) DEFAULT NULL,
  `address_id` int(11) DEFAULT NULL,
  `value` varchar(255) COLLATE utf8_unicode_ci DEFAULT NULL,
  PRIMARY KEY (`id`),
  KEY `IDX_620FAD37BAB8F931` (`address_field_id`),
  KEY `IDX_620FAD37F5B7AF75` (`address_id`),
  CONSTRAINT `FK_620FAD37F5B7AF75` FOREIGN KEY (`address_id`) REFERENCES `xlite_profile_addresses` (`address_id`) ON DELETE CASCADE,
  CONSTRAINT `FK_620FAD37BAB8F931` FOREIGN KEY (`address_field_id`) REFERENCES `xlite_address_field` (`id`) ON DELETE SET NULL
) ENGINE=InnoDB DEFAULT CHARSET=utf8 COLLATE=utf8_unicode_ci;
INSERT INTO `xlite_address_field_value` VALUES (1,1,1,'Mr.'),(2,6,1,'US'),(3,2,1,'Guest'),(4,3,1,'Guest'),(5,10,1,'0123456789'),(6,4,1,'51 apt, 87 street'),(7,5,1,'Edmond'),(8,7,1,'595'),(9,6,1,'US'),(10,9,1,'73003'),(11,1,2,'Mr.'),(12,6,2,'US'),(13,2,2,'Guest'),(14,3,2,'Guest'),(15,10,2,'0123456789'),(16,4,2,'51 apt, 87 street'),(17,5,2,'Edmond'),(18,7,2,'595'),(19,6,2,'US'),(20,9,2,'73003'),(21,1,3,'Mr.'),(22,6,3,'US'),(23,2,3,'Guest'),(24,3,3,'Guest'),(25,10,3,'0123456789'),(26,4,3,'51 apt, 87 street'),(27,5,3,'Edmond'),(28,7,3,'595'),(29,6,3,'US'),(30,9,3,'73003'),(31,1,4,'Mr.'),(32,6,4,'US'),(33,2,4,'Guest'),(34,3,4,'Guest'),(35,10,4,'0123456789'),(36,4,4,'51 apt, 87 street'),(37,5,4,'Edmond'),(38,7,4,'595'),(39,6,4,'US'),(40,9,4,'73003'),(41,1,5,'Mr.'),(42,6,5,'US'),(43,2,5,'Guest'),(44,3,5,'Guest'),(45,10,5,'0123456789'),(46,4,5,'51 apt, 87 street'),(47,5,5,'Edmond'),(48,7,5,'595'),(49,6,5,'US'),(50,9,5,'73003');
CREATE TABLE `xlite_attribute_group_translations` (
  `label_id` int(11) NOT NULL AUTO_INCREMENT,
  `id` int(10) unsigned DEFAULT NULL,
  `name` varchar(255) COLLATE utf8_unicode_ci NOT NULL,
  `code` char(2) COLLATE utf8_unicode_ci NOT NULL,
  PRIMARY KEY (`label_id`),
  KEY `ci` (`code`,`id`),
  KEY `id` (`id`),
  CONSTRAINT `FK_8C43909EBF396750` FOREIGN KEY (`id`) REFERENCES `xlite_attribute_groups` (`id`) ON DELETE CASCADE
) ENGINE=InnoDB DEFAULT CHARSET=utf8 COLLATE=utf8_unicode_ci;
INSERT INTO `xlite_attribute_group_translations` VALUES (1,1,'Display','en'),(2,2,'Cellular and Wireless','en'),(3,3,'Power and Battery','en'),(4,1,'Дисплей','ru'),(5,2,'Сотовая и беспроводняа связь','ru'),(6,3,'Батарея','ru');
CREATE TABLE `xlite_attribute_groups` (
  `id` int(10) unsigned NOT NULL AUTO_INCREMENT,
  `product_class_id` int(10) unsigned DEFAULT NULL,
  `position` int(11) NOT NULL,
  PRIMARY KEY (`id`),
  KEY `IDX_59E382E821B06187` (`product_class_id`),
  CONSTRAINT `FK_59E382E821B06187` FOREIGN KEY (`product_class_id`) REFERENCES `xlite_product_classes` (`id`) ON DELETE CASCADE
) ENGINE=InnoDB DEFAULT CHARSET=utf8 COLLATE=utf8_unicode_ci;
INSERT INTO `xlite_attribute_groups` VALUES (1,2,10),(2,2,20),(3,2,30);
CREATE TABLE `xlite_attribute_option_translations` (
  `label_id` int(11) NOT NULL AUTO_INCREMENT,
  `id` int(10) unsigned DEFAULT NULL,
  `name` varchar(255) COLLATE utf8_unicode_ci NOT NULL,
  `code` char(2) COLLATE utf8_unicode_ci NOT NULL,
  PRIMARY KEY (`label_id`),
  KEY `ci` (`code`,`id`),
  KEY `id` (`id`),
  CONSTRAINT `FK_31550B83BF396750` FOREIGN KEY (`id`) REFERENCES `xlite_attribute_options` (`id`) ON DELETE CASCADE
) ENGINE=InnoDB DEFAULT CHARSET=utf8 COLLATE=utf8_unicode_ci;
INSERT INTO `xlite_attribute_option_translations` VALUES (1,1,'S','en'),(2,2,'M','en'),(3,3,'L','en'),(4,4,'XL','en'),(5,5,'XXL','en'),(8,8,'XXXL','en'),(109,109,'IndependentApparel','en'),(110,110,'YourStyle','en'),(111,111,'MyBestDress','en'),(112,112,'Toyty','en'),(113,113,'FunnyChildren','en'),(114,114,'MindSet','en'),(115,115,'GoodyBrand','en'),(116,116,'iBoutique','en'),(1001,1,'S','ru'),(1002,2,'M','ru'),(1003,3,'L','ru'),(1004,4,'XL','ru'),(1005,5,'XXL','ru'),(1008,8,'XXXL','ru'),(1109,109,'IndependentApparel','ru'),(1110,110,'YourStyle','ru'),(1111,111,'MyBestDress','ru'),(1112,112,'Toyty','ru'),(1113,113,'FunnyChildren','ru'),(1114,114,'MindSet','ru'),(1115,115,'GoodyBrand','ru'),(1116,116,'iBoutique','ru'),(1134,134,'Blue','en'),(1135,135,'Gold','en'),(1136,136,'Red','en'),(1143,143,'Blue','en'),(1144,144,'Gold','en'),(1145,145,'Red','en'),(1158,158,'Dr. Peter Venkman','en'),(1159,159,'Dr. Egon Spengler','en'),(1160,160,'Dr. Raymond Stantz','en'),(1161,161,'White','en'),(1162,162,'Black','en'),(1163,163,'Black','en'),(1164,164,'White','en'),(2001,1,'S','ru'),(2002,2,'M','ru'),(2003,3,'L','ru'),(2004,4,'XL','ru'),(2005,5,'XXL','ru'),(2008,8,'XXXL','ru'),(2109,109,'IndependentApparel','ru'),(2110,110,'YourStyle','ru'),(2111,111,'MyBestDress','ru'),(2112,112,'Toyty','ru'),(2113,113,'FunnyChildren','ru'),(2114,114,'MindSet','ru'),(2115,115,'GoodyBrand','ru'),(2116,116,'iBoutique','ru'),(3001,1,'S','ru'),(3002,2,'M','ru'),(3003,3,'L','ru'),(3004,4,'XL','ru'),(3005,5,'XXL','ru'),(3008,8,'XXXL','ru'),(3109,109,'IndependentApparel','ru'),(3110,110,'YourStyle','ru'),(3111,111,'MyBestDress','ru'),(3112,112,'Toyty','ru'),(3113,113,'FunnyChildren','ru'),(3114,114,'MindSet','ru'),(3115,115,'GoodyBrand','ru'),(3116,116,'iBoutique','ru'),(3134,134,'Синий','ru'),(3135,135,'Золотой','ru'),(3136,136,'Красный','ru'),(3143,143,'Синий','ru'),(3144,144,'Золотой','ru'),(3145,145,'Красный','ru'),(3158,158,'Питер Венкман','ru'),(3159,159,'Иган Спенглер','ru'),(3160,160,'Рэймонд Стэнтс','ru'),(3161,161,'Белый','ru'),(3162,162,'Черный','ru'),(3163,163,'Черный','ru'),(3164,164,'Белый','ru'),(3165,165,'16','en'),(3166,166,'64','en'),(3167,167,'128','en'),(3168,168,'Silver','en'),(3169,169,'Space Gray','en'),(3170,170,'Gold','en'),(3171,171,'A8 chip with 64‑bit architecture','en'),(3172,172,'Nano-SIM','en'),(3173,173,'Retina HD display','en'),(3174,174,'4.7','en'),(3175,175,'1334x750','en'),(3176,176,'Built-in rechargeable lithium-ion battery','en'),(3177,177,'Up to 14 hours on 3G','en'),(3178,178,'Up to 10 days (250 hours)','en'),(3179,179,'Up to 11 hours','en'),(3180,180,'Up to 50 hours','en'),(3181,181,'GSM/EDGE/LTE','en'),(3182,182,'802.11a/b/g/n/ac','en'),(3183,183,'Bluetooth 4.2','en'),(3184,184,'5.5','en'),(3185,185,'1920x1080','en'),(3186,186,'32','en'),(3187,187,'A7 chip with 64-bit architecture','en'),(3188,188,'White','en'),(3189,189,'Black','en'),(3190,190,'4','en'),(3191,191,'1136x640','en'),(3192,192,'Up to 10 hours on 3G','en'),(3193,193,'Up to 250 hours','en'),(3194,194,'Up to 10 hours','en'),(3195,195,'Up to 40 hours','en'),(3196,196,'GSM/EDGE','en'),(3197,197,'802.11a/b/g/n','en'),(3198,198,'Up to 24 hours on 3G','en'),(3199,199,'Up to 16 days (384 hours)','en'),(3200,200,'A9 chip with 64‑bit architecture','en'),(3201,201,'Purple','en'),(3202,202,'Green','en'),(3203,203,'Orange','en'),(3204,204,'Blue','en'),(3205,201,'Фиолетовый','ru'),(3206,202,'Зеленый','ru'),(3207,203,'Оранжевый','ru'),(3208,204,'Синий','ru'),(3209,205,'Rose Gold','en'),(3210,168,'Серебристый','ru'),(3211,169,'Серый космос','ru'),(3212,170,'Золотой','ru'),(3213,188,'Белый','ru'),(3214,189,'Черный','ru'),(3215,205,'Розовое золото','ru'),(3216,165,'16','ru'),(3217,166,'64','ru'),(3218,167,'128','ru'),(3219,186,'32','ru'),(3221,207,'Nano-SIM','ru'),(3223,209,'4','ru'),(3224,210,'1136x640','ru'),(3225,211,'Built-in rechargeable lithium-ion battery','ru'),(3226,212,'Up to 14 hours on 3G','ru'),(3227,213,'Up to 10 days (250 hours)','ru'),(3228,214,'Up to 10 hours','ru'),(3229,215,'Up to 40 hours','ru'),(3231,217,'802.11a/b/g/n/ac','ru');
CREATE TABLE `xlite_attribute_options` (
  `id` int(10) unsigned NOT NULL AUTO_INCREMENT,
  `attribute_id` int(10) unsigned DEFAULT NULL,
  `addToNew` tinyint(1) NOT NULL,
  PRIMARY KEY (`id`),
  KEY `IDX_2E486F4AB6E62EFA` (`attribute_id`),
  CONSTRAINT `FK_2E486F4AB6E62EFA` FOREIGN KEY (`attribute_id`) REFERENCES `xlite_attributes` (`id`) ON DELETE CASCADE
) ENGINE=InnoDB DEFAULT CHARSET=utf8 COLLATE=utf8_unicode_ci;
INSERT INTO `xlite_attribute_options` VALUES (1,1,1),(2,1,1),(3,1,1),(4,1,1),(5,1,1),(8,1,1),(109,50,0),(110,50,0),(111,50,0),(112,50,0),(113,50,0),(114,50,0),(115,50,0),(116,50,0),(134,56,0),(135,56,0),(136,56,0),(143,58,0),(144,58,0),(145,58,0),(158,61,0),(159,61,0),(160,61,0),(161,69,0),(162,69,0),(163,70,0),(164,70,0),(165,71,1),(166,71,1),(167,71,0),(168,73,0),(169,73,0),(170,73,0),(171,72,0),(172,74,0),(173,75,0),(174,76,0),(175,77,0),(176,78,0),(177,79,0),(178,80,0),(179,81,0),(180,82,0),(181,83,0),(182,84,0),(183,85,0),(184,76,0),(185,77,0),(186,71,0),(187,72,0),(188,73,0),(189,73,0),(190,76,0),(191,77,0),(192,79,0),(193,80,0),(194,81,0),(195,82,0),(196,83,0),(197,84,0),(198,79,0),(199,80,0),(200,72,0),(201,87,0),(202,87,0),(203,87,0),(204,87,0),(205,73,0),(207,74,0),(209,76,0),(210,77,0),(211,78,0),(212,79,0),(213,80,0),(214,81,0),(215,82,0),(217,84,0);
CREATE TABLE `xlite_attribute_properties` (
  `id` int(10) unsigned NOT NULL AUTO_INCREMENT,
  `product_id` int(10) unsigned DEFAULT NULL,
  `attribute_id` int(10) unsigned DEFAULT NULL,
  `position` int(11) NOT NULL,
  PRIMARY KEY (`id`),
  KEY `IDX_3C3647F44584665A` (`product_id`),
  KEY `IDX_3C3647F4B6E62EFA` (`attribute_id`),
  CONSTRAINT `FK_3C3647F4B6E62EFA` FOREIGN KEY (`attribute_id`) REFERENCES `xlite_attributes` (`id`) ON DELETE CASCADE,
  CONSTRAINT `FK_3C3647F44584665A` FOREIGN KEY (`product_id`) REFERENCES `xlite_products` (`product_id`) ON DELETE CASCADE
) ENGINE=InnoDB DEFAULT CHARSET=utf8 COLLATE=utf8_unicode_ci;
CREATE TABLE `xlite_attribute_translations` (
  `label_id` int(11) NOT NULL AUTO_INCREMENT,
  `id` int(10) unsigned DEFAULT NULL,
  `name` varchar(255) COLLATE utf8_unicode_ci NOT NULL,
  `unit` varchar(255) COLLATE utf8_unicode_ci NOT NULL,
  `code` char(2) COLLATE utf8_unicode_ci NOT NULL,
  PRIMARY KEY (`label_id`),
  KEY `ci` (`code`,`id`),
  KEY `id` (`id`),
  CONSTRAINT `FK_8BBAD04BBF396750` FOREIGN KEY (`id`) REFERENCES `xlite_attributes` (`id`) ON DELETE CASCADE
) ENGINE=InnoDB DEFAULT CHARSET=utf8 COLLATE=utf8_unicode_ci;
INSERT INTO `xlite_attribute_translations` VALUES (1,1,'Size','','en'),(50,50,'Manufacturer','','en'),(51,1,'Размер','','ru'),(100,50,'Производитель','','ru'),(106,56,'Color','','en'),(108,58,'Color','','en'),(111,61,'Character','','en'),(112,62,'Captain America','','en'),(113,63,'Iron Man','','en'),(114,64,'Hulk','','en'),(115,65,'Thor','','en'),(116,66,'Black','','en'),(117,67,'Pink','','en'),(118,68,'Blue','','en'),(119,69,'Color','','en'),(120,70,'Color','','en'),(126,56,'Цвет','','ru'),(128,58,'Цвет','','ru'),(131,61,'Персонаж','','ru'),(132,62,'Капитан Америка','','ru'),(133,63,'Железный человек','','ru'),(134,64,'Халк','','ru'),(135,65,'Тор','','ru'),(136,66,'Черный','','ru'),(137,67,'Розовый','','ru'),(138,68,'Синий','','ru'),(139,69,'Цвет','','ru'),(140,70,'Цвет','','ru'),(141,71,'Capacity, GB','','en'),(142,72,'Chip','','en'),(143,73,'Color','','en'),(144,74,'Sim card','','en'),(145,75,'Display type','','en'),(146,76,'Dimension, inches','','en'),(147,77,'Resolution','','en'),(148,78,'Battery type','','en'),(149,79,'Talk time','','en'),(150,80,'Standby time','','en'),(151,81,'Video playback','','en'),(152,82,'Audio playback','','en'),(153,83,'GSM model','','en'),(154,84,'Wi-Fi','','en'),(155,85,'Bluetooth','','en'),(156,86,'GPS','','en'),(157,87,'Color','','en'),(158,87,'Цвет','','ru'),(159,73,'Цвет','','ru'),(160,71,'Объем памяти, GB','','ru'),(161,72,'Chip','','ru'),(162,74,'Sim card','','ru'),(163,75,'Display type','','ru'),(164,76,'Dimension, inches','','ru'),(165,77,'Resolution','','ru'),(166,78,'Battery type','','ru'),(167,79,'Talk time','','ru'),(168,80,'Standby time','','ru'),(169,81,'Video playback','','ru'),(170,82,'Audio playback','','ru'),(171,83,'GSM model','','ru'),(172,84,'Wi-Fi','','ru'),(173,85,'Bluetooth','','ru'),(174,86,'GPS','','ru');
CREATE TABLE `xlite_attribute_values_checkbox` (
  `id` int(10) unsigned NOT NULL AUTO_INCREMENT,
  `product_id` int(10) unsigned DEFAULT NULL,
  `attribute_id` int(10) unsigned DEFAULT NULL,
  `value` tinyint(1) NOT NULL,
  `priceModifier` decimal(14,4) NOT NULL,
  `priceModifierType` char(1) COLLATE utf8_unicode_ci NOT NULL,
  `weightModifier` decimal(14,4) NOT NULL,
  `weightModifierType` char(1) COLLATE utf8_unicode_ci NOT NULL,
  `defaultValue` tinyint(1) NOT NULL,
  PRIMARY KEY (`id`),
  KEY `product_id` (`product_id`),
  KEY `attribute_id` (`attribute_id`),
  KEY `value` (`value`),
  CONSTRAINT `FK_3CA3503BB6E62EFA` FOREIGN KEY (`attribute_id`) REFERENCES `xlite_attributes` (`id`) ON DELETE CASCADE,
  CONSTRAINT `FK_3CA3503B4584665A` FOREIGN KEY (`product_id`) REFERENCES `xlite_products` (`product_id`) ON DELETE CASCADE
) ENGINE=InnoDB DEFAULT CHARSET=utf8 COLLATE=utf8_unicode_ci;
INSERT INTO `xlite_attribute_values_checkbox` VALUES (1,16,62,0,0.0000,'a',0.0000,'a',0),(2,16,63,1,19.9900,'a',0.0000,'a',0),(3,16,64,0,0.0000,'a',0.0000,'a',0),(4,16,65,0,0.0000,'a',0.0000,'a',0),(5,16,62,1,19.9900,'a',0.0000,'a',0),(7,16,64,1,19.9900,'a',0.0000,'a',0),(8,16,65,1,19.9900,'a',0.0000,'a',0),(9,31,66,1,0.0000,'a',0.0000,'a',0),(10,31,66,0,0.0000,'a',0.0000,'a',0),(11,31,67,1,0.0000,'a',0.0000,'a',0),(12,31,67,0,0.0000,'a',0.0000,'a',0),(13,31,68,1,0.0000,'a',0.0000,'a',0),(14,31,68,0,0.0000,'a',0.0000,'a',0),(15,42,86,1,0.0000,'p',0.0000,'p',0),(18,37,86,1,0.0000,'p',0.0000,'p',0),(19,41,86,1,0.0000,'p',0.0000,'p',0),(20,16,63,0,0.0000,'a',0.0000,'a',0);
CREATE TABLE `xlite_attribute_values_checkbox_translations` (
  `label_id` int(11) NOT NULL AUTO_INCREMENT,
  `id` int(10) unsigned DEFAULT NULL,
  `code` char(2) COLLATE utf8_unicode_ci NOT NULL,
  PRIMARY KEY (`label_id`),
  KEY `ci` (`code`,`id`),
  KEY `id` (`id`),
  CONSTRAINT `FK_5A770E51BF396750` FOREIGN KEY (`id`) REFERENCES `xlite_attribute_values_checkbox` (`id`) ON DELETE CASCADE
) ENGINE=InnoDB DEFAULT CHARSET=utf8 COLLATE=utf8_unicode_ci;
CREATE TABLE `xlite_attribute_values_select` (
  `id` int(10) unsigned NOT NULL AUTO_INCREMENT,
  `attribute_option_id` int(10) unsigned DEFAULT NULL,
  `product_id` int(10) unsigned DEFAULT NULL,
  `attribute_id` int(10) unsigned DEFAULT NULL,
  `priceModifier` decimal(14,4) NOT NULL,
  `priceModifierType` char(1) COLLATE utf8_unicode_ci NOT NULL,
  `weightModifier` decimal(14,4) NOT NULL,
  `weightModifierType` char(1) COLLATE utf8_unicode_ci NOT NULL,
  `defaultValue` tinyint(1) NOT NULL,
  PRIMARY KEY (`id`),
  KEY `product_id` (`product_id`),
  KEY `attribute_id` (`attribute_id`),
  KEY `attribute_option_id` (`attribute_option_id`),
  CONSTRAINT `FK_65258CABB6E62EFA` FOREIGN KEY (`attribute_id`) REFERENCES `xlite_attributes` (`id`) ON DELETE CASCADE,
  CONSTRAINT `FK_65258CAB1AE56DE9` FOREIGN KEY (`attribute_option_id`) REFERENCES `xlite_attribute_options` (`id`) ON DELETE CASCADE,
  CONSTRAINT `FK_65258CAB4584665A` FOREIGN KEY (`product_id`) REFERENCES `xlite_products` (`product_id`) ON DELETE CASCADE
) ENGINE=InnoDB DEFAULT CHARSET=utf8 COLLATE=utf8_unicode_ci;
INSERT INTO `xlite_attribute_values_select` VALUES (202,114,1,50,0.0000,'a',0.0000,'a',0),(204,112,17,50,0.0000,'a',0.0000,'a',0),(205,112,13,50,0.0000,'a',0.0000,'a',0),(215,112,6,50,0.0000,'a',0.0000,'a',0),(219,113,18,50,0.0000,'a',0.0000,'a',0),(264,134,7,56,0.0000,'a',0.0000,'a',0),(265,135,7,56,0.0000,'a',0.0000,'a',0),(266,136,7,56,0.0000,'a',0.0000,'a',0),(273,143,9,58,0.0000,'a',0.0000,'a',0),(274,144,9,58,0.0000,'a',0.0000,'a',0),(275,145,9,58,0.0000,'a',0.0000,'a',0),(288,158,13,61,0.0000,'a',0.0000,'a',0),(289,159,13,61,0.0000,'a',0.0000,'a',0),(290,160,13,61,0.0000,'a',0.0000,'a',0),(291,161,32,69,0.0000,'a',0.0000,'a',0),(292,162,32,69,0.0000,'a',0.0000,'a',0),(293,163,40,70,0.0000,'a',0.0000,'a',0),(294,164,40,70,0.0000,'a',0.0000,'a',0),(295,165,37,71,0.0000,'a',0.0000,'a',0),(296,166,37,71,100.0000,'a',0.0000,'a',0),(297,167,37,71,200.0000,'a',0.0000,'a',0),(298,200,37,72,0.0000,'a',0.0000,'a',0),(299,169,37,73,0.0000,'a',0.0000,'a',0),(300,168,37,73,0.0000,'a',0.0000,'a',0),(301,170,37,73,0.0000,'a',0.0000,'a',0),(302,172,37,74,0.0000,'a',0.0000,'a',0),(303,173,37,75,0.0000,'a',0.0000,'a',0),(304,174,37,76,0.0000,'a',0.0000,'a',0),(305,175,37,77,0.0000,'a',0.0000,'a',0),(306,176,37,78,0.0000,'a',0.0000,'a',0),(307,177,37,79,0.0000,'a',0.0000,'a',0),(308,178,37,80,0.0000,'a',0.0000,'a',0),(309,179,37,81,0.0000,'a',0.0000,'a',0),(310,180,37,82,0.0000,'a',0.0000,'a',0),(311,181,37,83,0.0000,'a',0.0000,'a',0),(312,182,37,84,0.0000,'a',0.0000,'a',0),(313,183,37,85,0.0000,'a',0.0000,'a',0),(314,165,41,71,0.0000,'a',0.0000,'a',0),(315,166,41,71,100.0000,'a',0.0000,'a',0),(316,167,41,71,200.0000,'a',0.0000,'a',0),(317,200,41,72,0.0000,'a',0.0000,'a',0),(318,169,41,73,0.0000,'a',0.0000,'a',0),(319,168,41,73,0.0000,'a',0.0000,'a',0),(320,170,41,73,0.0000,'a',0.0000,'a',0),(321,172,41,74,0.0000,'a',0.0000,'a',0),(322,173,41,75,0.0000,'a',0.0000,'a',0),(323,184,41,76,0.0000,'a',0.0000,'a',0),(324,185,41,77,0.0000,'a',0.0000,'a',0),(325,176,41,78,0.0000,'a',0.0000,'a',0),(326,198,41,79,0.0000,'a',0.0000,'a',0),(327,199,41,80,0.0000,'a',0.0000,'a',0),(328,194,41,81,0.0000,'a',0.0000,'a',0),(329,195,41,82,0.0000,'a',0.0000,'a',0),(330,181,41,83,0.0000,'a',0.0000,'a',0),(331,182,41,84,0.0000,'a',0.0000,'a',0),(332,183,41,85,0.0000,'a',0.0000,'a',0),(333,165,42,71,0.0000,'a',0.0000,'a',0),(335,166,42,71,200.0000,'a',0.0000,'a',0),(337,169,42,73,0.0000,'a',0.0000,'a',0),(338,168,42,73,0.0000,'a',0.0000,'a',0),(339,170,42,73,0.0000,'a',0.0000,'a',0),(340,172,42,74,0.0000,'a',0.0000,'a',0),(342,190,42,76,0.0000,'a',0.0000,'a',0),(343,191,42,77,0.0000,'a',0.0000,'a',0),(344,176,42,78,0.0000,'a',0.0000,'a',0),(345,177,42,79,0.0000,'a',0.0000,'a',0),(346,178,42,80,0.0000,'a',0.0000,'a',0),(347,194,42,81,0.0000,'a',0.0000,'a',0),(348,195,42,82,0.0000,'a',0.0000,'a',0),(350,182,42,84,0.0000,'a',0.0000,'a',0),(352,1,6,1,0.0000,'a',0.0000,'a',0),(353,2,6,1,0.0000,'a',0.0000,'a',0),(354,3,6,1,0.0000,'a',0.0000,'a',0),(355,4,6,1,0.0000,'a',0.0000,'a',0),(356,5,6,1,0.0000,'a',0.0000,'a',0),(357,8,6,1,0.0000,'a',0.0000,'a',0),(360,1,10,1,0.0000,'a',0.0000,'a',0),(361,2,10,1,0.0000,'a',0.0000,'a',0),(362,3,10,1,0.0000,'a',0.0000,'a',0),(363,4,10,1,0.0000,'a',0.0000,'a',0),(368,1,8,1,0.0000,'a',0.0000,'a',0),(369,2,8,1,0.0000,'a',0.0000,'a',0),(370,3,8,1,0.0000,'a',0.0000,'a',0),(371,4,8,1,0.0000,'a',0.0000,'a',0),(372,5,8,1,0.0000,'a',0.0000,'a',0),(373,8,8,1,0.0000,'a',0.0000,'a',0),(376,1,3,1,0.0000,'a',0.0000,'a',0),(377,2,3,1,0.0000,'a',0.0000,'a',0),(378,3,3,1,0.0000,'a',0.0000,'a',0),(379,4,3,1,0.0000,'a',0.0000,'a',0),(382,1,1,1,0.0000,'a',0.0000,'a',0),(383,2,1,1,0.0000,'a',0.0000,'a',0),(384,3,1,1,0.0000,'a',0.0000,'a',0),(385,4,1,1,0.0000,'a',0.0000,'a',0),(388,1,2,1,0.0000,'a',0.0000,'a',0),(389,2,2,1,0.0000,'a',0.0000,'a',0),(390,3,2,1,0.0000,'a',0.0000,'a',0),(391,4,2,1,0.0000,'a',0.0000,'a',0),(392,5,2,1,0.0000,'a',0.0000,'a',0),(393,8,2,1,0.0000,'a',0.0000,'a',0),(394,111,2,50,0.0000,'a',0.0000,'a',0),(395,1,4,1,0.0000,'a',0.0000,'a',0),(396,2,4,1,0.0000,'a',0.0000,'a',0),(397,3,4,1,0.0000,'a',0.0000,'a',0),(398,4,4,1,0.0000,'a',0.0000,'a',0),(401,114,4,50,0.0000,'a',0.0000,'a',0),(402,1,9,1,0.0000,'a',0.0000,'a',0),(403,2,9,1,0.0000,'a',0.0000,'a',0),(404,3,9,1,0.0000,'a',0.0000,'a',0),(405,4,9,1,0.0000,'a',0.0000,'a',0),(406,5,9,1,0.0000,'a',0.0000,'a',0),(407,8,9,1,0.0000,'a',0.0000,'a',0),(408,110,9,50,0.0000,'a',0.0000,'a',0),(409,1,7,1,0.0000,'a',0.0000,'a',0),(410,2,7,1,0.0000,'a',0.0000,'a',0),(411,3,7,1,0.0000,'a',0.0000,'a',0),(412,4,7,1,0.0000,'a',0.0000,'a',0),(413,5,7,1,0.0000,'a',0.0000,'a',0),(414,8,7,1,0.0000,'a',0.0000,'a',0),(415,115,7,50,0.0000,'a',0.0000,'a',0),(416,1,5,1,0.0000,'a',0.0000,'a',0),(417,2,5,1,0.0000,'a',0.0000,'a',0),(418,3,5,1,0.0000,'a',0.0000,'a',0),(419,4,5,1,0.0000,'a',0.0000,'a',0),(422,114,5,50,0.0000,'a',0.0000,'a',0),(423,113,8,50,0.0000,'a',0.0000,'a',0),(424,114,3,50,0.0000,'a',0.0000,'a',0),(425,115,10,50,0.0000,'a',0.0000,'a',0),(426,201,4,87,0.0000,'a',0.0000,'a',0),(427,202,4,87,0.0000,'a',0.0000,'a',0),(428,203,4,87,0.0000,'a',0.0000,'a',0),(429,204,4,87,0.0000,'a',0.0000,'a',0),(430,205,42,73,0.0000,'a',0.0000,'a',0),(431,200,42,72,0.0000,'a',0.0000,'a',0),(432,173,42,75,0.0000,'a',0.0000,'a',0),(433,183,42,85,0.0000,'a',0.0000,'a',0);
CREATE TABLE `xlite_attribute_values_select_translations` (
  `label_id` int(11) NOT NULL AUTO_INCREMENT,
  `id` int(10) unsigned DEFAULT NULL,
  `code` char(2) COLLATE utf8_unicode_ci NOT NULL,
  PRIMARY KEY (`label_id`),
  KEY `ci` (`code`,`id`),
  KEY `id` (`id`),
  CONSTRAINT `FK_CDF9A7AFBF396750` FOREIGN KEY (`id`) REFERENCES `xlite_attribute_values_select` (`id`) ON DELETE CASCADE
) ENGINE=InnoDB DEFAULT CHARSET=utf8 COLLATE=utf8_unicode_ci;
CREATE TABLE `xlite_attribute_values_text` (
  `id` int(10) unsigned NOT NULL AUTO_INCREMENT,
  `product_id` int(10) unsigned DEFAULT NULL,
  `attribute_id` int(10) unsigned DEFAULT NULL,
  `editable` tinyint(1) NOT NULL,
  PRIMARY KEY (`id`),
  KEY `product_id` (`product_id`),
  KEY `attribute_id` (`attribute_id`),
  CONSTRAINT `FK_560D03DAB6E62EFA` FOREIGN KEY (`attribute_id`) REFERENCES `xlite_attributes` (`id`) ON DELETE CASCADE,
  CONSTRAINT `FK_560D03DA4584665A` FOREIGN KEY (`product_id`) REFERENCES `xlite_products` (`product_id`) ON DELETE CASCADE
) ENGINE=InnoDB DEFAULT CHARSET=utf8 COLLATE=utf8_unicode_ci;
CREATE TABLE `xlite_attribute_values_text_translations` (
  `label_id` int(11) NOT NULL AUTO_INCREMENT,
  `id` int(10) unsigned DEFAULT NULL,
  `value` longtext COLLATE utf8_unicode_ci NOT NULL,
  `code` char(2) COLLATE utf8_unicode_ci NOT NULL,
  PRIMARY KEY (`label_id`),
  KEY `ci` (`code`,`id`),
  KEY `id` (`id`),
  CONSTRAINT `FK_753A596BF396750` FOREIGN KEY (`id`) REFERENCES `xlite_attribute_values_text` (`id`) ON DELETE CASCADE
) ENGINE=InnoDB DEFAULT CHARSET=utf8 COLLATE=utf8_unicode_ci;
CREATE TABLE `xlite_attributes` (
  `id` int(10) unsigned NOT NULL AUTO_INCREMENT,
  `product_class_id` int(10) unsigned DEFAULT NULL,
  `attribute_group_id` int(10) unsigned DEFAULT NULL,
  `product_id` int(10) unsigned DEFAULT NULL,
  `visible` tinyint(1) NOT NULL DEFAULT '1',
  `position` int(11) NOT NULL,
  `decimals` int(11) NOT NULL,
  `type` char(1) COLLATE utf8_unicode_ci NOT NULL,
  `addToNew` char(1) COLLATE utf8_unicode_ci NOT NULL,
  PRIMARY KEY (`id`),
  KEY `IDX_9665298321B06187` (`product_class_id`),
  KEY `IDX_9665298362D643B7` (`attribute_group_id`),
  KEY `IDX_966529834584665A` (`product_id`),
  CONSTRAINT `FK_966529834584665A` FOREIGN KEY (`product_id`) REFERENCES `xlite_products` (`product_id`) ON DELETE CASCADE,
  CONSTRAINT `FK_9665298321B06187` FOREIGN KEY (`product_class_id`) REFERENCES `xlite_product_classes` (`id`) ON DELETE CASCADE,
  CONSTRAINT `FK_9665298362D643B7` FOREIGN KEY (`attribute_group_id`) REFERENCES `xlite_attribute_groups` (`id`) ON DELETE SET NULL
) ENGINE=InnoDB DEFAULT CHARSET=utf8 COLLATE=utf8_unicode_ci;
INSERT INTO `xlite_attributes` VALUES (1,1,NULL,NULL,1,0,0,'S',''),(50,NULL,NULL,NULL,1,0,0,'S',''),(56,NULL,NULL,7,1,0,0,'S',''),(58,NULL,NULL,9,1,0,0,'S',''),(61,NULL,NULL,13,1,0,0,'S',''),(62,NULL,NULL,16,1,0,0,'C',''),(63,NULL,NULL,16,1,0,0,'C',''),(64,NULL,NULL,16,1,0,0,'C',''),(65,NULL,NULL,16,1,0,0,'C',''),(66,NULL,NULL,31,1,0,0,'C',''),(67,NULL,NULL,31,1,0,0,'C',''),(68,NULL,NULL,31,1,0,0,'C',''),(69,NULL,NULL,32,1,0,0,'S',''),(70,NULL,NULL,40,1,0,0,'S',''),(71,2,NULL,NULL,1,0,0,'S',''),(72,2,NULL,NULL,1,0,0,'S',''),(73,2,NULL,NULL,1,0,0,'S',''),(74,2,NULL,NULL,0,0,0,'S',''),(75,2,1,NULL,1,0,0,'S',''),(76,2,1,NULL,1,0,0,'S',''),(77,2,1,NULL,1,0,0,'S',''),(78,2,3,NULL,0,0,0,'S',''),(79,2,3,NULL,0,0,0,'S',''),(80,2,3,NULL,0,0,0,'S',''),(81,2,3,NULL,0,0,0,'S',''),(82,2,3,NULL,0,0,0,'S',''),(83,2,2,NULL,1,0,0,'S',''),(84,2,2,NULL,1,0,0,'S',''),(85,2,2,NULL,0,0,0,'S',''),(86,2,2,NULL,1,0,0,'C',''),(87,NULL,NULL,4,1,0,0,'S','');
CREATE TABLE `xlite_banner_rotation_image` (
  `id` int(10) unsigned NOT NULL AUTO_INCREMENT,
  `banner_rotation_slide_id` int(10) unsigned DEFAULT NULL,
  `alt` varchar(255) COLLATE utf8_unicode_ci NOT NULL,
  `width` int(11) NOT NULL,
  `height` int(11) NOT NULL,
  `hash` char(32) COLLATE utf8_unicode_ci DEFAULT NULL,
  `needProcess` tinyint(1) NOT NULL,
  `path` varchar(512) COLLATE utf8_unicode_ci NOT NULL,
  `fileName` varchar(255) COLLATE utf8_unicode_ci NOT NULL,
  `mime` varchar(128) COLLATE utf8_unicode_ci NOT NULL,
  `storageType` varchar(1) COLLATE utf8_unicode_ci NOT NULL,
  `size` int(10) unsigned NOT NULL,
  `date` int(10) unsigned NOT NULL,
  PRIMARY KEY (`id`),
  UNIQUE KEY `UNIQ_BDC50932217A8232` (`banner_rotation_slide_id`),
  CONSTRAINT `FK_BDC50932217A8232` FOREIGN KEY (`banner_rotation_slide_id`) REFERENCES `xlite_banner_rotation_slide` (`id`) ON DELETE CASCADE
) ENGINE=InnoDB DEFAULT CHARSET=utf8 COLLATE=utf8_unicode_ci;
INSERT INTO `xlite_banner_rotation_image` VALUES (1,1,'Apparel',4000,920,NULL,1,'banner_apparel_2x.jpg','','image/jpeg','r',0,1469800915),(2,2,'Toys',4000,920,NULL,1,'banner_toys_2x.jpg','','image/jpeg','r',0,1469800915);
CREATE TABLE `xlite_banner_rotation_slide` (
  `id` int(10) unsigned NOT NULL AUTO_INCREMENT,
  `enabled` tinyint(1) NOT NULL,
  `link` varchar(255) COLLATE utf8_unicode_ci NOT NULL,
  `position` int(11) NOT NULL,
  PRIMARY KEY (`id`)
) ENGINE=InnoDB DEFAULT CHARSET=utf8 COLLATE=utf8_unicode_ci;
INSERT INTO `xlite_banner_rotation_slide` VALUES (1,1,'cart.php?target=category&category_id=4',20),(2,1,'cart.php?target=category&category_id=5',10);
CREATE TABLE `xlite_capost_delivery_service_options` (
  `id` int(10) unsigned NOT NULL AUTO_INCREMENT,
  `code` varchar(255) COLLATE utf8_unicode_ci NOT NULL,
  `name` varchar(255) COLLATE utf8_unicode_ci NOT NULL,
  `mandatory` tinyint(1) NOT NULL,
  `qualifierRequired` tinyint(1) NOT NULL,
  `qualifierMax` decimal(14,4) DEFAULT NULL,
  `serviceId` int(10) unsigned DEFAULT NULL,
  PRIMARY KEY (`id`),
  KEY `IDX_85C93F5589697FA8` (`serviceId`),
  CONSTRAINT `FK_85C93F5589697FA8` FOREIGN KEY (`serviceId`) REFERENCES `xlite_capost_delivery_services` (`id`) ON DELETE CASCADE
) ENGINE=InnoDB DEFAULT CHARSET=utf8 COLLATE=utf8_unicode_ci;
CREATE TABLE `xlite_capost_delivery_services` (
  `id` int(10) unsigned NOT NULL AUTO_INCREMENT,
  `code` varchar(32) COLLATE utf8_unicode_ci NOT NULL,
  `countryCode` varchar(2) COLLATE utf8_unicode_ci NOT NULL,
  `name` varchar(255) COLLATE utf8_unicode_ci NOT NULL,
  `expiry` int(10) unsigned NOT NULL,
  `maxWeight` int(11) NOT NULL,
  `minWeight` int(11) NOT NULL,
  `maxLength` decimal(11,1) NOT NULL,
  `minLength` decimal(11,1) NOT NULL,
  `maxWidth` decimal(11,1) NOT NULL,
  `minWidth` decimal(11,1) NOT NULL,
  `maxHeight` decimal(11,1) NOT NULL,
  `minHeight` decimal(11,1) NOT NULL,
  `lengthPlusGirthMax` decimal(11,1) DEFAULT NULL,
  `lengthHeightWidthSumMax` decimal(11,1) DEFAULT NULL,
  `oversizeLimit` decimal(11,1) DEFAULT NULL,
  `densityFactor` int(11) DEFAULT NULL,
  `canShipInMailingTube` tinyint(1) NOT NULL,
  `canShipUnpackaged` tinyint(1) NOT NULL,
  `allowedAsReturnService` tinyint(1) NOT NULL,
  PRIMARY KEY (`id`),
  UNIQUE KEY `code_country` (`code`,`countryCode`)
) ENGINE=InnoDB DEFAULT CHARSET=utf8 COLLATE=utf8_unicode_ci;
CREATE TABLE `xlite_capost_return_items` (
  `id` int(11) NOT NULL AUTO_INCREMENT,
  `amount` int(10) unsigned NOT NULL,
  `returnId` int(10) unsigned DEFAULT NULL,
  `orderItemId` int(11) DEFAULT NULL,
  PRIMARY KEY (`id`),
  KEY `IDX_32022371B43D59E` (`returnId`),
  KEY `IDX_3202237BBF22A26` (`orderItemId`),
  CONSTRAINT `FK_3202237BBF22A26` FOREIGN KEY (`orderItemId`) REFERENCES `xlite_order_items` (`item_id`) ON DELETE CASCADE,
  CONSTRAINT `FK_32022371B43D59E` FOREIGN KEY (`returnId`) REFERENCES `xlite_capost_returns` (`id`) ON DELETE CASCADE
) ENGINE=InnoDB DEFAULT CHARSET=utf8 COLLATE=utf8_unicode_ci;
CREATE TABLE `xlite_capost_return_link_storage` (
  `id` int(10) unsigned NOT NULL AUTO_INCREMENT,
  `path` varchar(512) COLLATE utf8_unicode_ci NOT NULL,
  `fileName` varchar(255) COLLATE utf8_unicode_ci NOT NULL,
  `mime` varchar(128) COLLATE utf8_unicode_ci NOT NULL,
  `storageType` varchar(1) COLLATE utf8_unicode_ci NOT NULL,
  `size` int(10) unsigned NOT NULL,
  `date` int(10) unsigned NOT NULL,
  `linkId` int(11) DEFAULT NULL,
  PRIMARY KEY (`id`),
  UNIQUE KEY `UNIQ_784CAF87AEC98E42` (`linkId`),
  CONSTRAINT `FK_784CAF87AEC98E42` FOREIGN KEY (`linkId`) REFERENCES `xlite_capost_return_links` (`id`) ON DELETE CASCADE
) ENGINE=InnoDB DEFAULT CHARSET=utf8 COLLATE=utf8_unicode_ci;
CREATE TABLE `xlite_capost_return_links` (
  `id` int(11) NOT NULL AUTO_INCREMENT,
  `rel` varchar(255) COLLATE utf8_unicode_ci NOT NULL,
  `href` varchar(255) COLLATE utf8_unicode_ci NOT NULL,
  `idx` int(11) DEFAULT NULL,
  `mediaType` varchar(255) COLLATE utf8_unicode_ci NOT NULL,
  `returnId` int(10) unsigned DEFAULT NULL,
  PRIMARY KEY (`id`),
  KEY `IDX_33BC6A621B43D59E` (`returnId`),
  CONSTRAINT `FK_33BC6A621B43D59E` FOREIGN KEY (`returnId`) REFERENCES `xlite_capost_returns` (`id`) ON DELETE CASCADE
) ENGINE=InnoDB DEFAULT CHARSET=utf8 COLLATE=utf8_unicode_ci;
CREATE TABLE `xlite_capost_returns` (
  `id` int(10) unsigned NOT NULL AUTO_INCREMENT,
  `status` char(2) COLLATE utf8_unicode_ci NOT NULL,
  `date` int(10) unsigned NOT NULL,
  `lastRenewDate` int(11) NOT NULL,
  `notes` longtext COLLATE utf8_unicode_ci NOT NULL,
  `adminNotes` longtext COLLATE utf8_unicode_ci NOT NULL,
  `trackingPin` varchar(16) COLLATE utf8_unicode_ci DEFAULT NULL,
  `orderId` int(11) DEFAULT NULL,
  PRIMARY KEY (`id`),
  KEY `IDX_A90646B3FA237437` (`orderId`),
  KEY `date` (`date`),
  KEY `status` (`status`),
  CONSTRAINT `FK_A90646B3FA237437` FOREIGN KEY (`orderId`) REFERENCES `xlite_orders` (`order_id`) ON DELETE CASCADE
) ENGINE=InnoDB DEFAULT CHARSET=utf8 COLLATE=utf8_unicode_ci;
CREATE TABLE `xlite_categories` (
  `category_id` int(10) unsigned NOT NULL AUTO_INCREMENT,
  `parent_id` int(10) unsigned DEFAULT NULL,
  `useClasses` char(1) COLLATE utf8_unicode_ci NOT NULL,
  `ogMeta` longtext COLLATE utf8_unicode_ci NOT NULL,
  `useCustomOG` tinyint(1) NOT NULL,
  `lpos` int(11) NOT NULL,
  `rpos` int(11) NOT NULL,
  `enabled` tinyint(1) NOT NULL,
  `show_title` tinyint(1) NOT NULL,
  `depth` int(11) NOT NULL,
  `pos` int(11) NOT NULL,
  `root_category_look` varchar(32) COLLATE utf8_unicode_ci DEFAULT NULL,
  `metaDescType` varchar(1) COLLATE utf8_unicode_ci NOT NULL,
  `xcPendingExport` tinyint(1) NOT NULL,
  `lastUsage` int(11) NOT NULL,
  PRIMARY KEY (`category_id`),
  KEY `IDX_9D0DF19B727ACA70` (`parent_id`),
  KEY `lpos` (`lpos`),
  KEY `rpos` (`rpos`),
  KEY `enabled` (`enabled`),
  CONSTRAINT `FK_9D0DF19B727ACA70` FOREIGN KEY (`parent_id`) REFERENCES `xlite_categories` (`category_id`) ON DELETE SET NULL
) ENGINE=InnoDB DEFAULT CHARSET=utf8 COLLATE=utf8_unicode_ci;
INSERT INTO `xlite_categories` VALUES (1,NULL,'A','',0,1,16,1,0,-1,0,'icons','A',0,0),(2,1,'A','',0,14,15,1,0,0,10,NULL,'A',0,0),(3,1,'A','',0,12,13,0,1,0,20,NULL,'A',0,0),(4,1,'A','',0,10,11,1,0,0,30,NULL,'A',0,0),(5,1,'A','',0,2,9,1,0,0,40,NULL,'A',0,0),(6,5,'A','',0,7,8,1,1,1,10,NULL,'A',0,0),(7,5,'A','',0,5,6,1,1,1,20,NULL,'A',0,0),(8,5,'A','',0,3,4,1,1,1,30,NULL,'A',0,0);
CREATE TABLE `xlite_category_banners` (
  `id` int(10) unsigned NOT NULL AUTO_INCREMENT,
  `category_id` int(10) unsigned DEFAULT NULL,
  `alt` varchar(255) COLLATE utf8_unicode_ci NOT NULL,
  `width` int(11) NOT NULL,
  `height` int(11) NOT NULL,
  `hash` char(32) COLLATE utf8_unicode_ci DEFAULT NULL,
  `needProcess` tinyint(1) NOT NULL,
  `path` varchar(512) COLLATE utf8_unicode_ci NOT NULL,
  `fileName` varchar(255) COLLATE utf8_unicode_ci NOT NULL,
  `mime` varchar(128) COLLATE utf8_unicode_ci NOT NULL,
  `storageType` varchar(1) COLLATE utf8_unicode_ci NOT NULL,
  `size` int(10) unsigned NOT NULL,
  `date` int(10) unsigned NOT NULL,
  PRIMARY KEY (`id`),
  UNIQUE KEY `UNIQ_69B8F0D412469DE2` (`category_id`),
  CONSTRAINT `FK_69B8F0D412469DE2` FOREIGN KEY (`category_id`) REFERENCES `xlite_categories` (`category_id`) ON DELETE CASCADE
) ENGINE=InnoDB DEFAULT CHARSET=utf8 COLLATE=utf8_unicode_ci;
INSERT INTO `xlite_category_banners` VALUES (1,2,'',2720,800,NULL,1,'banner_igoods_clean.jpg','','image/jpeg','r',125253,1394109447),(2,3,'',2720,800,NULL,1,'banner_igoods_clean.jpg','','image/jpeg','r',125253,1394109447),(3,4,'',2720,800,NULL,1,'banner_apparel_clean.jpg','','image/jpeg','r',122998,1394109447),(4,5,'',2720,800,NULL,1,'banner_toys_clean.jpg','','image/jpeg','r',124298,1394109447);
CREATE TABLE `xlite_category_class_links` (
  `category_id` int(10) unsigned NOT NULL,
  `class_id` int(10) unsigned NOT NULL,
  PRIMARY KEY (`category_id`,`class_id`),
  KEY `IDX_3F5DB31312469DE2` (`category_id`),
  KEY `IDX_3F5DB313EA000B10` (`class_id`),
  CONSTRAINT `FK_3F5DB313EA000B10` FOREIGN KEY (`class_id`) REFERENCES `xlite_product_classes` (`id`) ON DELETE CASCADE,
  CONSTRAINT `FK_3F5DB31312469DE2` FOREIGN KEY (`category_id`) REFERENCES `xlite_categories` (`category_id`) ON DELETE CASCADE
) ENGINE=InnoDB DEFAULT CHARSET=utf8 COLLATE=utf8_unicode_ci;
CREATE TABLE `xlite_category_images` (
  `id` int(10) unsigned NOT NULL AUTO_INCREMENT,
  `category_id` int(10) unsigned DEFAULT NULL,
  `alt` varchar(255) COLLATE utf8_unicode_ci NOT NULL,
  `width` int(11) NOT NULL,
  `height` int(11) NOT NULL,
  `hash` char(32) COLLATE utf8_unicode_ci DEFAULT NULL,
  `needProcess` tinyint(1) NOT NULL,
  `path` varchar(512) COLLATE utf8_unicode_ci NOT NULL,
  `fileName` varchar(255) COLLATE utf8_unicode_ci NOT NULL,
  `mime` varchar(128) COLLATE utf8_unicode_ci NOT NULL,
  `storageType` varchar(1) COLLATE utf8_unicode_ci NOT NULL,
  `size` int(10) unsigned NOT NULL,
  `date` int(10) unsigned NOT NULL,
  PRIMARY KEY (`id`),
  UNIQUE KEY `UNIQ_3EDA5C4B12469DE2` (`category_id`),
  CONSTRAINT `FK_3EDA5C4B12469DE2` FOREIGN KEY (`category_id`) REFERENCES `xlite_categories` (`category_id`) ON DELETE CASCADE
) ENGINE=InnoDB DEFAULT CHARSET=utf8 COLLATE=utf8_unicode_ci;
INSERT INTO `xlite_category_images` VALUES (1,2,'',434,555,NULL,1,'igoods.png','','image/png','r',265767,1394109447),(2,3,'',434,555,NULL,1,'igoods.png','','image/png','r',265767,1394109447),(3,4,'',600,640,NULL,1,'1814_star_trek_command_cycle_jersey.jpeg','','image/jpeg','r',56283,1278412215),(4,5,'',600,590,NULL,1,'ijrm_back_to_the_future_vinyl_idols.png','','image/png','r',276157,1469800914),(5,6,'',600,590,NULL,1,'ijrm_back_to_the_future_vinyl_idols.png','','image/png','r',276157,1469800914),(6,7,'',600,481,NULL,1,'ivvg_beer_briefcase_1.jpeg','','image/jpeg','r',54394,1469800914),(7,8,'',600,600,NULL,1,'17f0_3d_bmo_mug_1.jpeg','','image/jpeg','r',38929,1469800914);
CREATE TABLE `xlite_category_membership_links` (
  `category_id` int(10) unsigned NOT NULL,
  `membership_id` int(10) unsigned NOT NULL,
  PRIMARY KEY (`category_id`,`membership_id`),
  KEY `IDX_A0AA75DD12469DE2` (`category_id`),
  KEY `IDX_A0AA75DD1FB354CD` (`membership_id`),
  CONSTRAINT `FK_A0AA75DD1FB354CD` FOREIGN KEY (`membership_id`) REFERENCES `xlite_memberships` (`membership_id`) ON DELETE CASCADE,
  CONSTRAINT `FK_A0AA75DD12469DE2` FOREIGN KEY (`category_id`) REFERENCES `xlite_categories` (`category_id`) ON DELETE CASCADE
) ENGINE=InnoDB DEFAULT CHARSET=utf8 COLLATE=utf8_unicode_ci;
CREATE TABLE `xlite_category_products` (
  `id` int(10) unsigned NOT NULL AUTO_INCREMENT,
  `category_id` int(10) unsigned DEFAULT NULL,
  `product_id` int(10) unsigned DEFAULT NULL,
  `orderby` int(11) NOT NULL,
  PRIMARY KEY (`id`),
  UNIQUE KEY `pair` (`category_id`,`product_id`),
  KEY `IDX_7121122812469DE2` (`category_id`),
  KEY `IDX_712112284584665A` (`product_id`),
  KEY `orderby` (`orderby`),
  CONSTRAINT `FK_712112284584665A` FOREIGN KEY (`product_id`) REFERENCES `xlite_products` (`product_id`) ON DELETE CASCADE,
  CONSTRAINT `FK_7121122812469DE2` FOREIGN KEY (`category_id`) REFERENCES `xlite_categories` (`category_id`) ON DELETE CASCADE
) ENGINE=InnoDB DEFAULT CHARSET=utf8 COLLATE=utf8_unicode_ci;
INSERT INTO `xlite_category_products` VALUES (1,2,37,10),(2,2,41,20),(3,2,42,30),(4,3,39,10),(5,3,36,20),(6,3,34,30),(7,3,32,40),(8,3,31,50),(9,3,29,60),(10,3,28,70),(11,3,33,80),(12,3,35,90),(13,3,30,100),(14,3,40,110),(15,3,38,120),(16,4,1,0),(17,4,9,0),(18,4,8,0),(19,4,7,0),(20,4,6,0),(21,4,5,0),(22,4,4,0),(23,4,3,0),(24,4,2,0),(25,4,10,0),(26,6,11,0),(27,6,12,0),(28,6,13,0),(29,6,14,0),(30,6,15,0),(31,6,16,0),(32,6,17,0),(33,6,18,0),(34,7,19,0),(35,7,20,0),(36,7,21,0),(37,7,22,0),(38,7,23,0),(39,7,24,0),(40,8,25,0),(41,8,26,0),(42,8,27,0);
CREATE TABLE `xlite_category_quick_flags` (
  `id` int(10) unsigned NOT NULL AUTO_INCREMENT,
  `category_id` int(10) unsigned DEFAULT NULL,
  `subcategories_count_all` int(11) NOT NULL,
  `subcategories_count_enabled` int(11) NOT NULL,
  PRIMARY KEY (`id`),
  UNIQUE KEY `UNIQ_5BA9C50312469DE2` (`category_id`),
  CONSTRAINT `FK_5BA9C50312469DE2` FOREIGN KEY (`category_id`) REFERENCES `xlite_categories` (`category_id`) ON DELETE CASCADE
) ENGINE=InnoDB DEFAULT CHARSET=utf8 COLLATE=utf8_unicode_ci;
INSERT INTO `xlite_category_quick_flags` VALUES (1,1,4,3),(2,2,0,0),(3,3,0,0),(4,4,0,0),(5,5,3,3),(6,6,0,0),(7,7,0,0),(8,8,0,0);
CREATE TABLE `xlite_category_translations` (
  `label_id` int(11) NOT NULL AUTO_INCREMENT,
  `id` int(10) unsigned DEFAULT NULL,
  `name` varchar(255) COLLATE utf8_unicode_ci NOT NULL,
  `description` longtext COLLATE utf8_unicode_ci NOT NULL,
  `metaTags` varchar(255) COLLATE utf8_unicode_ci NOT NULL,
  `metaDesc` longtext COLLATE utf8_unicode_ci NOT NULL,
  `metaTitle` varchar(255) COLLATE utf8_unicode_ci NOT NULL,
  `code` char(2) COLLATE utf8_unicode_ci NOT NULL,
  PRIMARY KEY (`label_id`),
  KEY `ci` (`code`,`id`),
  KEY `id` (`id`),
  CONSTRAINT `FK_9ED79EA5BF396750` FOREIGN KEY (`id`) REFERENCES `xlite_categories` (`category_id`) ON DELETE CASCADE
) ENGINE=InnoDB DEFAULT CHARSET=utf8 COLLATE=utf8_unicode_ci;
INSERT INTO `xlite_category_translations` VALUES (1,1,'Catalog','<h1>Welcome to X-Cart Demo Store!</h1><p>It illustrates operation and features of X-Cart - all-in-one eCommerce solution for swift and easy launch of a professional online store. Orders placed here cannot be fulfilled as all the sample products listed in this store are for demonstration and testing purposes only.</p>','','','','en'),(2,2,'iGoods - Product Filter','','','','','en'),(3,3,'Electronics','','','','','en'),(4,4,'Apparel','','','','','en'),(5,5,'Toys','','','','','en'),(6,6,'Geek toys','','','','','en'),(7,7,'Office Pranks','','','','','en'),(8,8,'Home &amp; office','','','','','en');
CREATE TABLE `xlite_clean_urls` (
  `id` int(10) unsigned NOT NULL AUTO_INCREMENT,
  `news_message_id` int(10) unsigned DEFAULT NULL,
  `page_id` int(10) unsigned DEFAULT NULL,
  `product_id` int(10) unsigned DEFAULT NULL,
  `category_id` int(10) unsigned DEFAULT NULL,
  `cleanURL` varchar(255) COLLATE utf8_unicode_ci DEFAULT NULL,
  PRIMARY KEY (`id`),
  KEY `IDX_F2542545BF05C450` (`news_message_id`),
  KEY `IDX_F2542545C4663E4` (`page_id`),
  KEY `IDX_F25425454584665A` (`product_id`),
  KEY `IDX_F254254512469DE2` (`category_id`),
  KEY `cleanURL` (`cleanURL`),
  CONSTRAINT `FK_F254254512469DE2` FOREIGN KEY (`category_id`) REFERENCES `xlite_categories` (`category_id`),
  CONSTRAINT `FK_F25425454584665A` FOREIGN KEY (`product_id`) REFERENCES `xlite_products` (`product_id`),
  CONSTRAINT `FK_F2542545BF05C450` FOREIGN KEY (`news_message_id`) REFERENCES `xlite_news` (`id`),
  CONSTRAINT `FK_F2542545C4663E4` FOREIGN KEY (`page_id`) REFERENCES `xlite_pages` (`id`)
) ENGINE=InnoDB DEFAULT CHARSET=utf8 COLLATE=utf8_unicode_ci;
INSERT INTO `xlite_clean_urls` VALUES (1,NULL,1,NULL,NULL,'terms-and-conditions.html'),(2,NULL,2,NULL,NULL,'shipping.html'),(3,NULL,NULL,1,NULL,'mordorable-fitted-ladies-tee.html'),(4,NULL,NULL,2,NULL,'octopus-cardigan.html'),(5,NULL,NULL,3,NULL,'spiderman-selfie-ladies-tee.html'),(6,NULL,NULL,4,NULL,'star-wars-tissue-weight-fitted-ladies-tee.html'),(7,NULL,NULL,5,NULL,'wonder-woman-hockey-stripe-ladies-tee.html'),(8,NULL,NULL,6,NULL,'star-trek-command-cycle-jersey.html'),(9,NULL,NULL,7,NULL,'star-trek-uniform-polos.html'),(10,NULL,NULL,8,NULL,'bow-ties-are-cool.html'),(11,NULL,NULL,9,NULL,'star-trek-tng-uniform-tee.html'),(12,NULL,NULL,10,NULL,'ewok-ladies-hooded-tank-top.html'),(13,NULL,NULL,11,NULL,'dota-2-series-3-micro-plush-blind-box.html'),(14,NULL,NULL,12,NULL,'minions-pop-vinyl-figures.html'),(15,NULL,NULL,13,NULL,'vinyl-idolz-ghostbusters.html'),(16,NULL,NULL,14,NULL,'dota-2-sniper-plush.html'),(17,NULL,NULL,15,NULL,'soft-kitty-singing-plush.html'),(18,NULL,NULL,16,NULL,'avengers-age-of-ultron-fabrikations-plush.html'),(19,NULL,NULL,17,NULL,'ollie-the-app-controlled-robot.html'),(20,NULL,NULL,18,NULL,'powerup-r-3-0-smartphone-controlled-paper-airplane.html'),(21,NULL,NULL,19,NULL,'chocolate-covered-edible-bugs-gift-pack.html'),(22,NULL,NULL,20,NULL,'canned-unicorn-meat.html'),(23,NULL,NULL,21,NULL,'the-thinkgeek-annoy-a-tron.html'),(24,NULL,NULL,22,NULL,'legendary-hero-8-bit-heart-bouquet.html'),(25,NULL,NULL,23,NULL,'executive-building-brick-set-chrome-.html'),(26,NULL,NULL,24,NULL,'blizzard-diablo-goblin-bank-with-sound.html'),(27,NULL,NULL,25,NULL,'ghostbusters-stay-puft-marshmallow-face-mug.html'),(28,NULL,NULL,26,NULL,'build-on-brick-mug.html'),(29,NULL,NULL,27,NULL,'superhero-mom-mug.html'),(30,NULL,NULL,28,NULL,'olloclip-iphone-macro-3-in-1-lens-system.html'),(31,NULL,NULL,29,NULL,'gunnar-vayper-gaming-glasses.html'),(32,NULL,NULL,30,NULL,'astro-a50-halo-edition.html'),(33,NULL,NULL,31,NULL,'cup-of-mojo-bluetooth-speaker.html'),(34,NULL,NULL,32,NULL,'jbl-pebbles-pc-speakers.html'),(35,NULL,NULL,33,NULL,'bright-idea-usb-powered-light-bulb.html'),(36,NULL,NULL,34,NULL,'mj-technology-android-tablet-with-built-in-hdtv-tuner.html'),(37,NULL,NULL,35,NULL,'bactrack-vio-bluetooth-app-enabled-breathalyzer.html'),(38,NULL,NULL,36,NULL,'coffee-cup-power-inverter-v2-0.html'),(39,NULL,NULL,37,NULL,'apple-iphone-6-16gb.html'),(40,NULL,NULL,38,NULL,'canon-ef-24-105mm-f-4l-is-usm.html'),(41,NULL,NULL,39,NULL,'apple-watch-sport-42mm-with-sport-band.html'),(42,NULL,NULL,40,NULL,'astro-a30-system.html'),(43,NULL,NULL,41,NULL,'apple-iphone-6-plus-options-amp-attributes-.html'),(44,NULL,NULL,42,NULL,'apple-iphone-5s.html'),(45,NULL,NULL,NULL,2,'igoods'),(46,NULL,NULL,NULL,3,'electronics'),(47,NULL,NULL,NULL,4,'apparel'),(48,NULL,NULL,NULL,5,'toys'),(49,NULL,NULL,NULL,6,'geek-toys'),(50,NULL,NULL,NULL,7,'office-pranks-and-cube-warfare'),(51,NULL,NULL,NULL,8,'home-and-office');
CREATE TABLE `xlite_config` (
  `config_id` int(11) NOT NULL AUTO_INCREMENT,
  `name` varchar(32) COLLATE utf8_unicode_ci NOT NULL,
  `category` varchar(64) COLLATE utf8_unicode_ci NOT NULL,
  `type` varchar(128) COLLATE utf8_unicode_ci NOT NULL,
  `orderby` int(11) NOT NULL,
  `value` longtext COLLATE utf8_unicode_ci NOT NULL,
  `widgetParameters` longtext COLLATE utf8_unicode_ci COMMENT '(DC2Type:array)',
  PRIMARY KEY (`config_id`),
  UNIQUE KEY `nc` (`name`,`category`),
  KEY `orderby` (`orderby`),
  KEY `type` (`type`)
) ENGINE=InnoDB DEFAULT CHARSET=utf8 COLLATE=utf8_unicode_ci;
INSERT INTO `xlite_config` VALUES (1,'admin_presentation','General','separator',40000,'','N;'),(2,'admin_security','Security','checkbox',1000,'N','N;'),(3,'anonymous','Shipping','separator',3000,'','N;'),(4,'anonymous_address','Shipping','text',4000,'','N;'),(5,'anonymous_country','Shipping','country',5000,'US','N;'),(6,'anonymous_state','Shipping','state',6000,'562','N;'),(7,'anonymous_custom_state','Shipping','text',7000,'','N;'),(8,'anonymous_city','Shipping','text',8000,'Los Angeles','N;'),(9,'anonymous_zipcode','Shipping','text',9000,'90001','N;'),(10,'anonymous_address_type','Shipping','\\XLite\\View\\FormField\\Select\\AddressType',10000,'R','N;'),(11,'aggregate_css','Performance','checkbox',2000,'Y','N;'),(12,'aggregate_js','Performance','checkbox',3000,'Y','N;'),(13,'use_view_cache','Performance','checkbox',4000,'Y','N;'),(14,'use_dynamic_image_resizing','Performance','checkbox',5000,'N','N;'),(15,'layout_type','Layout','XLite\\View\\FormField\\Select\\LayoutType',1000,'left','N;'),(16,'cli_key','Security','',11000,'','N;'),(17,'company_address','Company','separator',38500,'','N;'),(18,'company_contacts','Company','separator',45500,'','N;'),(19,'company_fax','Company','XLite\\View\\FormField\\Input\\Text\\Phone',42000,'(555) 555-5555','N;'),(20,'company_identity','Company','separator',35000,'','N;'),(21,'company_name','Company','text',36000,'*Your company name*','N;'),(22,'company_website','Company','text',37000,'','N;'),(23,'terms_url','General','text',38000,'terms-and-conditions.html','N;'),(24,'customer_presentation','General','separator',20000,'','N;'),(25,'customer_security','Security','checkbox',0,'N','N;'),(26,'date_format','Units','XLite\\View\\FormField\\Select\\DateFormat',66000,'%b %e, %Y','N;'),(27,'csv_delim','Units','XLite\\View\\FormField\\Select\\CSVDelimiter',70000,',','N;'),(28,'export_import_charset','Units','XLite\\View\\FormField\\Select\\IconvCharset',72500,'UTF-8','N;'),(29,'default_language','General','',33000,'en','N;'),(30,'default_admin_language','General','',33500,'en','N;'),(31,'default_offline_payment','Payments','text',0,'','N;'),(32,'default_purchase_limit','General','XLite\\View\\FormField\\Input\\Text\\Integer',29300,'9999','a:1:{s:3:\"min\";i:1;}'),(33,'default_select_payment','Payments','text',0,'','N;'),(34,'display_check_number','General','checkbox',21500,'Y','N;'),(35,'show_out_of_stock_products','General','XLite\\View\\FormField\\Select\\ShowOutOfStockProducts',20000,'directLink','N;'),(36,'default_prod_display_mode','General','XLite\\View\\FormField\\Select\\DefaultDisplayModeForProductsList',25000,'grid','N;'),(37,'license','License','text',0,'','N;'),(38,'location_address','Company','text',39000,'*Your company address*','N;'),(39,'location_country','Company','country',40000,'US','a:1:{s:9:\"selectOne\";b:0;}'),(40,'location_state','Company','state',41000,'591','N;'),(41,'location_custom_state','Company','text',41500,'','N;'),(42,'location_city','Company','text',42000,'New York','N;'),(43,'location_zipcode','Company','text',43000,'10001','N;'),(44,'origin_use_company','Company','checkbox',38000,'1','N;'),(45,'origin_address','Company','text',39000,'','N;'),(46,'origin_country','Company','country',40000,'US','a:1:{s:9:\"selectOne\";b:0;}'),(47,'origin_state','Company','state',41000,'','N;'),(48,'origin_custom_state','Company','text',41500,'','N;'),(49,'origin_city','Company','text',42000,'','N;'),(50,'origin_zipcode','Company','text',43000,'','N;'),(51,'company_phone','Company','XLite\\View\\FormField\\Input\\Text\\Phone',44000,'(555) 555-5555','N;'),(52,'login_lifetime','General','XLite\\View\\FormField\\Input\\Text\\Integer',45000,'3','a:1:{s:3:\"min\";i:1;}'),(53,'maximal_order_amount','General','XLite\\View\\FormField\\Input\\Text\\FloatInput',29000,'99999','a:1:{s:3:\"min\";i:1;}'),(54,'minimal_order_amount','General','XLite\\View\\FormField\\Input\\Text\\FloatInput',28000,'0','a:1:{s:3:\"min\";i:0;}'),(55,'order_number_counter','General','XLite\\View\\FormField\\Input\\Text\\Integer',39000,'5','N;'),(56,'cart_ttl','General','XLite\\View\\FormField\\Input\\Text\\Integer',39500,'7','N;'),(57,'internal_cron_enabled','General','checkbox',39800,'Y','N;'),(58,'orders_department','Company','XLite\\View\\FormField\\Input\\Text\\Email',48000,'bit-bucket@x-cart.com','N;'),(59,'orders_per_page','General','XLite\\View\\FormField\\Input\\Text\\Integer',43000,'30','a:1:{s:3:\"min\";i:1;}'),(60,'products_per_page','General','XLite\\View\\FormField\\Input\\Text\\Integer',25000,'12','a:1:{s:3:\"min\";i:1;}'),(61,'products_per_page_max','General','XLite\\View\\FormField\\Input\\Text\\Integer',25000,'100','a:1:{s:3:\"min\";i:1;}'),(62,'products_per_page_admin','General','XLite\\View\\FormField\\Input\\Text\\Integer',41000,'10','a:1:{s:3:\"min\";i:1;}'),(63,'recent_orders','General','XLite\\View\\FormField\\Input\\Text\\Integer',44000,'10','a:1:{s:3:\"min\";i:1;}'),(64,'force_choose_product_options','General','checkbox',29900,'N','N;'),(65,'redirect_to_cart','General','checkbox',30000,'N','N;'),(66,'shop_closed','Internal','checkbox',11000,'N','N;'),(67,'shop_currency','General','',60500,'840','N;'),(68,'trailing_zeroes','General','',60500,'0','N;'),(69,'site_administrator','Company','XLite\\View\\FormField\\Input\\Text\\Email',46000,'bit-bucket@x-cart.com','N;'),(70,'smtp_password','Email','XLite\\View\\FormField\\Input\\PasswordWithValue',16000,'','N;'),(71,'smtp_security','Email','XLite\\View\\FormField\\Select\\SMTPSecurity',17000,'no','N;'),(72,'smtp_server','Email','separator',10000,'','N;'),(73,'smtp_server_port','Email','XLite\\View\\FormField\\Input\\Text\\Integer',13000,'25','a:2:{s:3:\"min\";i:0;s:3:\"max\";i:65535;}'),(74,'smtp_server_url','Email','text',12000,'','N;'),(75,'smtp_username','Email','text',15000,'','N;'),(76,'start_year','Company','XLite\\View\\FormField\\Input\\Text\\PastYear',38000,'2016','N;'),(77,'subcategories_look','General','XLite\\View\\FormField\\Select\\SubcategoriesLook',22000,'icons','N;'),(78,'default_products_sort_order','General','XLite\\View\\FormField\\Select\\DefaultProductSortOrder',22500,'default','N;'),(79,'default_search_sort_order','General','XLite\\View\\FormField\\Select\\DefaultProductSortOrder',22501,'default','N;'),(80,'support_department','Company','XLite\\View\\FormField\\Input\\Text\\Email',49000,'bit-bucket@x-cart.com','N;'),(81,'time_format','Units','XLite\\View\\FormField\\Select\\TimeFormat',67000,'%H:%M','N;'),(82,'time_zone','Units','XLite\\View\\FormField\\Select\\TimeZone',68000,'','N;'),(83,'users_department','Company','XLite\\View\\FormField\\Input\\Text\\Email',47000,'bit-bucket@x-cart.com','N;'),(84,'users_per_page','General','XLite\\View\\FormField\\Input\\Text\\Integer',42000,'30','a:1:{s:3:\"min\";i:1;}'),(85,'use_smtp','Email','checkbox',11000,'N','N;'),(86,'use_smtp_auth','Email','checkbox',14000,'N','N;'),(87,'version','Version','',0,'5.3.1','N;'),(88,'weight_symbol','Units','text',62000,'lbs','N;'),(89,'weight_unit','Units','XLite\\View\\FormField\\Select\\WeightUnit',61000,'lbs','N;'),(90,'weight_trailing_zeroes','Units','checkbox',62100,'Y','N;'),(91,'weight_format','Units','XLite\\View\\FormField\\Select\\FloatFormat',62200,'|.','N;'),(92,'dim_symbol','Units','text',62500,'in','N;'),(93,'dim_unit','Units','XLite\\View\\FormField\\Select\\DimUnit',62300,'in','N;'),(94,'curl_cainfo','Environment','text',11000,'','N;'),(95,'curl_capath','Environment','text',12000,'','N;'),(96,'force_login_before_checkout','General','checkbox',30500,'Y','N;'),(97,'enable_add2cart_button_grid','General','checkbox',30100,'Y','N;'),(98,'clean_url_flag','CleanURL','checkbox',10000,'N','N;'),(99,'allow_membership_request','General','checkbox',39900,'N','N;'),(100,'upgrade_wave_sep','Environment','separator',20000,'','N;'),(101,'upgrade_wave','Environment','XLite\\View\\FormField\\Select\\UpgradeWave',21000,'','N;'),(102,'quick_data_rebuilding','CacheManagement','checkbox',10000,'N','N;'),(103,'enabled','BannerRotation','XLite\\View\\FormField\\Input\\Checkbox\\OnOff',10000,'N','N;'),(104,'interval','BannerRotation','XLite\\View\\FormField\\Input\\Text\\FloatInput',30000,'5','N;'),(105,'attach_pdf_invoices','NotificationAttachments','XLite\\View\\FormField\\Input\\Checkbox\\OnOff',10000,'0','N;'),(106,'enable_form','CDev\\ContactUs','checkbox',100,'1','N;'),(107,'email','CDev\\ContactUs','XLite\\View\\FormField\\Input\\Text\\Email',200,'','N;'),(108,'contact_us_sep_1','CDev\\ContactUs','separator',1000,'','N;'),(109,'recaptcha_public_key','CDev\\ContactUs','text',1100,'','N;'),(110,'recaptcha_private_key','CDev\\ContactUs','text',1200,'','N;'),(111,'number_of_bestsellers','CDev\\Bestsellers','XLite\\View\\FormField\\Input\\Text\\Integer',115,'6','a:1:{s:3:\"min\";i:1;}'),(112,'featured_products_look','CDev\\FeaturedProducts','XLite\\Module\\CDev\\FeaturedProducts\\View\\FormField\\FeaturedProductsLook',10,'grid','N;'),(113,'key','CDev\\FedEx','XLite\\View\\FormField\\Input\\Text',10,'','N;'),(114,'password','CDev\\FedEx','XLite\\View\\FormField\\Input\\PasswordWithValue',20,'','N;'),(115,'account_number','CDev\\FedEx','XLite\\View\\FormField\\Input\\Text',30,'','N;'),(116,'meter_number','CDev\\FedEx','XLite\\View\\FormField\\Input\\Text',40,'','N;'),(117,'test_mode','CDev\\FedEx','XLite\\View\\FormField\\Input\\Checkbox\\OnOffWithoutOffLabel',50,'','N;'),(118,'debug_enabled','CDev\\FedEx','XLite\\View\\FormField\\Input\\Checkbox\\OnOffWithoutOffLabel',60,'','N;'),(119,'additionalSettingsSeparator','CDev\\FedEx','separator',100,'','N;'),(120,'carrierTypesSeparator','CDev\\FedEx','separator',200,'','N;'),(121,'fdxe','CDev\\FedEx','XLite\\View\\FormField\\Input\\Checkbox\\OnOffWithoutOffLabel',210,'','N;'),(122,'fdxg','CDev\\FedEx','XLite\\View\\FormField\\Input\\Checkbox\\OnOffWithoutOffLabel',220,'','N;'),(123,'fxsp','CDev\\FedEx','XLite\\View\\FormField\\Input\\Checkbox\\OnOffWithoutOffLabel',230,'','N;'),(124,'fxsp_hub_id','CDev\\FedEx','XLite\\Module\\CDev\\FedEx\\View\\FormField\\Select\\HubId',235,'','N;'),(125,'fxsp_indicia','CDev\\FedEx','XLite\\Module\\CDev\\FedEx\\View\\FormField\\Select\\Indicia',240,'','N;'),(126,'rate_request_type','CDev\\FedEx','XLite\\Module\\CDev\\FedEx\\View\\FormField\\Select\\RateRequestType',300,'NONE','N;'),(127,'packaging','CDev\\FedEx','XLite\\Module\\CDev\\FedEx\\View\\FormField\\Select\\Packaging',310,'','N;'),(128,'dropoff_type','CDev\\FedEx','XLite\\Module\\CDev\\FedEx\\View\\FormField\\Select\\DropOffType',320,'','N;'),(129,'ship_date','CDev\\FedEx','XLite\\Module\\CDev\\FedEx\\View\\FormField\\Select\\ShipDate',330,'0','N;'),(130,'currency_code','CDev\\FedEx','XLite\\Module\\CDev\\FedEx\\View\\FormField\\Select\\CurrencyCode',340,'0','N;'),(131,'currency_rate','CDev\\FedEx','XLite\\View\\FormField\\Input\\Text\\FloatInput',350,'1','N;'),(132,'dimensions','CDev\\FedEx','serialized',360,'a:3:{i:0;i:10;i:1;i:10;i:2;i:10;}','N;'),(133,'max_weight','CDev\\FedEx','XLite\\View\\FormField\\Input\\Text\\FloatInput',370,'70','N;'),(134,'specialServicesSeparator','CDev\\FedEx','separator',400,'','N;'),(135,'dg_accessibility','CDev\\FedEx','XLite\\Module\\CDev\\FedEx\\View\\FormField\\Select\\DangerousGoodsAccessibility',410,'','N;'),(136,'signature','CDev\\FedEx','XLite\\Module\\CDev\\FedEx\\View\\FormField\\Select\\Signature',420,'','N;'),(137,'cacheOnDeliverySeparator','CDev\\FedEx','separator',500,'','N;'),(138,'cod_type','CDev\\FedEx','XLite\\Module\\CDev\\FedEx\\View\\FormField\\Select\\CODType',510,'ANY','N;'),(139,'advancedOptionsSeparator','CDev\\FedEx','separator',600,'','N;'),(140,'opt_saturday_pickup','CDev\\FedEx','XLite\\View\\FormField\\Input\\Checkbox\\OnOffWithoutOffLabel',610,'','N;'),(141,'opt_residential_delivery','CDev\\FedEx','XLite\\View\\FormField\\Input\\Checkbox\\OnOffWithoutOffLabel',620,'','N;'),(142,'send_insured_value','CDev\\FedEx','XLite\\View\\FormField\\Input\\Checkbox\\OnOffWithoutOffLabel',630,'1','N;'),(143,'ga_account','CDev\\GoogleAnalytics','text',100,'','N;'),(144,'ga_tracking_type','CDev\\GoogleAnalytics','XLite\\Module\\CDev\\GoogleAnalytics\\View\\FormField\\Select\\TrackingType',200,'1','N;'),(145,'ga_code_version','CDev\\GoogleAnalytics','XLite\\Module\\CDev\\GoogleAnalytics\\View\\FormField\\Select\\CodeVersion',300,'U','N;'),(146,'gosocial_sep_1','CDev\\GoSocial','separator',5000,'','N;'),(147,'fb_app_id','CDev\\GoSocial','text',5100,'','N;'),(148,'fb_app_namespace','CDev\\GoSocial','text',5200,'','N;'),(149,'fb_admins','CDev\\GoSocial','text',5300,'','N;'),(150,'gosocial_sep_2','CDev\\GoSocial','separator',1000,'','N;'),(151,'fb_like_use','CDev\\GoSocial','checkbox',1050,'1','N;'),(152,'fb_like_send_button','CDev\\GoSocial','checkbox',1100,'','N;'),(153,'fb_like_layout','CDev\\GoSocial','XLite\\Module\\CDev\\GoSocial\\View\\FormField\\Select\\FBLayoutStyle',1200,'button_count','N;'),(154,'fb_like_show_faces','CDev\\GoSocial','checkbox',1300,'1','N;'),(155,'fb_like_verb','CDev\\GoSocial','XLite\\Module\\CDev\\GoSocial\\View\\FormField\\Select\\FBVerbDisplay',1400,'like','N;'),(156,'fb_like_colorscheme','CDev\\GoSocial','XLite\\Module\\CDev\\GoSocial\\View\\FormField\\Select\\FBLikeColorScheme',1450,'light','N;'),(157,'gosocial_sep_21','CDev\\GoSocial','separator',1500,'','N;'),(158,'fb_comments_use','CDev\\GoSocial','checkbox',1600,'1','N;'),(159,'fb_comments_num_posts','CDev\\GoSocial','XLite\\View\\FormField\\Input\\Text\\Integer',1700,'8','a:1:{s:3:\"min\";i:1;}'),(160,'fb_comments_colorscheme','CDev\\GoSocial','XLite\\Module\\CDev\\GoSocial\\View\\FormField\\Select\\FBCommentsColorScheme',1750,'light','N;'),(161,'gosocial_sep_3','CDev\\GoSocial','separator',2000,'','N;'),(162,'tweet_use','CDev\\GoSocial','checkbox',2050,'1','N;'),(163,'tweet_show_count','CDev\\GoSocial','checkbox',2100,'1','N;'),(164,'tweet_via','CDev\\GoSocial','text',2200,'x_cart','N;'),(165,'tweet_recommend','CDev\\GoSocial','text',2300,'','N;'),(166,'tweet_hashtag','CDev\\GoSocial','text',2300,'','N;'),(167,'gosocial_sep_4','CDev\\GoSocial','separator',3000,'','N;'),(168,'gplus_use','CDev\\GoSocial','checkbox',3050,'1','N;'),(169,'gplus_page_id','CDev\\GoSocial','text',3100,'','N;'),(170,'gosocial_sep_5','CDev\\GoSocial','separator',4000,'','N;'),(171,'pinterest_use','CDev\\GoSocial','checkbox',4050,'1','N;'),(172,'show_admin_welcome','CDev\\Paypal','checkbox',100,'N','N;'),(173,'paypalLoginOptions','CDev\\Paypal','\\XLite\\Module\\CDev\\Paypal\\View\\FormField\\Instructions',200,'','N;'),(174,'loginRedirectURLProtocol','CDev\\Paypal','XLite\\Module\\CDev\\Paypal\\View\\FormField\\Select\\Protocol',300,'http','N;'),(175,'loginClientId','CDev\\Paypal','text',400,'','N;'),(176,'loginClientSecret','CDev\\Paypal','text',500,'','N;'),(177,'loginMode','CDev\\Paypal','XLite\\View\\FormField\\Select\\TestLiveMode',600,'test','N;'),(178,'sep_product_advisor_na','CDev\\ProductAdvisor','separator',10,'','N;'),(179,'na_enabled','CDev\\ProductAdvisor','checkbox',20,'Y','N;'),(180,'na_max_days','CDev\\ProductAdvisor','XLite\\View\\FormField\\Input\\Text\\Integer',30,'30','a:1:{s:3:\"min\";i:0;}'),(181,'na_max_count_in_full_list','CDev\\ProductAdvisor','XLite\\View\\FormField\\Input\\Text\\Integer',40,'30','a:1:{s:3:\"min\";i:0;}'),(182,'na_mark_with_label','CDev\\ProductAdvisor','checkbox',50,'Y','N;'),(183,'na_max_count_in_block','CDev\\ProductAdvisor','XLite\\View\\FormField\\Input\\Text\\Integer',80,'3','a:1:{s:3:\"min\";i:0;}'),(184,'na_from_current_category','CDev\\ProductAdvisor','checkbox',90,'N','N;'),(185,'sep_product_advisor_cs','CDev\\ProductAdvisor','separator',1000,'','N;'),(186,'cs_enabled','CDev\\ProductAdvisor','checkbox',1010,'Y','N;'),(187,'cs_mark_with_label','CDev\\ProductAdvisor','checkbox',1020,'Y','N;'),(188,'cs_display_date','CDev\\ProductAdvisor','checkbox',1030,'Y','N;'),(189,'cs_from_current_category','CDev\\ProductAdvisor','checkbox',1050,'N','N;'),(190,'cs_max_count_in_block','CDev\\ProductAdvisor','XLite\\View\\FormField\\Input\\Text\\Integer',1080,'3','a:1:{s:3:\"min\";i:0;}'),(191,'sep_product_advisor_rv','CDev\\ProductAdvisor','separator',2000,'','N;'),(192,'rv_enabled','CDev\\ProductAdvisor','checkbox',2010,'Y','N;'),(193,'rv_max_count_in_block','CDev\\ProductAdvisor','XLite\\View\\FormField\\Input\\Text\\Integer',2020,'10','a:1:{s:3:\"min\";i:0;}'),(194,'sep_product_advisor_cbb','CDev\\ProductAdvisor','separator',3000,'','N;'),(195,'cbb_enabled','CDev\\ProductAdvisor','checkbox',3010,'Y','N;'),(196,'cbb_max_count_in_block','CDev\\ProductAdvisor','XLite\\View\\FormField\\Input\\Text\\Integer',3020,'5','a:1:{s:3:\"min\";i:0;}'),(197,'sep_product_advisor_cvb','CDev\\ProductAdvisor','separator',4000,'','N;'),(198,'cvb_enabled','CDev\\ProductAdvisor','checkbox',4010,'Y','N;'),(199,'cvb_max_count_in_block','CDev\\ProductAdvisor','XLite\\View\\FormField\\Input\\Text\\Integer',4020,'5','a:1:{s:3:\"min\";i:0;}'),(200,'sale_enabled','CDev\\Sale','checkbox',20,'Y','N;'),(201,'sale_in_current_category','CDev\\Sale','checkbox',30,'Y','N;'),(202,'sale_max_count_in_block','CDev\\Sale','text',80,'6','N;'),(203,'logo','CDev\\SimpleCMS','XLite\\Module\\CDev\\SimpleCMS\\View\\FormField\\Input\\Logo',100,'','N;'),(204,'favicon','CDev\\SimpleCMS','XLite\\Module\\CDev\\SimpleCMS\\View\\FormField\\Input\\Favicon',200,'','N;'),(205,'page_changefreq','CDev\\XMLSitemap','XLite\\Module\\CDev\\SimpleCMS\\View\\FormField\\Select\\ChangeFrequency',400,'daily','N;'),(206,'page_priority','CDev\\XMLSitemap','XLite\\View\\FormField\\Input\\Text\\FloatInput',800,'0.5','a:3:{s:3:\"min\";i:0;s:3:\"max\";i:1;s:1:\"e\";i:1;}'),(207,'show_default_menu','CDev\\SimpleCMS','checkbox',300,'Y','N;'),(208,'fb_title','CDev\\SocialLogin','XLite\\Module\\CDev\\SocialLogin\\View\\FormField\\Instructions',5,'','N;'),(209,'fb_client_id','CDev\\SocialLogin','text',10,'','N;'),(210,'fb_client_secret','CDev\\SocialLogin','text',20,'','N;'),(211,'gg_title','CDev\\SocialLogin','XLite\\Module\\CDev\\SocialLogin\\View\\FormField\\Instructions',25,'','N;'),(212,'gg_client_id','CDev\\SocialLogin','text',30,'','N;'),(213,'gg_client_secret','CDev\\SocialLogin','text',40,'','N;'),(214,'welcome_changefreq','CDev\\XMLSitemap','XLite\\Module\\CDev\\XMLSitemap\\View\\FormField\\Select\\ChangeFrequency',100,'daily','N;'),(215,'category_changefreq','CDev\\XMLSitemap','XLite\\Module\\CDev\\XMLSitemap\\View\\FormField\\Select\\ChangeFrequency',200,'daily','N;'),(216,'product_changefreq','CDev\\XMLSitemap','XLite\\Module\\CDev\\XMLSitemap\\View\\FormField\\Select\\ChangeFrequency',300,'daily','N;'),(217,'welcome_priority','CDev\\XMLSitemap','XLite\\View\\FormField\\Input\\Text\\FloatInput',500,'0.5','a:3:{s:3:\"min\";i:0;s:3:\"max\";i:1;s:1:\"e\";i:1;}'),(218,'category_priority','CDev\\XMLSitemap','XLite\\View\\FormField\\Input\\Text\\FloatInput',600,'0.5','a:3:{s:3:\"min\";i:0;s:3:\"max\";i:1;s:1:\"e\";i:1;}'),(219,'product_priority','CDev\\XMLSitemap','XLite\\View\\FormField\\Input\\Text\\FloatInput',700,'0.5','a:3:{s:3:\"min\";i:0;s:3:\"max\";i:1;s:1:\"e\";i:1;}'),(220,'enable_in_stock_only_filter','XC\\ProductFilter','checkbox',100,'1','N;'),(221,'enable_price_range_filter','XC\\ProductFilter','checkbox',200,'1','N;'),(222,'enable_attributes_filter','XC\\ProductFilter','checkbox',300,'1','N;'),(223,'attributes_filter_by_category','XC\\ProductFilter','checkbox',400,'1','N;'),(224,'attributes_filter_cache_mode','XC\\ProductFilter','XLite\\Module\\XC\\ProductFilter\\View\\FormField\\Select\\CacheResetMode',500,'1','N;'),(225,'attributes_sorting_type','XC\\ProductFilter','XLite\\Module\\XC\\ProductFilter\\View\\FormField\\Select\\AttributesSortingType',600,'A','N;'),(226,'whoCanLeaveFeedback','XC\\Reviews','\\XLite\\Module\\XC\\Reviews\\View\\FormField\\Select\\WhoCanLeaveFeedback',10,'R','N;'),(227,'disablePendingReviews','XC\\Reviews','checkbox',20,'1','N;'),(228,'reviewsCountPerTab','XC\\Reviews','\\XLite\\View\\FormField\\Input\\Text\\Integer',30,'5','a:1:{s:3:\"min\";i:1;}'),(229,'use_custom_css','XC\\ThemeTweaker','checkbox',10,'','N;'),(230,'use_custom_js','XC\\ThemeTweaker','checkbox',20,'','N;'),(231,'edit_mode','XC\\ThemeTweaker','checkbox',30,'','N;'),(232,'layout_mode','XC\\ThemeTweaker','checkbox',30,'','N;'),(233,'userID','XC\\UPS','XLite\\View\\FormField\\Input\\Text',10,'','N;'),(234,'password','XC\\UPS','XLite\\View\\FormField\\Input\\PasswordWithValue',20,'','N;'),(235,'accessKey','XC\\UPS','XLite\\View\\FormField\\Input\\Text',30,'','N;'),(236,'shipper_number','XC\\UPS','XLite\\View\\FormField\\Input\\Text',40,'','N;'),(237,'test_mode','XC\\UPS','XLite\\View\\FormField\\Input\\Checkbox\\OnOffWithoutOffLabel',50,'1','N;'),(238,'additionalSettingsSeparator','XC\\UPS','separator',100,'','N;'),(239,'packageSettingsSeparator','XC\\UPS','separator',200,'','N;'),(240,'packaging_type','XC\\UPS','XLite\\Module\\XC\\UPS\\View\\FormField\\Select\\PackagingType',210,'00','N;'),(241,'dimensions','XC\\UPS','serialized',220,'a:3:{i:0;i:10;i:1;i:10;i:2;i:10;}','N;'),(242,'max_weight','XC\\UPS','XLite\\View\\FormField\\Input\\Text\\FloatInput',230,'150','N;'),(243,'serviceOptionsSeparator','XC\\UPS','separator',300,'','N;'),(244,'pickup_type','XC\\UPS','XLite\\Module\\XC\\UPS\\View\\FormField\\Select\\PickupType',310,'01','N;'),(245,'saturday_pickup','XC\\UPS','XLite\\View\\FormField\\Input\\Checkbox\\OnOffWithoutOffLabel',320,'','N;'),(246,'additional_handling','XC\\UPS','XLite\\View\\FormField\\Input\\Checkbox\\OnOffWithoutOffLabel',330,'','N;'),(247,'saturday_delivery','XC\\UPS','XLite\\View\\FormField\\Input\\Checkbox\\OnOffWithoutOffLabel',340,'','N;'),(248,'negotiated_rates','XC\\UPS','XLite\\View\\FormField\\Input\\Checkbox\\OnOffWithoutOffLabel',350,'','N;'),(249,'delivery_conf','XC\\UPS','XLite\\Module\\XC\\UPS\\View\\FormField\\Select\\DeliveryConfirmation',360,'0','N;'),(250,'extra_cover','XC\\UPS','XLite\\View\\FormField\\Input\\Checkbox\\OnOffWithoutOffLabel',370,'','N;'),(251,'extra_cover_value','XC\\UPS','XLite\\View\\FormField\\Input\\Text\\Price',380,'0','N;'),(252,'cacheOnDeliverySeparator','XC\\UPS','separator',400,'','N;'),(253,'currencyConversionSeparator','XC\\UPS','separator',500,'','N;'),(254,'currency_code','XC\\UPS','XLite\\View\\FormField\\Input\\Text',510,'','N;'),(255,'currency_rate','XC\\UPS','XLite\\View\\FormField\\Input\\Text\\FloatInput',520,'1','N;'),(256,'additionalOptionsSeparator','XC\\UPS','separator',600,'','N;'),(257,'debug_enabled','XC\\UPS','XLite\\View\\FormField\\Input\\Checkbox\\OnOffWithoutOffLabel',610,'1','N;'),(258,'top_news_length','XC\\News','XLite\\View\\FormField\\Input\\Text\\Integer',100,'5','a:1:{s:3:\"min\";i:1;}'),(259,'items_per_page','XC\\News','XLite\\View\\FormField\\Input\\Text\\Integer',200,'50','a:1:{s:3:\"min\";i:1;}'),(260,'freight_shipping_calc_mode','XC\\FreeShipping','XLite\\Module\\XC\\FreeShipping\\View\\FormField\\FreightMode',10,'F','N;'),(261,'headerReferenceCode','XC\\AuctionInc','',0,'','N;'),(262,'firstUsageDate','XC\\AuctionInc','',0,'','N;'),(263,'accountId','XC\\AuctionInc','XLite\\View\\FormField\\Input\\Text',10,'','N;'),(264,'destinationType','XC\\AuctionInc','XLite\\View\\FormField\\Select\\AddressType',30,'R','N;'),(265,'debugMode','XC\\AuctionInc','XLite\\View\\FormField\\Input\\Checkbox\\OnOffWithoutOffLabel',40,'','N;'),(266,'additionalSettingsSeparator','XC\\AuctionInc','separator',100,'','N;'),(267,'defaultValuesSeparator','XC\\AuctionInc','separator',200,'','N;'),(268,'calculationMethod','XC\\AuctionInc','XLite\\Module\\XC\\AuctionInc\\View\\FormField\\Select\\CalculationMethodSettings',210,'C','N;'),(269,'package','XC\\AuctionInc','XLite\\Module\\XC\\AuctionInc\\View\\FormField\\Select\\Package',220,'T','N;'),(270,'insurable','XC\\AuctionInc','XLite\\View\\FormField\\Select\\RadioButtonsList\\YesNo',230,'N','N;'),(271,'fixedFeeMode','XC\\AuctionInc','XLite\\Module\\XC\\AuctionInc\\View\\FormField\\Select\\FixedFeeMode',240,'F','N;'),(272,'fixedFeeCode','XC\\AuctionInc','XLite\\View\\FormField\\Input\\Text',250,'','N;'),(273,'fixedFee1','XC\\AuctionInc','XLite\\View\\FormField\\Input\\Text\\Price',260,'','N;'),(274,'fixedFee2','XC\\AuctionInc','XLite\\View\\FormField\\Input\\Text\\Price',270,'','N;'),(275,'calculationSeparator','XC\\AuctionInc','separator',300,'','N;'),(276,'fallbackRate','XC\\AuctionInc','XLite\\Module\\XC\\AuctionInc\\View\\FormField\\Select\\FallbackRate',310,'N','N;'),(277,'fallbackRateValue','XC\\AuctionInc','XLite\\View\\FormField\\Input\\Text\\Price',320,'','N;'),(278,'entryPointSeparator','XC\\AuctionInc','separator',400,'','N;'),(279,'entryPointDHL','XC\\AuctionInc','XLite\\Module\\XC\\AuctionInc\\View\\FormField\\Select\\EntryPointDHL',410,'D','N;'),(280,'entryPointFEDEX','XC\\AuctionInc','XLite\\Module\\XC\\AuctionInc\\View\\FormField\\Select\\EntryPointFedEx',420,'D','N;'),(281,'entryPointUPS','XC\\AuctionInc','XLite\\Module\\XC\\AuctionInc\\View\\FormField\\Select\\EntryPointUPS',430,'D','N;'),(282,'entryPointUSPS','XC\\AuctionInc','XLite\\Module\\XC\\AuctionInc\\View\\FormField\\Select\\EntryPointUSPS',440,'R','N;'),(283,'checkout_type','General','XLite\\Module\\XC\\FastLaneCheckout\\View\\FormField\\Select\\CheckoutType',200,'fast-lane','N;'),(284,'fcm_show_product_num','QSL\\FlyoutCategoriesMenu','checkbox',10,'N','N;'),(285,'fcm_word_wrap','QSL\\FlyoutCategoriesMenu','checkbox',20,'Y','N;'),(286,'fcm_show_triangle','QSL\\FlyoutCategoriesMenu','checkbox',30,'Y','N;'),(287,'api_key','QSL\\CloudSearch','hidden',0,'','N;'),(288,'secret_key','QSL\\CloudSearch','hidden',0,'','N;'),(289,'dashboard','QSL\\CloudSearch','\\XLite\\Module\\QSL\\CloudSearch\\View\\FormField\\Dashboard',0,'','N;'),(290,'doSearch','QSL\\CloudSearch','checkbox',0,'N','N;'),(291,'test_mode','CDev\\AustraliaPost','XLite\\View\\FormField\\Input\\Checkbox\\OnOffWithoutOffLabel',10,'1','N;'),(292,'api_key','CDev\\AustraliaPost','XLite\\View\\FormField\\Input\\Text',20,'','N;'),(293,'packageSettingsSeparator','CDev\\AustraliaPost','separator',100,'','N;'),(294,'package_type','CDev\\AustraliaPost','',0,'Parcel','N;'),(295,'package_box_type','CDev\\AustraliaPost','XLite\\Module\\CDev\\AustraliaPost\\View\\FormField\\PackageBoxType',110,'AUS_PARCEL_TYPE_BOXED_OTH','N;'),(296,'dimensions','CDev\\AustraliaPost','serialized',120,'a:3:{i:0;i:10;i:1;i:10;i:2;i:10;}','N;'),(297,'additionalSettingsSeparator','CDev\\AustraliaPost','separator',200,'','N;'),(298,'service_option','CDev\\AustraliaPost','XLite\\Module\\CDev\\AustraliaPost\\View\\FormField\\ServiceOption',210,'AUS_SERVICE_OPTION_STANDARD','N;'),(299,'extra_cover','CDev\\AustraliaPost','XLite\\View\\FormField\\Input\\Checkbox\\OnOffWithoutOffLabel',220,'','N;'),(300,'extra_cover_value','CDev\\AustraliaPost','XLite\\View\\FormField\\Input\\Text\\Price',230,'0','N;'),(301,'currency_rate','CDev\\AustraliaPost','XLite\\View\\FormField\\Input\\Text\\FloatInput',240,'1','N;'),(302,'enable_new_methods','CDev\\AustraliaPost','XLite\\View\\FormField\\Input\\Checkbox\\OnOffWithoutOffLabel',250,'1','N;'),(303,'debug_enabled','CDev\\AustraliaPost','XLite\\View\\FormField\\Input\\Checkbox\\OnOffWithoutOffLabel',260,'1','N;'),(304,'max_weight','CDev\\AustraliaPost','',0,'20','N;'),(305,'email','CDev\\Moneybookers','text',100,'','N;'),(306,'logo_url','CDev\\Moneybookers','XLite\\View\\FormField\\Input\\Text\\URL',200,'','N;'),(307,'test','CDev\\Moneybookers','checkbox',300,'0','N;'),(308,'secret_word','CDev\\Moneybookers','text',400,'','N;'),(309,'prefix','CDev\\Moneybookers','text',500,'xcart','N;'),(310,'id','CDev\\Moneybookers','',0,'','N;'),(311,'ignore_memberships','CDev\\SalesTax','checkbox',150,'Y','N;'),(312,'addressType','CDev\\SalesTax','\\XLite\\Module\\CDev\\SalesTax\\View\\FormField\\AddressType',160,'billing','N;'),(313,'taxableBase','CDev\\SalesTax','\\XLite\\Module\\CDev\\SalesTax\\View\\FormField\\TaxableBase',170,'ST','N;'),(314,'userid','CDev\\USPS','XLite\\View\\FormField\\Input\\Text',10,'','N;'),(315,'server_url','CDev\\USPS','XLite\\View\\FormField\\Input\\Text\\URL',20,'http://testing.shippingapis.com/ShippingAPI.dll','N;'),(316,'additionalSettingsSeparator','CDev\\USPS','separator',100,'','N;'),(317,'commonOptionsSeparator','CDev\\USPS','separator',200,'','N;'),(318,'package_size','CDev\\USPS','XLite\\Module\\CDev\\USPS\\View\\FormField\\Select\\PackageSize',205,'REGULAR','N;'),(319,'dimensions','CDev\\USPS','serialized',210,'a:3:{i:0;i:10;i:1;i:7;i:2;i:9;}','N;'),(320,'girth','CDev\\USPS','XLite\\View\\FormField\\Input\\Text\\FloatInput',220,'0','N;'),(321,'max_weight','CDev\\USPS','XLite\\View\\FormField\\Input\\Text\\FloatInput',230,'70','N;'),(322,'machinable','CDev\\USPS','XLite\\View\\FormField\\Input\\Checkbox\\OnOffWithoutOffLabel',235,'1','N;'),(323,'currency_rate','CDev\\USPS','XLite\\View\\FormField\\Input\\Text\\FloatInput',240,'1','N;'),(324,'domesticUSPSSeparator','CDev\\USPS','separator',300,'','N;'),(325,'container','CDev\\USPS','XLite\\Module\\CDev\\USPS\\View\\FormField\\Select\\Container',310,'VARIABLE','N;'),(326,'first_class_mail_type','CDev\\USPS','XLite\\Module\\CDev\\USPS\\View\\FormField\\Select\\FirstClassMailType',330,'PARCEL','N;'),(327,'use_rate_type','CDev\\USPS','XLite\\Module\\CDev\\USPS\\View\\FormField\\Select\\UseRateType',350,'Rate','N;'),(328,'internationalUSPSSeparator','CDev\\USPS','separator',400,'','N;'),(329,'mail_type','CDev\\USPS','XLite\\Module\\CDev\\USPS\\View\\FormField\\Select\\MailType',410,'Package','N;'),(330,'container_intl','CDev\\USPS','XLite\\Module\\CDev\\USPS\\View\\FormField\\Select\\ContainerIntl',420,'RECTANGULAR','N;'),(331,'commercial','CDev\\USPS','XLite\\View\\FormField\\Input\\Checkbox\\OnOffWithoutOffLabel',430,'','N;'),(332,'gxg','CDev\\USPS','XLite\\View\\FormField\\Input\\Checkbox\\OnOffWithoutOffLabel',440,'','N;'),(333,'gxg_pobox','CDev\\USPS','XLite\\View\\FormField\\Input\\Checkbox\\OnOffWithoutOffLabel',450,'','N;'),(334,'gxg_gift','CDev\\USPS','XLite\\View\\FormField\\Input\\Checkbox\\OnOffWithoutOffLabel',460,'','N;'),(335,'cacheOnDeliverySeparator','CDev\\USPS','separator',500,'','N;'),(336,'use_cod_price','CDev\\USPS','XLite\\View\\FormField\\Input\\Checkbox\\OnOffWithoutOffLabel',510,'1','N;'),(337,'cod_price','CDev\\USPS','XLite\\View\\FormField\\Input\\Text\\Price',520,'6.95','N;'),(338,'additionalOptionsSeparator','CDev\\USPS','separator',600,'','N;'),(339,'debug_enabled','CDev\\USPS','XLite\\View\\FormField\\Input\\Checkbox\\OnOffWithoutOffLabel',610,'','N;'),(340,'autoenable_new_methods','CDev\\USPS','XLite\\View\\FormField\\Input\\Checkbox\\OnOffWithoutOffLabel',620,'1','N;'),(341,'xpc_shopping_cart_id','CDev\\XPaymentsConnector','XLite\\Module\\CDev\\XPaymentsConnector\\View\\FormField\\Input\\Text\\StoreID',1010,'','N;'),(342,'xpc_xpayments_url','CDev\\XPaymentsConnector','XLite\\Module\\CDev\\XPaymentsConnector\\View\\FormField\\Input\\Text\\URLipv6',1020,'','N;'),(343,'xpc_public_key','CDev\\XPaymentsConnector','textarea',1030,'','N;'),(344,'xpc_private_key','CDev\\XPaymentsConnector','textarea',1040,'','N;'),(345,'xpc_private_key_password','CDev\\XPaymentsConnector','text',1050,'','N;'),(346,'xpc_allowed_ip_addresses','CDev\\XPaymentsConnector','text',1060,'','N;'),(347,'xpc_currency','CDev\\XPaymentsConnector','XLite\\View\\FormField\\Select\\Currency',1070,'840','N;'),(348,'xpc_api_version','CDev\\XPaymentsConnector','hidden',1080,'1.3','N;'),(349,'xpc_use_iframe','CDev\\XPaymentsConnector','checkbox',1090,'1','N;'),(350,'xpc_allowed_modules_load_date','CDev\\XPaymentsConnector','hidden',2000,'0','N;'),(351,'xpc_allowed_modules','CDev\\XPaymentsConnector','hidden',2010,'','N;'),(352,'xpc_zero_auth_method_id','CDev\\XPaymentsConnector','XLite\\Module\\CDev\\XPaymentsConnector\\View\\FormField\\Select\\ZeroAuthPaymentMethods',1100,'0','N;'),(353,'xpc_zero_auth_amount','CDev\\XPaymentsConnector','XLite\\Module\\CDev\\XPaymentsConnector\\View\\FormField\\Input\\Text\\ZeroAuthAmount',1110,'0','N;'),(354,'xpc_zero_auth_description','CDev\\XPaymentsConnector','XLite\\Module\\CDev\\XPaymentsConnector\\View\\FormField\\Input\\Text\\ZeroAuthDescription',1130,'','N;'),(355,'xpc_status_new','CDev\\XPaymentsConnector','XLite\\View\\FormField\\Select\\OrderStatus\\Payment',1210,'1','N;'),(356,'xpc_status_auth','CDev\\XPaymentsConnector','XLite\\View\\FormField\\Select\\OrderStatus\\Payment',1220,'2','N;'),(357,'xpc_status_charged','CDev\\XPaymentsConnector','XLite\\View\\FormField\\Select\\OrderStatus\\Payment',1230,'4','N;'),(358,'xpc_status_charged_part','CDev\\XPaymentsConnector','XLite\\View\\FormField\\Select\\OrderStatus\\Payment',1240,'3','N;'),(359,'xpc_status_declined','CDev\\XPaymentsConnector','XLite\\View\\FormField\\Select\\OrderStatus\\Payment',1250,'5','N;'),(360,'xpc_status_refunded','CDev\\XPaymentsConnector','XLite\\View\\FormField\\Select\\OrderStatus\\Payment',1260,'7','N;'),(361,'xpc_status_refunded_part','CDev\\XPaymentsConnector','XLite\\View\\FormField\\Select\\OrderStatus\\Payment',1270,'7','N;'),(362,'wizard_enabled','XC\\CanadaPost','',0,'1','N;'),(363,'wizard_hash','XC\\CanadaPost','',0,'','N;'),(364,'user','XC\\CanadaPost','XLite\\View\\FormField\\Input\\Text',10,'','N;'),(365,'password','XC\\CanadaPost','XLite\\View\\FormField\\Input\\PasswordWithValue',20,'','N;'),(366,'developer_mode','XC\\CanadaPost','XLite\\View\\FormField\\Input\\Checkbox\\OnOffWithoutOffLabel',30,'','N;'),(367,'debug_enabled','XC\\CanadaPost','XLite\\View\\FormField\\Input\\Checkbox\\OnOffWithoutOffLabel',40,'','N;'),(368,'additionalSettingsSeparator','XC\\CanadaPost','separator',100,'','N;'),(369,'quote_type','XC\\CanadaPost','XLite\\Module\\XC\\CanadaPost\\View\\FormField\\Select\\QuoteType',110,'C','N;'),(370,'customer_number','XC\\CanadaPost','XLite\\View\\FormField\\Input\\Text',120,'','N;'),(371,'currency_rate','XC\\CanadaPost','XLite\\View\\FormField\\Input\\Text\\FloatInput',130,'1','N;'),(372,'contractShippingSeparator','XC\\CanadaPost','separator',200,'','N;'),(373,'contract_id','XC\\CanadaPost','XLite\\View\\FormField\\Input\\Text',210,'','N;'),(374,'pick_up_type','XC\\CanadaPost','XLite\\Module\\XC\\CanadaPost\\View\\FormField\\Select\\PickUpType',220,'','N;'),(375,'deposit_site_num','XC\\CanadaPost','XLite\\Module\\XC\\CanadaPost\\View\\FormField\\Input\\Text\\DepositSiteNum',230,'','N;'),(376,'detailed_manifests','XC\\CanadaPost','XLite\\View\\FormField\\Input\\Checkbox\\OnOffWithoutOffLabel',240,'1','N;'),(377,'manifest_name','XC\\CanadaPost','XLite\\View\\FormField\\Input\\Text',250,'','N;'),(378,'deliverToPostOfficeSeparator','XC\\CanadaPost','separator',300,'','N;'),(379,'deliver_to_po_enabled','XC\\CanadaPost','XLite\\View\\FormField\\Input\\Checkbox\\OnOffWithoutOffLabel',310,'','N;'),(380,'max_post_offices','XC\\CanadaPost','XLite\\View\\FormField\\Input\\Text\\Integer',320,'5','N;'),(381,'parcelCharacteristicsSeparator','XC\\CanadaPost','separator',400,'','N;'),(382,'length','XC\\CanadaPost','XLite\\View\\FormField\\Input\\Text\\FloatInput',410,'10','N;'),(383,'width','XC\\CanadaPost','XLite\\View\\FormField\\Input\\Text\\FloatInput',420,'9','N;'),(384,'height','XC\\CanadaPost','XLite\\View\\FormField\\Input\\Text\\FloatInput',430,'7','N;'),(385,'max_weight','XC\\CanadaPost','XLite\\View\\FormField\\Input\\Text\\FloatInput',440,'30','N;'),(386,'document','XC\\CanadaPost','XLite\\View\\FormField\\Input\\Checkbox\\OnOffWithoutOffLabel',450,'','N;'),(387,'unpackaged','XC\\CanadaPost','XLite\\View\\FormField\\Input\\Checkbox\\OnOffWithoutOffLabel',460,'','N;'),(388,'mailing_tube','XC\\CanadaPost','XLite\\View\\FormField\\Input\\Checkbox\\OnOffWithoutOffLabel',470,'','N;'),(389,'oversized','XC\\CanadaPost','XLite\\View\\FormField\\Input\\Checkbox\\OnOffWithoutOffLabel',480,'','N;'),(390,'parcelSeparator','XC\\CanadaPost','separator',500,'','N;'),(391,'way_to_deliver','XC\\CanadaPost','XLite\\Module\\XC\\CanadaPost\\View\\FormField\\Select\\DeliveryWayType',510,'','N;'),(392,'signature','XC\\CanadaPost','XLite\\View\\FormField\\Input\\Checkbox\\OnOffWithoutOffLabel',520,'','N;'),(393,'age_proof','XC\\CanadaPost','XLite\\Module\\XC\\CanadaPost\\View\\FormField\\Select\\AgeProofType',530,'','N;'),(394,'coverage','XC\\CanadaPost','XLite\\View\\FormField\\Input\\Text\\FloatInput',540,'0','N;'),(395,'non_delivery','XC\\CanadaPost','XLite\\Module\\XC\\CanadaPost\\View\\FormField\\Select\\NonDeliveryType',550,'','N;'),(396,'amazon_pa_sid','Amazon\\PayWithAmazon','XLite\\Module\\Amazon\\PayWithAmazon\\View\\FormField\\Input\\SellerID',5,'','N;'),(397,'amazon_pa_mode','Amazon\\PayWithAmazon','XLite\\Module\\Amazon\\PayWithAmazon\\View\\FormField\\Select\\OpMode',10,'test','N;'),(398,'amazon_pa_access_key','Amazon\\PayWithAmazon','text',15,'','N;'),(399,'amazon_pa_secret_key','Amazon\\PayWithAmazon','text',20,'','N;'),(400,'amazon_pa_currency','Amazon\\PayWithAmazon','XLite\\Module\\Amazon\\PayWithAmazon\\View\\FormField\\Select\\Currency',30,'USD','N;'),(401,'amazon_pa_capture_mode','Amazon\\PayWithAmazon','XLite\\Module\\Amazon\\PayWithAmazon\\View\\FormField\\Select\\CaptureMode',40,'C','N;'),(402,'amazon_pa_sync_mode','Amazon\\PayWithAmazon','XLite\\Module\\Amazon\\PayWithAmazon\\View\\FormField\\Select\\SyncMode',45,'S','N;'),(403,'amazon_pa_order_prefix','Amazon\\PayWithAmazon','text',50,'','N;'),(404,'time_zone','General','',0,'Europe/Moscow','N;');
CREATE TABLE `xlite_config_translations` (
  `label_id` int(11) NOT NULL AUTO_INCREMENT,
  `id` int(11) DEFAULT NULL,
  `option_name` varchar(255) COLLATE utf8_unicode_ci NOT NULL,
  `option_comment` longtext COLLATE utf8_unicode_ci NOT NULL,
  `code` char(2) COLLATE utf8_unicode_ci NOT NULL,
  PRIMARY KEY (`label_id`),
  KEY `ci` (`code`,`id`),
  KEY `id` (`id`),
  CONSTRAINT `FK_56A33BC3BF396750` FOREIGN KEY (`id`) REFERENCES `xlite_config` (`config_id`) ON DELETE CASCADE
) ENGINE=InnoDB DEFAULT CHARSET=utf8 COLLATE=utf8_unicode_ci;
INSERT INTO `xlite_config_translations` VALUES (1,1,'Administrator Zone settings','','en'),(2,2,'Use HTTPS in the Administrator Zone','','en'),(3,3,'Default customer address','','en'),(4,4,'Address line','','en'),(5,5,'Country','','en'),(6,6,'State','','en'),(7,7,'State','','en'),(8,8,'City','','en'),(9,9,'Zip/postal code','','en'),(10,10,'Address type','','en'),(11,11,'Aggregate CSS files','','en'),(12,12,'Aggregate JS files','','en'),(13,13,'Use widget cache','','en'),(14,14,'Use dynamic image resizing','This setting determines what happens if X-Cart cannot find a previously generated resized version of an image it needs to display. If this setting is enabled, an appropriately sized version of the image is generated on the fly. If this setting is disabled, the original (non-resized) image is used.','en'),(15,15,'Layout type','','en'),(16,16,'CLI mode key','','en'),(17,17,'Company address','','en'),(18,18,'Contacts','','en'),(19,19,'Fax','','en'),(20,20,'Identity','','en'),(21,21,'Company name','Changing the value of this or any other fields on this page will not affect the signature in your store\'s email notifications. The signature for notifications can be edited on the <a href=\"admin.php?target=notification_common\">Header, greeting & signature</a> page.','en'),(22,22,'Company website','','en'),(23,23,'Terms and conditions relative URL','','en'),(24,24,'Customer Zone settings','','en'),(25,25,'Use HTTPS in the Customer Zone (for login, Checkout and profile pages)','','en'),(26,26,'Date format','','en'),(27,27,'CSV column delimiter','','en'),(28,28,'Import/export charset','','en'),(29,31,'Payment method to be assumed in case of zero order totals','','en'),(30,32,'Maximum order quantity (per product)','','en'),(31,33,'Default payment method','','en'),(32,34,'Display check number for eCheck payment method','','en'),(33,35,'How to show out of stock products','','en'),(34,36,'Default display mode for products list','','en'),(35,38,'Street address','','en'),(36,39,'Country','','en'),(37,40,'State','','en'),(38,41,'State','','en'),(39,42,'City','','en'),(40,43,'Zip/postal code','','en'),(41,44,'Use the company address as the origin one','See <a href=\"admin.php?target=settings&page=Company#company-address\">company address</a>','en'),(42,45,'Street address','','en'),(43,46,'Country','','en'),(44,47,'State','','en'),(45,48,'State','','en'),(46,49,'City','','en'),(47,50,'Zip/postal code','','en'),(48,51,'Phone','','en'),(49,52,'Number of days to store the last login data','','en'),(50,53,'Maximum allowed order subtotal','','en'),(51,54,'Minimum allowed order subtotal','','en'),(52,55,'Next order #','You can change the number that will be assigned on the next order. The new order number should be greater than the current one.','en'),(53,56,'Cart TTL (days)','Specify the number of days after which a stored shopping cart should be considered old and should be removed. Leave empty if old carts should never be removed (not recommended)','en'),(54,57,'Enable internal cron service','This setting allows you to enable/disable the use of your store\'s internal cron service. This service schedules the run of certain maintenance tasks for your store - like removing customers\' expired shopping carts - at the periodicity of once per 100 user sessions.','en'),(55,58,'Sales department e-mail','\"TO:\" address for notifications about orders (creation of new orders, changes of order status, etc). \"FROM:\" address for low limit warning messages.','en'),(56,59,'Orders per page','','en'),(57,60,'Products per category listing page','','en'),(58,61,'Maximum products per category listing page','','en'),(59,62,'Products per page','','en'),(60,63,'The number of orders in the recent order list','','en'),(61,64,'Force customer to choose product options before the product can be added to cart','','en'),(62,65,'Redirect customer to the cart page after a product is added to cart','','en'),(63,66,'Close the shop temporarily (not available in Demo store)','','en'),(64,67,'Shop currency','','en'),(65,68,'Hide trailing zeros in fractional part','','en'),(66,69,'Site administrator e-mail','\"TO:\" address for information on access to your store in safe mode (Hard and Soft reset links), notifications about failed administrator login attempts, low limit warnings, etc.<br />\"FROM:\" address for most notifications about user profiles.','en'),(67,70,'Password','','en'),(68,71,'Secure connection','','en'),(69,72,'SMTP server','','en'),(70,73,'SMTP port','By default, SMTP uses TCP port 25. However, if you are going to use secure SSL/TLS encrypted SMTP, you need to specify the correct TCP port number for your system here. Typically, port number for secure SMTP is 465.','en'),(71,74,'SMTP server','','en'),(72,75,'Username','','en'),(73,76,'Year when store started its operation','','en'),(74,77,'Subcategory listings format','','en'),(75,78,'Default order to sort products within a category','','en'),(76,79,'Default order to sort products within a search result','','en'),(77,80,'HelpDesk/Support service e-mail','Address for messages sent by store visitors via the Contact us form.','en'),(78,81,'Time format','','en'),(79,82,'Time zone','','en'),(80,83,'Customer relations e-mail','\"TO:\" address for notifications about user profile related events (creation of a new user profile, deletion of a user profile, etc). \"FROM:\" address for password reset messages.','en'),(81,84,'Users per page','','en'),(82,85,'Use SMTP server','','en'),(83,86,'Use authentication','','en'),(84,88,'Weight symbol','','en'),(85,89,'Weight unit','','en'),(86,90,'Hide trailing zeros in fractional part','','en'),(87,91,'Weight format','','en'),(88,92,'Dimensional symbol','','en'),(89,93,'Dimensional unit','','en'),(90,94,'Path to Certificate Authority (CA) bundle','','en'),(91,95,'Directory holding CA certificates','','en'),(92,96,'Ask anonymous users to create an account or sign in before checkout','','en'),(93,97,'Display \"Add to cart\" buttons for products in grid view','','en'),(94,98,'Clean URL availability flag','','en'),(95,99,'Allow customers to sign up for membership','','en'),(96,100,'Upgrade options','','en'),(97,101,'Upgrade access level','','en'),(98,102,'Perform quick data calculation during store re-deployment','Calculated quick data enhances your store\'s performance by allowing quick product sorting. If you want quick data to be calculated along with store re-deployment, make sure this setting is enabled before running the \"Re-deploy the store\" tool. Keep the setting disabled if you want to do the re-deployment without the calculation of quick data.','en'),(99,103,'Enabled','','en'),(100,104,'Banner inverval (in seconds)','Set to \"0\" to disable automatic rotation','en'),(101,105,'Send the PDF version of invoices in the attachments','','en'),(102,106,'Enable form','','en'),(103,107,'E-mail address of the message recipient','If the field is blank, then administration email is used','en'),(104,108,'reCAPTCHA','','en'),(105,109,'Public key','To use reCAPTCHA you should get an API key from <a href=\"https://www.google.com/recaptcha/admin/create\">https://www.google.com/recaptcha/admin/create</a>','en'),(106,110,'Private key','','en'),(107,111,'Number of products in the bestsellers list','','en'),(108,112,'Featured products look and feel','','en'),(109,113,'FedEx authentication key','','en'),(110,114,'FedEx authentication password','','en'),(111,115,'FedEx account number','','en'),(112,116,'FedEx meter number','','en'),(113,117,'Test mode','','en'),(114,118,'Enable debugging','','en'),(115,119,'Additional settings','','en'),(116,120,'Carrier type(s)','','en'),(117,121,'FedEx Express (FDXE)','','en'),(118,122,'FedEx Ground (FDXG)','','en'),(119,123,'FedEx SmartPost (FXSP)','','en'),(120,124,'Hub ID','','en'),(121,125,'Indicia','','en'),(122,126,'Rate request type','','en'),(123,127,'Packaging','','en'),(124,128,'Dropoff type','','en'),(125,129,'Ship date (days)','','en'),(126,130,'Currency code','','en'),(127,131,'Currency rate','If the currency specified above differs from the currency the store uses for payments, specify a conversion rate to convert the shipping cost returned by FedEx into your store\'s currency. If the currencies are the same, leave this set to 1.','en'),(128,132,'Package dimensions (inches)','','en'),(129,133,'Maximum package weight','','en'),(130,134,'Special services','','en'),(131,135,'Dangerous Goods/Accessibility','','en'),(132,136,'Signature option','','en'),(133,137,'Cash on delivery','','en'),(134,138,'COD type','','en'),(135,139,'Advanced options','','en'),(136,140,'Shipment is scheduled for Saturday pickup (the option will be used if ship date is Saturday)','','en'),(137,141,'Shipment from residential address','','en'),(138,142,'Send package cost to calculate insurance','','en'),(139,113,'Ключ идентификации FedEx','','ru'),(140,114,'Пароль FedEx','','ru'),(141,115,'Номер счета FedEx','','ru'),(142,116,'FedEx meter number','','ru'),(143,117,'Режим тестирования','','ru'),(144,118,'Включить отладку','','ru'),(145,119,'Дополнительные настройки','','ru'),(146,120,'Тип(ы) перевозчика(ов)','','ru'),(147,121,'FedEx Express (FDXE)','','ru'),(148,122,'FedEx Ground (FDXG)','','ru'),(149,123,'FedEx SmartPost (FXSP)','','ru'),(150,127,'Упаковка','','ru'),(151,128,'Возврат тары','','ru'),(152,129,'Дата отгрузки (дни)','','ru'),(153,130,'Код валюты','','ru'),(154,131,'Коэффициент пересчета валюты','Если валюта выше отличается от валюты, используемой для оплаты в магазине, укажите коэффициент пересчёта для перевода стоимости доставки, предоставленной FedEx, в валюту магазина. Если валюты совпадают, оставьте значение 1.','ru'),(155,132,'Размеры упаковки (в дюймах)','','ru'),(156,133,'Максимальный вес упаковки','','ru'),(157,134,'Специальные услуги','','ru'),(158,135,'Опасные Товары/Доступность','','ru'),(159,136,'Показать все сохраненные кредитные карты','','ru'),(160,137,'Оплата при получении','','ru'),(161,138,'Тип наложного платежа','','ru'),(162,139,'Расширенные опции','','ru'),(163,140,'Погрузка назначена на Субботу (эта опция используется, если день отгрузки - Суббота)','','ru'),(164,141,'Доставка с адреса расположения','','ru'),(165,142,'Рассчитывать размер страховки по стоимости посылки','','ru'),(166,143,'Web Property ID','','en'),(167,144,'What are you tracking','','en'),(168,145,'Google Analytics code version','','en'),(169,146,'Facebook application settings','','en'),(170,147,'Facebook Application ID','Facebook Platform application ID that administers your site pages. You can get this ID by visiting the page at <a href=\"https://developers.facebook.com/apps/\">https://developers.facebook.com/apps/</a><br /><br />You should specify this field:<ul><li>to make your site statistics appear in the Facebook Insights dashboard</li><li>to enable a moderator interface on Facebook where comments from all product pages can be easily moderated together</li></ul>','en'),(171,148,'Facebook Application Namespace','Specify the same app namespace that you entered when configured your Facebook Platform application.','en'),(172,149,'Facebook Admins','Comma-separated list of the Facebook User IDs of page administrators. Include at least your own Facebook User ID.','en'),(173,150,'Facebook Like Button settings','','en'),(174,151,'Display the Like button on product pages','The Like button lets a customer share your product pages with friends on Facebook. The button will not be displayed if Facebook application id is not set.','en'),(175,152,'Display the Share button along with the Like button','The Share button lets people add a personalized message to links before sharing on their timeline, in groups, or to their friends via a Facebook Message.','en'),(176,153,'Layout style','There are three options:<ul><li>\"standard\" - displays social text to the right of the button and friends\' profile photos below</li><li>\"button\" - displays the total number of likes to the right of the button</li><li>\"box\" - displays the total number of likes above the button.</li></ul>','en'),(177,154,'Show profile pictures below the Like button','Profile pictures appear in the \"standard\" layout style only.','en'),(178,155,'The verb to display in the Like button','','en'),(179,156,'The color scheme for the like button','','en'),(180,157,'Facebook comments settings','','en'),(181,158,'Display the Facebook Comments tab on product pages','To moderate comments, specify your Facebook User ID in the \"Facebook Admins\" field below.<br />To enable the moderator interface on Facebook where comments from all product pages can be easily moderated together, specify your Facebook App ID in the \"Facebook Application ID\" field below.','en'),(182,159,'Number of posts to show on the tab by default','','en'),(183,160,'The color scheme for the comments','','en'),(184,161,'Tweet button settings','','en'),(185,162,'Display the Tweet button on product pages','The Tweet button allows customers to easily share your product pages with their Twitter followers.','en'),(186,163,'Show the count box along with the Tweet button','The count box shows how many times the product page has been Tweeted.','en'),(187,164,'Account name of the user to attribute the Tweet to (optional)','','en'),(188,165,'Account name of the user to follow after sending a Tweet (optional)','Twitter will suggest that customers follow this user once they have sent a Tweet using the Tweet button.','en'),(189,166,'Hashtag to show within the Tweet button and in the text of the tweet status (optional)','','en'),(190,167,'Google+ button settings','','en'),(191,168,'Display the Google+ button on product pages','','en'),(192,169,'Google+ page id','','en'),(193,170,'Pinterest button settings','','en'),(194,171,'Display the Pinterest button on product pages','','en'),(195,172,'Show \"Admin welcome\" block','','en'),(196,173,'PayPal Login','To enable PayPal login, you need to create a PayPal application for your website. The recommended procedure is to go to the My Apps page and create an app for testing, then to go live with this app. For detailed instructions on creating the app, see PayPal documentation at <a href=\"https://developer.paypal.com/docs/integration/admin/manage-apps/\">https://developer.paypal.com/docs/integration/admin/manage-apps/</a>. Be sure to specify your \"App return URL\" as the value of \"Redirect URL\" field below.<br /><br />Once the app has been created, be sure to copy your Client Id and Client Secret from the app details and credentials and have them stored in the fields below.','en'),(197,174,'Redirect URL','','en'),(198,175,'Client Id','','en'),(199,176,'Client Secret','','en'),(200,177,'Test/Live mode','','en'),(201,178,'\"New arrivals\" block settings','','en'),(202,179,'Enable \"New arrivals\" feature in catalog','','en'),(203,180,'Number of days to keep products marked as new arrivals','Specify a non-zero value; otherwise, 30 days will be used by default.','en'),(204,181,'Maximum number of products to display in complete new arrivals list','Limits the total number of products that can be displayed when user clicks the \"All new arrivals\" link in the \"New arrivals\" block. Leave 0 for no limit.','en'),(205,182,'Mark new products in catalog','Marks new products on all products lists (except \"New arrivals\" lists) with the \"New!\" label.','en'),(206,183,'Maximum number of products to display in \"New arrivals\" block','Defines the maximum number of products that can be displayed in the \"New arrivals\" block. Specify a non-zero value; otherwise, 3 products will be displayed by default. If the specified value is less than the total amount of products on complete new arrivals list, that value will be used instead. Drupal block settings can override this option (when the DrupalConnector module is enabled).','en'),(207,184,'Show new products only from category being viewed by customer','Drupal block settings can override this option (when the DrupalConnector module is enabled).','en'),(208,185,'\"Coming soon\" block settings','','en'),(209,186,'Enable \"Coming soon\" feature in catalog','','en'),(210,187,'Mark upcoming products in catalog','Marks upcoming products on all products lists (except \"Coming soon\" lists) with the \"Coming soon...\" label.','en'),(211,188,'Show arrival date on product details pages','','en'),(212,189,'Show \"coming soon\" products only from category being viewed by customer','Drupal block settings can override this option (when the DrupalConnector module is enabled).','en'),(213,190,'Maximum number of products to display in \"Coming soon\" block','Defines a maximum number of products that can be displayed in the \"Coming soon\" block. Specify a non-zero value; otherwise, 3 products will be displayed by default. Drupal block settings can override this option (when the DrupalConnector module is enabled).','en'),(214,191,'\"Recently viewed\" block settings','','en'),(215,192,'Display \"Recently viewed\" block in catalog','','en'),(216,193,'Maximum number of products to display in \"Recently viewed\" block','Defines the maximum amount of products that can be displayed in the \"Recently viewed\" block. Leave 0 for no limit. Drupal block settings can override this option (when the DrupalConnector module is enabled).','en'),(217,194,'\"Customers who bought this product also bought\" block settings','','en'),(218,195,'Display block in catalog','','en'),(219,196,'Maximum number of products to display in block','Defines the maximum number of products that can be displayed in the \"Customers who bought this product also bought\" block. Specify a non-zero value; otherwise, 3 products will be displayed by default. Drupal block settings can override this option (when the DrupalConnector module is enabled).','en'),(220,197,'\"Customers who viewed this product bought\" block settings','','en'),(221,198,'Display block in catalog','','en'),(222,199,'Maximum number of products to display in block','Defines the maximum number of products that can be displayed in the \"Customers who viewed this product bought\" block. Specify a non-zero value; otherwise, 3 products will be displayed by default. Drupal block settings can override this option (when the DrupalConnector module is enabled).','en'),(223,200,'Display the \"Products on sale\" block in the storefront','','en'),(224,201,'Display only the products on sale which are in the category being viewed (or its subcategories)','','en'),(225,202,'The maximum number of products to be displayed in the \"Products on sale\" block','The maximum number of products to be displayed in the \"Products on sale\" block. Set zero to display all products in the block. Drupal block settings can override this option (when the DrupalConnector module is enabled).','en'),(226,203,'Logo','','en'),(227,204,'Favicon','','en'),(228,205,'Frequency of content renewal for Static page','','en'),(229,206,'Priority for Static page','The value should range from 0 to 1.','en'),(230,207,'Show the default menu along with the custom one','','en'),(231,208,'Facebook','To enable Facebook login on your store website, you first need to create a Facebook App for your website. To learn more about Facebook Apps, follow the link: <a href=\"https://developers.facebook.com/apps\">https://developers.facebook.com/apps</a>.<br /> After the app has been created, complete the fields below.','en'),(232,209,'Facebook App ID/API Key','','en'),(233,210,'Facebook App Secret','','en'),(234,211,'Google','To enable Google login, you first need to create OAuth2 client ID for your site.<br /> Follow the instructions below: <br />1. Go to Google API console: <a href=\"https://code.google.com/apis/console#access\">https://code.google.com/apis/console#access</a>. The first time you visit this address you will see a screen saying \"Start using the Google APIs console to manage your API usage\". Click \"Create project...\". <br />2. On the following screen, click \"Create an OAuth2 client ID\".  <br />3. Choose Web application type, enter your store URL and finish creating the Client ID.  <br />4. After the Client ID has been created, open its settings and use the \"Authorized Redirect URIs\" field to specify the redirect URI for your store as \"{{WEB_LC_ROOT}}cart.php?target=social_login&action=login&auth_provider=google\".  <br />5. The Google client ID and Google client secret can be found on the Client ID page. Enter them into the fields below.','en'),(235,212,'Google Client ID','','en'),(236,213,'Google Client secret','','en'),(237,214,'Frequency of content renewal for Welcome page','','en'),(238,215,'Frequency of content renewal for Category page','','en'),(239,216,'Frequency of content renewal for Product page','','en'),(240,217,'Priority for Welcome page','The value should range from 0 to 1.','en'),(241,218,'Priority for Category page','The value should range from 0 to 1.','en'),(242,219,'Priority for Product page','The value should range from 0 to 1.','en'),(243,220,'Enable \"In stock only\" filter','','en'),(244,221,'Enable \"Price range\" filter','','en'),(245,222,'Enable \"Attributes\" filter','','en'),(246,223,'Show only available attributes and tags for products in category','If the setting is disabled, the filter shows all the attribute values and tags used in your store. If the setting is enabled, X-Cart generates a data cache that is used to display in the filter only the attribute values and tags that are actually used for the products in the category being viewed. Please be aware that the availability of the products for specific user membership levels is not taken into account during cache generation.','en'),(247,224,'Cache reset mode','Cache is first generated when a category page is opened. When attribute, tag or product data is changed, the generated cache is removed. It is then generated again when any category is opened.','en'),(248,225,'Sort order for class attributes','','en'),(249,220,'Включить фильтр \"Только товары в наличии\"','','ru'),(250,221,'Включить фильтр \"Цена\"','','ru'),(251,222,'Включить фильтр \"Атрибуты\"','','ru'),(252,223,'Отображать только атрибуты и теги, реально используемые для продуктов в категории','Если данная настройка выключена, в фильтре показываются все значения атрибутов и все теги, используемые в магазине. Если настройка включена, X-Cart генерирует кеш данных, позволяющий отображать в фильтре только те значения атрибутов и теги, которые реально используются для товаров в просматриваемой категории. Обратите внимание, что доступность товаров для отдельных групп пользователей при генерации кеша не учитывается.','ru'),(253,224,'Режим обновления кэша','Кеш впервые генерируется при открытии страницы категории. При внесении изменений в данные атрибутов, тегов или товаров, кеш сбрасывается. Затем он генерируется заново, когда происходит открытие любой категории.','ru'),(254,225,'Порядок сортировки классовых атрибутов','','ru'),(255,226,'Who can leave feedback','','en'),(256,227,'Admin moderates all reviews before showing them to customers','','en'),(257,228,'The quantity of reviews for tabs product reviews','','en'),(258,229,'Use custom css','','en'),(259,230,'Use custom javascript','','en'),(260,233,'User ID','','en'),(261,234,'Password','','en'),(262,235,'Access key','','en'),(263,236,'UPS Account number','A shipper\'s UPS account number is required when requesting to receive the negotiated rates.','en'),(264,237,'Test mode','','en'),(265,238,'Additional settings','','en'),(266,239,'Package settings','','en'),(267,240,'Package box type','','en'),(268,241,'Package dimensions','','en'),(269,242,'Maximum package weight','','en'),(270,243,'Service options','','en'),(271,244,'Pickup type','','en'),(272,245,'Saturday pickup','','en'),(273,246,'Additional handling','','en'),(274,247,'Saturday delivery','','en'),(275,248,'Use negotiated rates','','en'),(276,249,'Delivery confirmation','','en'),(277,250,'Add insured value','','en'),(278,251,'Insured value','','en'),(279,252,'Cash on delivery','','en'),(280,253,'Currency conversion options','','en'),(281,254,'Shipping cost currency','','en'),(282,255,'Currency rate','If the UPS returns rates in currency which is differ from the currency the store uses for payments you need to specify the conversion rate to convert the shipping cost returned by UPS into the necessary currency. Otherwise leave 1.','en'),(283,256,'Additional options','','en'),(284,257,'Enable debugging','This option enables logging of all communication between shopping cart and UPS server.','en'),(285,258,'Number of news messages in the Top news list','','en'),(286,258,'Количество новостей в списке Последних новостей','','ru'),(287,259,'News messages per page','','en'),(288,259,'Количество новостей на странице','','ru'),(289,260,'Shipping cost for products with a defined shipping freight value should be calculated as','','en'),(290,260,'Стоимость доставки для продуктов с заданным значением поля \"Фиксированная стоимость доставки\" должна быть равна','','ru'),(291,263,'Account API Key','Paste in your API Key from your AuctionInc ShippingCalc account (Not required for Trial)','en'),(292,264,'Destination Type','Indicates deliveries are to residential addresses','en'),(293,265,'Debug mode','Enable debug mode to store debugging information to log file','en'),(294,266,'Additional settings','','en'),(295,267,'Default values','These values will be used for any products for which you have not saved ShippingCalc settings','en'),(296,268,'Calculation method','For carrier rates, your configured product weights (& dimensions) will be used','en'),(297,269,'Package','Pack items from the same origin together, or each in its own box.','en'),(298,270,'Insurable','Include product value for insurance calculation based on AuctionInc settings','en'),(299,271,'Mode','','en'),(300,272,'Code','Enter your AuctionInc-configured fixed fee code','en'),(301,273,'Fee 1','Enter fee for first item','en'),(302,274,'Fee 2','Enter fee for additional items and quantities','en'),(303,275,'Calculation options','','en'),(304,276,'Fallback rate','Optionally set default rate if the API cannot be reached or if no rates are found','en'),(305,277,'Fallback rate value','','en'),(306,278,'Carrier Entry Point','','en'),(307,279,'DHL','How you deliver your packages to the carrier','en'),(308,280,'Federal Express','How you deliver your packages to the carrier','en'),(309,281,'United Parcel Service','How you deliver your packages to the carrier','en'),(310,282,'United States Postal Service','Select Comm Base if your print your labels online','en'),(311,283,'Checkout type','','en'),(312,284,'Show number of products in category','Select to show the number of products in a category next to the category\'s name','en'),(313,285,'Wrap long category names','Enable word wrapping for long category names','en'),(314,286,'Show category triangles','Select to display a tiny triangle next the names of categories that include subcategories. Categories that do not contain subcategories will not be furnished with a triangle. Having this option activated would help your store visitors to navigate through your category tree better','en'),(315,290,'Turn on the CloudSearch specific search on the product list','','en'),(316,290,'Включить поиск продуктов от CloudSearch','','ru'),(317,291,'Test mode','','en'),(318,292,'API key','A unique 32 character API key is used to authorise inbound requests to the APIs. To obtain an API key please visit <a href=\"http://auspost.com.au/devcentre\">http://auspost.com.au/devcentre</a> and follow the link to create your Australia Post ID. After registration has been successfully completed you will be emailed an API key.','en'),(319,293,'Package settings','','en'),(320,295,'Package box type','','en'),(321,296,'Package dimensions (mm)','','en'),(322,297,'Additional settings','','en'),(323,298,'Service option','','en'),(324,299,'Extra cover type','','en'),(325,300,'Extra cover value','The specified value (if not empty) will be used as an extra cover value. Otherwise an order total will be used.','en'),(326,301,'Currency rate','Specify rate X, where 1 AUD = X in shop currency.','en'),(327,302,'Enable new methods','When AustraliaPost return shipping methods which does not exists in the available methods list, these methods will be created in the list automatically. You can specify should these methods be created as enabled and accessible customers just after they created, or these methods must be hidden from customer until you manually validate them.','en'),(328,303,'Enable debugging','This option enables logging of all communication between the shopping cart and AustraliaPost server.','en'),(329,305,'Merchant\'s skrill.com account','','en'),(330,306,'Company logo URL','','en'),(331,307,'Test mode','','en'),(332,308,'Secret word','The uppercase MD5 value of the ASCII equivalent of the secret word submitted in the \"Merchant Tools\" section of the Merchant.s online Skrill account.','en'),(333,309,'Invoice number prefix','','en'),(334,311,'Use the same tax rates for all user membership levels','','en'),(335,312,'Address for sales tax calculation','','en'),(336,313,'Taxable base','','en'),(337,314,'User ID','','en'),(338,315,'U.S.P.S. API server URL','Enter the URL provided to you by U.S.P.S. in the notification about your successful registration for the U. S. Postal Service\'s Web Tools Application Program Interfaces. For example: <ul><li>http://testing.shippingapis.com/ShippingAPITest.dll</li><li>http://production.shippingapis.com/ShippingAPI.dll</li></ul>','en'),(339,316,'Additional settings','','en'),(340,317,'Common options','','en'),(341,318,'Package Size (length + girth, inches)','','en'),(342,319,'Package dimensions (inches)','','en'),(343,320,'Girth','Required for large size and if the container is non-rectangular or variable','en'),(344,321,'Maximum package weight','','en'),(345,322,'Machinable','','en'),(346,323,'Currency conversion rate','Specify rate X, where 1 USD = X in shop currency.<br/>The shipping cost is always returned in US Dollars. So if the store uses a different currency for payments, you need to specify a conversion rate to convert the shipping cost returned by the shipping service into your store\'s currency. If the same currency is used, leave this set to 1.','en'),(347,324,'Domestic U.S.P.S.','','en'),(348,325,'Container','','en'),(349,326,'First-Class mail type','','en'),(350,327,'Pricing type to be used','','en'),(351,328,'International U.S.P.S.','','en'),(352,329,'Mail type','','en'),(353,330,'Container','','en'),(354,331,'Get commercial base postage','','en'),(355,332,'Global Express Guarantee (GXG)','','en'),(356,333,'GXG destination is a post office box','','en'),(357,334,'GXG package contains a gift','','en'),(358,335,'Cash on delivery','','en'),(359,336,'Use a fixed amount Collect on Delivery fee','If you are planning to allow your customers to use the COD payment method for orders shipped with USPS shipping methods, you can make the calculation of shipping costs faster by setting a fixed extra fee for using the COD payment method.<br /><br />If a fixed amount COD fee is not set on the store\'s end, it will be calculated on the USPS end, and to get information about the COD fee amount the store will need to send several requests to the USPS API (one for each USPS service type), which may take up to 14 seconds. When using a fixed amount COD fee, the store will only send a single request to the USPS API, which will take under one second.<br /><br />Using a <b>fixed amount COD fee</b> allows the store to calculate the shipping cost much faster and is the <b>recommended option</b>.','en'),(360,337,'Fixed COD price','If you have selected to use a fixed COD fee, specify the fee amount here. The COD fee will be used for all shipping methods returned by the USPS server.<br /><br />You can find the current price for the USPS Collect on Delivery (COD) extra service on this page: <a href=\"https://www.usps.com/business/add-extra-services.htm\" target=\"_blank\">https://www.usps.com/business/add-extra-services.htm</a>','en'),(361,338,'Additional options','','en'),(362,339,'Log all communication between shopping cart and USPS server','','en'),(363,340,'Auto enable new USPS shipping methods','','en'),(364,314,'Идентификатор пользователя','','ru'),(365,315,'Веб-адрес API сервера U.S.P.S.','Введите веб-адрес, указанный в уведомлении от U.S.P.S. об успешной регистрации в U. S. Postal Service Web Tools Application Program Interfaces. Например: <ul><li>http://testing.shippingapis.com/ShippingAPITest.dll</li><li>http://production.shippingapis.com/ShippingAPI.dll</li></ul>','ru'),(366,316,'Дополнительные настройки','','ru'),(367,317,'Общие настройки','','ru'),(368,319,'Размеры упаковки (в дюймах)','','ru'),(369,320,'Периметр (дюймы)','Для больших размеров и непрямоугольного и неизменяемого контейнера.','ru'),(370,321,'Максимальный вес упаковки','','ru'),(371,323,'Коэффициент пересчета валюты','Укажите ставку X, где 1 USD = X в валюте магазина.<br/>Стоимость доставки всегда определяется в американских доллрах. Если в магазине используется другая валюта, необходимо указать коэффициент пересчёта стоимости доставки, полученной от службы доставки, в валюту магазина. Если валюта совпадает, оставить коэффициент равным 1.','ru'),(372,324,'Локальный U.S.P.S.','','ru'),(373,325,'Тара','','ru'),(374,318,'Размеры упаковки (длина+обхват, в дюймах)','','ru'),(375,326,'Тип почтового отправления для сервиса First-Class','','ru'),(376,322,'Машинная обработка','','ru'),(377,327,'Используемый тип цены (розничная, коммерческая и т.п.)','','ru'),(378,328,'Международная служба U.S.P.S.','','ru'),(379,329,'Тип почтового отправления','','ru'),(380,330,'Тара','','ru'),(381,331,'Воспользоваться услугой Commercial Base','','ru'),(382,332,'Служба доставки Global Express Guarantee (GXG)','','ru'),(383,333,'Пункт назначения GXG - абонентский ящик','','ru'),(384,334,'В посылке GXG есть подарок','','ru'),(385,335,'Оплата при получении','','ru'),(386,336,'Использовать фиксированную сумму наценки на доставку наложенным платежом','Если вы планируете предоставлять покупателям возможность оплаты заказа при получении при доставке методами USPS, вы можете ускорить расчет стоимости доставки заказа, установив фиксированную наценку за использование данного метода оплаты. В случае, когда размер наценки не задан жестко на стороне магазина, расчет наценки будет осуществляться на стороне USPS, и для получения информации о размере наценки магазин должен будет отправить несколько запросов к USPS API (по одному для каждого типа сервисов USPS), что в общей сложности может занять до 20 сек. При использовании фиксированной наценки магазин будет делать всего один запрос к USPS API, на который ему потребуется менее одной секунды. Использование фиксированной наценки значительно ускоряет расчет стоимости доставки методами USPS и является рекомендуемой опцией.','ru'),(387,337,'Fixed COD price','Если вы выбрали использование фиксированной наценки на COD, укажите здесь ее значение. Это значение будет использовано для всех методов доставки USPS. Вы можете найти актуальное значение наценки за использование услуги Collect on delivery на этой странице: <a href=\"https://www.usps.com/business/add-extra-services.htm\" target=\"_blank\">https://www.usps.com/business/add-extra-services.htm</a>','ru'),(388,338,'Дополнительные опции','','ru'),(389,339,'Записать всю коммуникацию магазина с сервером USPS','','ru'),(390,340,'Добавлять новые методы USPS включенными','','ru'),(391,341,'Store ID','Store ID is an unique value generated by X-Payments for this shopping cart. This value should be obtained from this online store details page in X-Payments back-end.','en'),(392,342,'X-Payments URL','URL of your X-Payments installation (specify the URL beginning with https://). The store will send payment transaction requests to this URL.','en'),(393,343,'Public key','Public key is used to encrypt requests from the store to your X-Payments installation. This value should be obtained from this online store details page in X-Payments back-end.','en'),(394,344,'Private key','Private key is used to decrypt responses and callback requests that the store receives from your X-Payments installation. This value should be obtained from this online store details page in X-Payments back-end.','en'),(395,345,'Private key password','Private key password is used to decrypt the Private key. This value should be obtained from this online store details page in X-Payments back-end.','en'),(396,346,'IP addresses for X-Payments callbacks (optional)','X-Payments sends callback requests to the store from specific IP addresses. To secure the data transfer and avoid fraudulent requests, specify these IP addresses here as a comma-separated list.','en'),(397,347,'Payment currency','All the payments will be made using the currency specified here.','en'),(398,348,'API version compatibility','','en'),(399,349,'Use iframe','','en'),(400,350,'Date when the payment methods were loaded from site','','en'),(401,351,'List of payment methods allowed by X-Payments','','en'),(402,352,'Payment method for card setup','','en'),(403,353,'Authorize amount for card setup','Which amount should be authorized on card. Recommended 0.00, 0.01 or 1.00. Note: if you chose 0.00 make sure the payment gateway supports such authorization','en'),(404,354,'Description of the card setup payment','Description of card setup authorization. It`s sent to the payment gateway and can be seen by you and your customers thru the bank receipt.','en'),(405,355,'New payment status','New payment status','en'),(406,356,'Auth payment status','Auth payment status','en'),(407,357,'Charged payment status','Charged payment status','en'),(408,358,'Partially captured payment status','Partially captured payment status','en'),(409,359,'Declined payment status','Declined payment status','en'),(410,360,'Refunded payment status','Refunded payment status','en'),(411,361,'Partially refunded payment status','Partially refunded payment status','en'),(412,364,'User','','en'),(413,365,'Password','','en'),(414,366,'Developer mode','','en'),(415,367,'Log all comunications between shopping cart and UPS server','','en'),(416,368,'Additional settings','','en'),(417,369,'Quote type','','en'),(418,370,'Customer number','','en'),(419,371,'Currency rate','(specify rate X, where 1 CAD = X in shop currency)','en'),(420,372,'Contract shipping options','','en'),(421,373,'Contract ID','','en'),(422,374,'Shipments pick up type','','en'),(423,375,'Site number of the deposit location','Look up the site number using <a href=\"https://www.canadapost.ca/cpotools/apps/fdl/business/findDepositLocation?execution=e1s1\">Find a Deposit Location</a>','en'),(424,376,'Render detailed manifest','','en'),(425,377,'Contact name for the manifest address','','en'),(426,378,'Deliver to Post Office options','','en'),(427,379,'Enable \"Deliver to Post Office\" feature','','en'),(428,380,'Maximum Post Offices that will be displayed','','en'),(429,381,'Parcel characteristics','','en'),(430,382,'Package length (cm)','Longest dimension. (3.1 digits e.g. 999.9 pattern)','en'),(431,383,'Package width (cm)','Second longest dimension. (3.1 digits e.g. 999.9 pattern)','en'),(432,384,'Package height (cm)','Shortest dimension. (3.1 digits e.g. 999.9 pattern)','en'),(433,385,'Package maximum weight (kg)','This value will be used to separate ordered products into several packages by weight','en'),(434,386,'Document','Indicates whether the shipment is a document or not.','en'),(435,387,'Unpackaged','Indicates whether a shipment is unpackaged or not. For example, auto tires may be an example of an unpackaged shipment.','en'),(436,388,'Mailing tube','Indicates whether a shipment is contained in a mailing tube. (e.g. a poster tube)','en'),(437,389,'Oversized','Indicates whether the parcel is oversized or not.','en'),(438,390,'Parcel options','','en'),(439,391,'Way to deliver','','en'),(440,392,'Signature','','en'),(441,393,'Proof of age','','en'),(442,394,'Coverage','In percent of the order subtotal (0 - do not use coverage)','en'),(443,395,'Non-delivery instructions','','en'),(444,396,'Amazon Seller ID','','en'),(445,397,'Operation mode','','en'),(446,398,'Access Key ID','','en'),(447,399,'Secret Access Key','','en'),(448,400,'Country of Merchant account','','en'),(449,401,'Capture mode','','en'),(450,402,'Type of authorization request','','en'),(451,403,'OrderId prefix','','en');
CREATE TABLE `xlite_content_images` (
  `id` int(10) unsigned NOT NULL AUTO_INCREMENT,
  `width` int(11) NOT NULL,
  `height` int(11) NOT NULL,
  `hash` char(32) COLLATE utf8_unicode_ci DEFAULT NULL,
  `needProcess` tinyint(1) NOT NULL,
  `path` varchar(512) COLLATE utf8_unicode_ci NOT NULL,
  `fileName` varchar(255) COLLATE utf8_unicode_ci NOT NULL,
  `mime` varchar(128) COLLATE utf8_unicode_ci NOT NULL,
  `storageType` varchar(1) COLLATE utf8_unicode_ci NOT NULL,
  `size` int(10) unsigned NOT NULL,
  `date` int(10) unsigned NOT NULL,
  PRIMARY KEY (`id`)
) ENGINE=InnoDB DEFAULT CHARSET=utf8 COLLATE=utf8_unicode_ci;
CREATE TABLE `xlite_countries` (
  `code` char(2) COLLATE utf8_unicode_ci NOT NULL,
  `currency_id` int(10) unsigned DEFAULT NULL,
  `id` int(11) NOT NULL,
  `code3` char(3) COLLATE utf8_unicode_ci NOT NULL,
  `enabled` tinyint(1) NOT NULL,
  PRIMARY KEY (`code`),
  UNIQUE KEY `UNIQ_C4F7794977153098` (`code`),
  KEY `IDX_C4F7794938248176` (`currency_id`),
  KEY `enabled` (`enabled`),
  CONSTRAINT `FK_C4F7794938248176` FOREIGN KEY (`currency_id`) REFERENCES `xlite_currencies` (`currency_id`) ON DELETE CASCADE
) ENGINE=InnoDB DEFAULT CHARSET=utf8 COLLATE=utf8_unicode_ci;
INSERT INTO `xlite_countries` VALUES ('AD',978,20,'AND',1),('AE',784,784,'ARE',1),('AF',971,4,'AFG',1),('AG',951,28,'ATG',1),('AI',951,660,'AIA',1),('AL',8,8,'ALB',1),('AM',51,51,'ARM',1),('AO',973,24,'AGO',1),('AQ',NULL,10,'ATA',1),('AR',32,32,'ARG',1),('AS',840,16,'ASM',1),('AT',978,40,'AUT',1),('AU',36,36,'AUS',1),('AW',533,533,'ABW',1),('AX',978,248,'ALA',1),('AZ',944,31,'AZE',1),('BA',977,70,'BIH',1),('BB',52,52,'BRB',1),('BD',50,50,'BGD',1),('BE',978,56,'BEL',1),('BF',952,854,'BFA',1),('BG',975,100,'BGR',1),('BH',48,48,'BHR',1),('BI',108,108,'BDI',1),('BJ',952,204,'BEN',1),('BL',978,652,'BLM',1),('BM',60,60,'BMU',1),('BN',96,96,'BRN',1),('BO',68,68,'BOL',1),('BQ',840,535,'BES',1),('BR',986,76,'BRA',1),('BS',44,44,'BHS',1),('BT',356,64,'BTN',1),('BV',578,74,'BVT',1),('BW',72,72,'BWA',1),('BY',974,112,'BLR',1),('BZ',84,84,'BLZ',1),('CA',124,124,'CAN',1),('CC',36,166,'CCK',1),('CD',976,180,'COD',1),('CF',950,140,'CAF',1),('CG',950,178,'COG',1),('CH',756,756,'CHE',1),('CI',950,384,'CIV',1),('CK',554,184,'COK',1),('CL',152,152,'CHL',1),('CM',950,120,'CMR',1),('CN',156,156,'CHN',1),('CO',170,170,'COL',1),('CR',188,188,'CRI',1),('CU',192,192,'CUB',1),('CV',132,132,'CPV',1),('CW',532,531,'CUW',1),('CX',36,162,'CXR',1),('CY',978,196,'CYP',1),('CZ',203,203,'CZE',1),('DE',978,276,'DEU',1),('DJ',262,262,'DJI',1),('DK',208,208,'DNK',1),('DM',951,212,'DMA',1),('DO',214,214,'DOM',1),('DZ',12,12,'DZA',1),('EC',840,218,'ECU',1),('EE',978,233,'EST',1),('EG',818,818,'EGY',1),('EH',504,732,'ESH',1),('ER',232,232,'ERI',1),('ES',978,724,'ESP',1),('ET',230,231,'ETH',1),('FI',978,246,'FIN',1),('FJ',242,242,'FJI',1),('FK',238,238,'FLK',1),('FM',840,583,'FSM',1),('FO',208,234,'FRO',1),('FR',978,250,'FRA',1),('GA',950,266,'GAB',1),('GB',826,826,'GBR',1),('GD',951,308,'GRD',1),('GE',981,268,'GEO',1),('GF',978,254,'GUF',1),('GG',826,831,'GGY',1),('GH',936,288,'GHA',1),('GI',292,292,'GIB',1),('GL',208,304,'GRL',1),('GM',270,270,'GMB',1),('GN',324,324,'GIN',1),('GP',978,312,'GLP',1),('GQ',950,226,'GNQ',1),('GR',978,300,'GRC',1),('GS',826,239,'SGS',1),('GT',320,320,'GTM',1),('GU',840,316,'GUM',1),('GW',952,624,'GNB',1),('GY',328,328,'GUY',1),('HK',344,344,'HKG',1),('HM',36,334,'HMD',1),('HN',340,340,'HND',1),('HR',191,191,'HRV',1),('HT',332,332,'HTI',1),('HU',348,348,'HUN',1),('ID',360,360,'IDN',1),('IE',978,372,'IRL',1),('IL',376,376,'ISR',1),('IM',826,833,'IMN',1),('IN',356,356,'IND',1),('IO',840,86,'IOT',1),('IQ',368,368,'IRQ',1),('IR',364,364,'IRN',1),('IS',352,352,'ISL',1),('IT',978,380,'ITA',1),('JE',826,832,'JEY',1),('JM',388,388,'JAM',1),('JO',400,400,'JOR',1),('JP',392,392,'JPN',1),('KE',404,404,'KEN',1),('KG',417,417,'KGZ',1),('KH',116,116,'KHM',1),('KI',36,296,'KIR',1),('KM',174,174,'COM',1),('KN',951,659,'KNA',1),('KP',408,408,'PRK',1),('KR',410,410,'KOR',1),('KW',414,414,'KWT',1),('KY',136,136,'CYM',1),('KZ',398,398,'KAZ',1),('LA',418,418,'LAO',1),('LB',422,422,'LBN',1),('LC',951,662,'LCA',1),('LI',756,438,'LIE',1),('LK',144,144,'LKA',1),('LR',430,430,'LBR',1),('LS',426,426,'LSO',1),('LT',440,440,'LTU',1),('LU',978,442,'LUX',1),('LV',428,428,'LVA',1),('LY',434,434,'LBY',1),('MA',504,504,'MAR',1),('MC',978,492,'MCO',1),('MD',498,498,'MDA',1),('ME',978,499,'MNE',1),('MF',978,663,'MAF',1),('MG',969,450,'MDG',1),('MH',840,584,'MHL',1),('MK',807,807,'MKD',1),('ML',952,466,'MLI',1),('MM',64,104,'MMR',1),('MN',496,496,'MNG',1),('MO',446,446,'MAC',1),('MP',840,580,'MNP',1),('MQ',978,474,'MTQ',1),('MR',478,478,'MRT',1),('MS',951,500,'MSR',1),('MT',978,470,'MLT',1),('MU',480,480,'MUS',1),('MV',462,462,'MDV',1),('MW',454,454,'MWI',1),('MX',484,484,'MEX',1),('MY',458,458,'MYS',1),('MZ',943,508,'MOZ',1),('NA',516,516,'NAM',1),('NC',953,540,'NCL',1),('NE',952,562,'NER',1),('NF',36,574,'NFK',1),('NG',566,566,'NGA',1),('NI',558,558,'NIC',1),('NL',978,528,'NLD',1),('NO',578,578,'NOR',1),('NP',524,524,'NPL',1),('NR',36,520,'NRU',1),('NU',554,570,'NIU',1),('NZ',554,554,'NZL',1),('OM',512,512,'OMN',1),('PA',590,591,'PAN',1),('PE',604,604,'PER',1),('PF',953,258,'PYF',1),('PG',598,598,'PNG',1),('PH',608,608,'PHL',1),('PK',586,586,'PAK',1),('PL',985,616,'POL',1),('PM',978,666,'SPM',1),('PN',554,612,'PCN',1),('PR',840,630,'PRI',1),('PS',400,275,'PSE',1),('PT',978,620,'PRT',1),('PW',840,585,'PLW',1),('PY',600,600,'PRY',1),('QA',634,634,'QAT',1),('RE',978,638,'REU',1),('RO',946,642,'ROU',1),('RS',941,688,'SRB',1),('RU',643,643,'RUS',1),('RW',646,646,'RWA',1),('SA',682,682,'SAU',1),('SB',90,90,'SLB',1),('SC',690,690,'SYC',1),('SD',938,729,'SDN',1),('SE',752,752,'SWE',1),('SG',702,702,'SGP',1),('SH',654,654,'SHN',1),('SI',978,705,'SVN',1),('SJ',978,744,'SJM',1),('SK',978,703,'SVK',1),('SL',694,694,'SLE',1),('SM',978,674,'SMR',1),('SN',952,686,'SEN',1),('SO',706,706,'SOM',1),('SR',968,740,'SUR',1),('SS',728,728,'SSD',1),('ST',678,678,'STP',1),('SV',222,222,'SLV',1),('SX',532,534,'SXM',1),('SY',760,760,'SYR',1),('SZ',748,748,'SWZ',1),('TC',840,796,'TCA',1),('TD',950,148,'TCD',1),('TF',978,260,'ATF',1),('TG',952,768,'TGO',1),('TH',764,764,'THA',1),('TJ',972,762,'TJK',1),('TK',554,772,'TKL',1),('TL',840,626,'TLS',1),('TM',934,795,'TKM',1),('TN',788,788,'TUN',1),('TO',776,776,'TON',1),('TR',949,792,'TUR',1),('TT',780,780,'TTO',1),('TV',36,798,'TUV',1),('TW',901,158,'TWN',1),('TZ',834,834,'TZA',1),('UA',980,804,'UKR',1),('UG',800,800,'UGA',1),('UM',840,581,'UMI',1),('US',840,840,'USA',1),('UY',858,858,'URY',1),('UZ',860,860,'UZB',1),('VA',978,336,'VAT',1),('VC',951,670,'VCT',1),('VE',937,862,'VEN',1),('VG',840,92,'VGB',1),('VI',840,850,'VIR',1),('VN',704,704,'VNM',1),('VU',548,548,'VUT',1),('WF',953,876,'WLF',1),('WS',882,882,'WSM',1),('YE',886,887,'YEM',1),('YT',978,175,'MYT',1),('ZA',710,710,'ZAF',1),('ZM',894,894,'ZMB',1),('ZW',932,716,'ZWE',1);
CREATE TABLE `xlite_country_translations` (
  `label_id` int(11) NOT NULL AUTO_INCREMENT,
  `id` char(2) COLLATE utf8_unicode_ci DEFAULT NULL,
  `country` varchar(64) COLLATE utf8_unicode_ci NOT NULL,
  `code` char(2) COLLATE utf8_unicode_ci NOT NULL,
  PRIMARY KEY (`label_id`),
  KEY `ci` (`code`,`id`),
  KEY `country` (`country`),
  KEY `id` (`id`),
  CONSTRAINT `FK_758727C3BF396750` FOREIGN KEY (`id`) REFERENCES `xlite_countries` (`code`) ON DELETE CASCADE
) ENGINE=InnoDB DEFAULT CHARSET=utf8 COLLATE=utf8_unicode_ci;
INSERT INTO `xlite_country_translations` VALUES (1,'AF','Afghanistan','en'),(2,'AX','Åland Islands','en'),(3,'AL','Albania','en'),(4,'DZ','Algeria','en'),(5,'AS','American Samoa','en'),(6,'AD','Andorra','en'),(7,'AO','Angola','en'),(8,'AI','Anguilla','en'),(9,'AQ','Antarctica','en'),(10,'AG','Antigua and Barbuda','en'),(11,'AR','Argentina','en'),(12,'AM','Armenia','en'),(13,'AW','Aruba','en'),(14,'AU','Australia','en'),(15,'AT','Austria','en'),(16,'AZ','Azerbaijan','en'),(17,'BS','Bahamas','en'),(18,'BH','Bahrain','en'),(19,'BD','Bangladesh','en'),(20,'BB','Barbados','en'),(21,'BY','Belarus','en'),(22,'BE','Belgium','en'),(23,'BZ','Belize','en'),(24,'BJ','Benin','en'),(25,'BM','Bermuda','en'),(26,'BT','Bhutan','en'),(27,'BO','Bolivia, Plurinational State of','en'),(28,'BQ','Bonaire, Sint Eustatius and Saba','en'),(29,'BA','Bosnia and Herzegowina','en'),(30,'BW','Botswana','en'),(31,'BV','Bouvet Island','en'),(32,'BR','Brazil','en'),(33,'IO','British Indian Ocean Territory','en'),(34,'BN','Brunei Darussalam','en'),(35,'BG','Bulgaria','en'),(36,'BF','Burkina Faso','en'),(37,'BI','Burundi','en'),(38,'KH','Cambodia','en'),(39,'CM','Cameroon','en'),(40,'CA','Canada','en'),(41,'CV','Cape Verde','en'),(42,'KY','Cayman Islands','en'),(43,'CF','Central African Republic','en'),(44,'TD','Chad','en'),(45,'CL','Chile','en'),(46,'CN','China','en'),(47,'CX','Christmas Island','en'),(48,'CC','Cocos (Keeling) Islands','en'),(49,'CO','Colombia','en'),(50,'KM','Comoros','en'),(51,'CG','Congo','en'),(52,'CD','Congo, the Democratic Republic of the','en'),(53,'CK','Cook Islands','en'),(54,'CR','Costa Rica','en'),(55,'CI','Côte d\'Ivoire','en'),(56,'HR','Croatia','en'),(57,'CU','Cuba','en'),(58,'CW','Curaçao','en'),(59,'CY','Cyprus','en'),(60,'CZ','Czech Republic','en'),(61,'DK','Denmark','en'),(62,'DJ','Djibouti','en'),(63,'DM','Dominica','en'),(64,'DO','Dominican Republic','en'),(65,'EC','Ecuador','en'),(66,'EG','Egypt','en'),(67,'SV','El Salvador','en'),(68,'GQ','Equatorial Guinea','en'),(69,'ER','Eritrea','en'),(70,'EE','Estonia','en'),(71,'ET','Ethiopia','en'),(72,'FK','Falkland Islands (Malvinas)','en'),(73,'FO','Faroe Islands','en'),(74,'FJ','Fiji','en'),(75,'FI','Finland','en'),(76,'FR','France','en'),(77,'GF','French Guiana','en'),(78,'PF','French Polynesia','en'),(79,'TF','French Southern Territories','en'),(80,'GA','Gabon','en'),(81,'GM','Gambia','en'),(82,'GE','Georgia','en'),(83,'DE','Germany','en'),(84,'GH','Ghana','en'),(85,'GI','Gibraltar','en'),(86,'GR','Greece','en'),(87,'GL','Greenland','en'),(88,'GD','Grenada','en'),(89,'GP','Guadeloupe','en'),(90,'GU','Guam','en'),(91,'GT','Guatemala','en'),(92,'GG','Guernsey','en'),(93,'GN','Guinea','en'),(94,'GW','Guinea-Bissau','en'),(95,'GY','Guyana','en'),(96,'HT','Haiti','en'),(97,'HM','Heard and McDonald Islands','en'),(98,'VA','Holy See (Vatican City State)','en'),(99,'HN','Honduras','en'),(100,'HK','Hong Kong','en'),(101,'HU','Hungary','en'),(102,'IS','Iceland','en'),(103,'IN','India','en'),(104,'ID','Indonesia','en'),(105,'IR','Iran, Islamic Republic of','en'),(106,'IQ','Iraq','en'),(107,'IE','Ireland','en'),(108,'IM','Isle of Man','en'),(109,'IL','Israel','en'),(110,'IT','Italy','en'),(111,'JM','Jamaica','en'),(112,'JP','Japan','en'),(113,'JE','Jersey','en'),(114,'JO','Jordan','en'),(115,'KZ','Kazakhstan','en'),(116,'KE','Kenya','en'),(117,'KI','Kiribati','en'),(118,'KP','Korea, Democratic People\'s Republic of','en'),(119,'KR','Korea, Republic of','en'),(120,'KW','Kuwait','en'),(121,'KG','Kyrgyzstan','en'),(122,'LA','Lao People\'s Democratic Republic','en'),(123,'LV','Latvia','en'),(124,'LB','Lebanon','en'),(125,'LS','Lesotho','en'),(126,'LR','Liberia','en'),(127,'LY','Libya','en'),(128,'LI','Liechtenstein','en'),(129,'LT','Lithuania','en'),(130,'LU','Luxembourg','en'),(131,'MO','Macao','en'),(132,'MK','Macedonia','en'),(133,'MG','Madagascar','en'),(134,'MW','Malawi','en'),(135,'MY','Malaysia','en'),(136,'MV','Maldives','en'),(137,'ML','Mali','en'),(138,'MT','Malta','en'),(139,'MH','Marshall Islands','en'),(140,'MQ','Martinique','en'),(141,'MR','Mauritania','en'),(142,'MU','Mauritius','en'),(143,'YT','Mayotte','en'),(144,'MX','Mexico','en'),(145,'FM','Micronesia, Federated States of','en'),(146,'MD','Moldova, Republic of','en'),(147,'MC','Monaco','en'),(148,'MN','Mongolia','en'),(149,'ME','Montenegro','en'),(150,'MS','Montserrat','en'),(151,'MA','Morocco','en'),(152,'MZ','Mozambique','en'),(153,'MM','Myanmar','en'),(154,'NA','Namibia','en'),(155,'NR','Nauru','en'),(156,'NP','Nepal','en'),(157,'NL','Netherlands','en'),(158,'NC','New Caledonia','en'),(159,'NZ','New Zealand','en'),(160,'NI','Nicaragua','en'),(161,'NE','Niger','en'),(162,'NG','Nigeria','en'),(163,'NU','Niue','en'),(164,'NF','Norfolk Island','en'),(165,'MP','Northern Mariana Islands','en'),(166,'NO','Norway','en'),(167,'OM','Oman','en'),(168,'PK','Pakistan','en'),(169,'PW','Palau','en'),(170,'PS','Palestinian Territory, Occupied','en'),(171,'PA','Panama','en'),(172,'PG','Papua New Guinea','en'),(173,'PY','Paraguay','en'),(174,'PE','Peru','en'),(175,'PH','Philippines','en'),(176,'PN','Pitcairn','en'),(177,'PL','Poland','en'),(178,'PT','Portugal','en'),(179,'PR','Puerto Rico','en'),(180,'QA','Qatar','en'),(181,'RE','Réunion','en'),(182,'RO','Romania','en'),(183,'RU','Russian Federation','en'),(184,'RW','Rwanda','en'),(185,'BL','Saint Barthélemy','en'),(186,'SH','Saint Helena, Ascension and Tristan da Cunha','en'),(187,'KN','Saint Kitts and Nevis','en'),(188,'LC','Saint Lucia','en'),(189,'MF','Saint Martin','en'),(190,'PM','Saint Pierre and Miquelon','en'),(191,'VC','Saint Vincent and the Grenadines','en'),(192,'WS','Samoa','en'),(193,'SM','San Marino','en'),(194,'ST','Sao Tome and Principe','en'),(195,'SA','Saudi Arabia','en'),(196,'SN','Senegal','en'),(197,'RS','Serbia','en'),(198,'SC','Seychelles','en'),(199,'SL','Sierra Leone','en'),(200,'SG','Singapore','en'),(201,'SX','Sint Maarten','en'),(202,'SK','Slovakia','en'),(203,'SI','Slovenia','en'),(204,'SB','Solomon Islands','en'),(205,'SO','Somalia','en'),(206,'ZA','South Africa','en'),(207,'GS','South Georgia and the South Sandwich Islands','en'),(208,'SS','South Sudan','en'),(209,'ES','Spain','en'),(210,'LK','Sri Lanka','en'),(211,'SD','Sudan','en'),(212,'SR','Suriname','en'),(213,'SJ','Svalbard and Jan Mayen','en'),(214,'SZ','Swaziland','en'),(215,'SE','Sweden','en'),(216,'CH','Switzerland','en'),(217,'SY','Syrian Arab Republic','en'),(218,'TW','Taiwan, Province of China','en'),(219,'TJ','Tajikistan','en'),(220,'TZ','Tanzania, United Republic of','en'),(221,'TH','Thailand','en'),(222,'TL','Timor-Leste','en'),(223,'TG','Togo','en'),(224,'TK','Tokelau','en'),(225,'TO','Tonga','en'),(226,'TT','Trinidad and Tobago','en'),(227,'TN','Tunisia','en'),(228,'TR','Turkey','en'),(229,'TM','Turkmenistan','en'),(230,'TC','Turks and Caicos Islands','en'),(231,'TV','Tuvalu','en'),(232,'UG','Uganda','en'),(233,'UA','Ukraine','en'),(234,'AE','United Arab Emirates','en'),(235,'GB','United Kingdom','en'),(236,'US','United States','en'),(237,'UM','United States Minor Outlying Islands','en'),(238,'UY','Uruguay','en'),(239,'UZ','Uzbekistan','en'),(240,'VU','Vanuatu','en'),(241,'VE','Venezuela, Bolivarian Republic of','en'),(242,'VN','Viet Nam','en'),(243,'VG','Virgin Islands, British','en'),(244,'VI','Virgin Islands, U.S.','en'),(245,'WF','Wallis And Futuna Islands','en'),(246,'EH','Western Sahara','en'),(247,'YE','Yemen','en'),(248,'ZM','Zambia','en'),(249,'ZW','Zimbabwe','en');
CREATE TABLE `xlite_coupon_categories` (
  `coupon_id` int(10) unsigned NOT NULL,
  `category_id` int(10) unsigned NOT NULL,
  PRIMARY KEY (`coupon_id`,`category_id`),
  KEY `IDX_2EB1BB6066C5951B` (`coupon_id`),
  KEY `IDX_2EB1BB6012469DE2` (`category_id`),
  CONSTRAINT `FK_2EB1BB6012469DE2` FOREIGN KEY (`category_id`) REFERENCES `xlite_categories` (`category_id`) ON DELETE CASCADE,
  CONSTRAINT `FK_2EB1BB6066C5951B` FOREIGN KEY (`coupon_id`) REFERENCES `xlite_coupons` (`id`) ON DELETE CASCADE
) ENGINE=InnoDB DEFAULT CHARSET=utf8 COLLATE=utf8_unicode_ci;
CREATE TABLE `xlite_coupons` (
  `id` int(10) unsigned NOT NULL AUTO_INCREMENT,
  `code` char(16) COLLATE utf8_unicode_ci NOT NULL,
  `enabled` tinyint(1) NOT NULL,
  `value` decimal(14,4) NOT NULL,
  `type` char(1) COLLATE utf8_unicode_ci NOT NULL,
  `comment` varchar(64) COLLATE utf8_unicode_ci NOT NULL,
  `uses` int(10) unsigned NOT NULL,
  `dateRangeBegin` int(10) unsigned NOT NULL,
  `dateRangeEnd` int(10) unsigned NOT NULL,
  `totalRangeBegin` decimal(14,4) NOT NULL,
  `totalRangeEnd` decimal(14,4) NOT NULL,
  `usesLimit` int(10) unsigned NOT NULL,
  `usesLimitPerUser` int(10) unsigned NOT NULL,
  `singleUse` tinyint(1) NOT NULL,
  PRIMARY KEY (`id`),
  KEY `ce` (`code`,`enabled`)
) ENGINE=InnoDB DEFAULT CHARSET=utf8 COLLATE=utf8_unicode_ci;
CREATE TABLE `xlite_currencies` (
  `currency_id` int(10) unsigned NOT NULL,
  `code` char(3) COLLATE utf8_unicode_ci NOT NULL,
  `symbol` varchar(16) COLLATE utf8_unicode_ci NOT NULL,
  `prefix` varchar(32) COLLATE utf8_unicode_ci NOT NULL,
  `suffix` varchar(32) COLLATE utf8_unicode_ci NOT NULL,
  `e` smallint(6) NOT NULL,
  `decimalDelimiter` varchar(8) COLLATE utf8_unicode_ci NOT NULL,
  `thousandDelimiter` varchar(8) COLLATE utf8_unicode_ci NOT NULL,
  PRIMARY KEY (`currency_id`),
  UNIQUE KEY `UNIQ_903AF16077153098` (`code`),
  KEY `code` (`code`)
) ENGINE=InnoDB DEFAULT CHARSET=utf8 COLLATE=utf8_unicode_ci;
INSERT INTO `xlite_currencies` VALUES (8,'ALL','L','L','',2,'.',''),(12,'DZD','د.ج','د.ج','',2,'.',''),(32,'ARS','$','$','',2,'.',''),(36,'AUD','$','$','',2,'.',''),(44,'BSD','$','$','',2,'.',''),(48,'BHD','.د.ب','.د.ب','',3,'.',''),(50,'BDT','৳','৳','',2,'.',''),(51,'AMD','դր.','դր.','',2,'.',''),(52,'BBD','$','$','',2,'.',''),(60,'BMD','$','$','',2,'.',''),(64,'BTN','Nu','Nu','',2,'.',''),(68,'BOB','$','$','',2,'.',''),(72,'BWP','P','P','',2,'.',''),(84,'BZD','$','$','',2,'.',''),(90,'SBD','$','$','',2,'.',''),(96,'BND','$','$','',2,'.',''),(104,'MMK','K','K','',2,'.',''),(108,'BIF','₣','₣','',0,'.',''),(116,'KHR','$','$','',2,'.',''),(124,'CAD','$','$','',2,'.',''),(132,'CVE','$','$','',2,'.',''),(136,'KYD','$','$','',2,'.',''),(144,'LKR','Re','Re','',2,'.',''),(152,'CLP','$','$','',0,'.',''),(156,'CNY','¥','¥','',2,'.',''),(170,'COP','$','$','',2,'.',''),(174,'KMF','₣','₣','',0,'.',''),(188,'CRC','₡','₡','',2,'.',''),(191,'HRK','Kn','Kn','',2,'.',''),(192,'CUP','$','$','',2,'.',''),(203,'CZK','Kč','Kč','',2,'.',''),(208,'DKK','kr','kr','',2,'.',''),(214,'DOP','$','$','',2,'.',''),(222,'SVC','₡','₡','',2,'.',''),(230,'ETB','Br','Br','',2,'.',''),(232,'ERN','Nfk','Nfk','',2,'.',''),(238,'FKP','£','£','',2,'.',''),(242,'FJD','$','$','',2,'.',''),(262,'DJF','₣','₣','',0,'.',''),(270,'GMD','D','D','',2,'.',''),(292,'GIP','£','£','',2,'.',''),(320,'GTQ','Q','Q','',2,'.',''),(324,'GNF','₣','₣','',0,'.',''),(328,'GYD','$','$','',2,'.',''),(332,'HTG','G','G','',2,'.',''),(340,'HNL','L','L','',2,'.',''),(344,'HKD','$','$','',2,'.',''),(348,'HUF','ƒ','ƒ','',2,'.',''),(352,'ISK','kr','kr','',0,'.',''),(356,'INR','₹','₹','',2,'.',''),(360,'IDR','Rp','Rp','',0,'.',''),(364,'IRR','﷼','﷼','',2,'.',''),(368,'IQD','ع.د','ع.د','',3,'.',''),(376,'ILS','₪','₪','',2,'.',''),(388,'JMD','$','$','',2,'.',''),(392,'JPY','¥','¥','',0,'.',''),(398,'KZT','₸','₸','',2,'.',''),(400,'JOD','د.ا','د.ا','',3,'.',''),(404,'KES','KSh','KSh','',2,'.',''),(408,'KPW','₩','₩','',2,'.',''),(410,'KRW','₩','₩','',0,'.',''),(414,'KWD','د.ك','د.ك','',3,'.',''),(417,'KGS','C','C','',2,'.',''),(418,'LAK','₭','₭','',2,'.',''),(422,'LBP','.ل.ل','.ل.ل','',2,'.',''),(426,'LSL','L','L','',2,'.',''),(428,'LVL','Ls','Ls','',2,'.',''),(430,'LRD','$','$','',2,'.',''),(434,'LYD','ل.د','ل.د','',3,'.',''),(440,'LTL','Lt','Lt','',2,'.',''),(446,'MOP','$','$','',2,'.',''),(454,'MWK','K','K','',2,'.',''),(458,'MYR','RM','RM','',2,'.',''),(462,'MVR','Rf','Rf','',2,'.',''),(478,'MRO','UM','UM','',0,'.',''),(480,'MUR','Re','Re','',2,'.',''),(484,'MXN','$','$','',2,'.',''),(496,'MNT','₮','₮','',2,'.',''),(498,'MDL','L','L','',2,'.',''),(504,'MAD','د. م.','د. م.','',2,'.',''),(512,'OMR','ر.ع.','ر.ع.','',3,'.',''),(516,'NAD','N$','N$','',2,'.',''),(524,'NPR','Re','Re','',2,'.',''),(532,'ANG','ƒ','ƒ','',2,'.',''),(533,'AWG','ƒ','ƒ','',2,'.',''),(548,'VUV','Vt','Vt','',0,'.',''),(554,'NZD','$','$','',2,'.',''),(558,'NIO','$','$','',2,'.',''),(566,'NGN','₦','₦','',2,'.',''),(578,'NOK','kr','kr','',2,'.',''),(586,'PKR','Re','Re','',2,'.',''),(590,'PAB','B/.','B/.','',2,'.',''),(598,'PGK','K','K','',2,'.',''),(600,'PYG','₲','₲','',0,'.',''),(604,'PEN','S/.','S/.','',2,'.',''),(608,'PHP','₱','₱','',2,'.',''),(634,'QAR','ر.ق','ر.ق','',2,'.',''),(643,'RUB','р.','','р.',2,'.',''),(646,'RWF','₣','₣','',0,'.',''),(654,'SHP','£','£','',2,'.',''),(678,'STD','Db','Db','',2,'.',''),(682,'SAR','ر.س','ر.س','',2,'.',''),(690,'SCR','Re','Re','',2,'.',''),(694,'SLL','Le','Le','',2,'.',''),(702,'SGD','$','$','',2,'.',''),(704,'VND','₫','₫','',0,'.',''),(706,'SOS','S','S','',2,'.',''),(710,'ZAR','R','R','',2,'.',''),(728,'SSP','SSP','SSP','',2,'.',''),(748,'SZL','L','L','',2,'.',''),(752,'SEK','kr','kr','',2,'.',''),(756,'CHF','₣','₣','',2,'.',''),(760,'SYP','S£','S£','',2,'.',''),(764,'THB','฿','฿','',2,'.',''),(776,'TOP','$','$','',2,'.',''),(780,'TTD','$','$','',2,'.',''),(784,'AED','د.إ','د.إ','',2,'.',''),(788,'TND','د.ت','د.ت','',3,'.',''),(800,'UGX','USh','USh','',2,'.',''),(807,'MKD','ден.','ден.','',2,'.',''),(818,'EGP','LE','LE','',2,'.',''),(826,'GBP','£','£','',2,'.',''),(834,'TZS','TSh','TSh','',2,'.',''),(840,'USD','$','$','',2,'.',''),(858,'UYU','$','$','',2,'.',''),(860,'UZS','сўм','сўм','',2,'.',''),(882,'WST','$','$','',2,'.',''),(886,'YER','﷼','﷼','',2,'.',''),(894,'ZMK','K','K','',2,'.',''),(901,'TWD','NT$','NT$','',2,'.',''),(932,'ZWL','Z$','Z$','',2,'.',''),(934,'TMT','m','m','',2,'.',''),(936,'GHS','₵','₵','',2,'.',''),(937,'VEF','Bs','Bs','',2,'.',''),(938,'SDG','£','£','',2,'.',''),(941,'RSD','дин.','дин.','',2,'.',''),(943,'MZN','MT','MT','',2,'.',''),(944,'AZN','m','m','',2,'.',''),(946,'RON','L','L','',2,'.',''),(949,'TRY','₤','₤','',2,'.',''),(950,'XAF','₣','₣','',0,'.',''),(951,'XCD','$','$','',2,'.',''),(952,'XOF','₣','₣','',0,'.',''),(953,'XPF','₣','₣','',0,'.',''),(968,'SRD','$','$','',2,'.',''),(969,'MGA','Ar.','Ar.','',0,'.',''),(971,'AFN','؋','؋','',2,'.',''),(972,'TJS','с.','с.','',2,'.',''),(973,'AOA','Kz','Kz','',2,'.',''),(974,'BYR','Br','','Br',0,'.',''),(975,'BGN','лв','лв','',2,'.',''),(976,'CDF','₣','₣','',2,'.',''),(977,'BAM','KM','KM','',2,'.',''),(978,'EUR','€','€','',2,'.',''),(980,'UAH','₴','₴','',2,'.',''),(981,'GEL','ლ.','ლ.','',2,'.',''),(985,'PLN','zł','zł','',2,'.',''),(986,'BRL','$','$','',2,'.','');
CREATE TABLE `xlite_currency_translations` (
  `label_id` int(11) NOT NULL AUTO_INCREMENT,
  `id` int(10) unsigned DEFAULT NULL,
  `name` varchar(255) COLLATE utf8_unicode_ci NOT NULL,
  `code` char(2) COLLATE utf8_unicode_ci NOT NULL,
  PRIMARY KEY (`label_id`),
  KEY `ci` (`code`,`id`),
  KEY `id` (`id`),
  CONSTRAINT `FK_E560C647BF396750` FOREIGN KEY (`id`) REFERENCES `xlite_currencies` (`currency_id`) ON DELETE CASCADE
) ENGINE=InnoDB DEFAULT CHARSET=utf8 COLLATE=utf8_unicode_ci;
INSERT INTO `xlite_currency_translations` VALUES (1,784,'UAE Dirtham','en'),(2,971,'Afghani','en'),(3,8,'Lek','en'),(4,51,'Armenian Dram','en'),(5,532,'Netherlands Antillian Guilder','en'),(6,973,'Kwanza','en'),(7,32,'Argentine Peso','en'),(8,36,'Australian Dollar','en'),(9,533,'Aruban Guilder','en'),(10,944,'Azerbaijanian Manat','en'),(11,977,'Convertible Marks','en'),(12,52,'Barbados Dollar','en'),(13,50,'Bangladesh Taka','en'),(14,975,'Bulgarian Lev','en'),(15,48,'Bahraini dinar','en'),(16,108,'Burundi Franc','en'),(17,60,'Bermudian Dollar','en'),(18,96,'Brunei Dollar','en'),(19,68,'Boliviano','en'),(20,986,'Brazilian Real','en'),(21,44,'Bahamian dollar','en'),(22,64,'Ngultrum','en'),(23,72,'Botswana Pula','en'),(24,974,'Belarussian Rouble','en'),(25,84,'Belize Dollar','en'),(26,124,'Canadian Dollar','en'),(27,976,'Franc Congolais','en'),(28,756,'Swiss Franc','en'),(29,152,'Chilean Peso','en'),(30,156,'Chinese Renminbi Yuan','en'),(31,170,'Colombian Peso','en'),(32,188,'Cost Rican Colon','en'),(33,192,'Cuban Peso','en'),(34,132,'Cape Verde Escudo','en'),(35,203,'Czech Koruna','en'),(36,262,'Djibouti Franc','en'),(37,208,'Danish Krone','en'),(38,214,'Dominican Peso','en'),(39,12,'Algerian Dinar','en'),(40,818,'Egyptian Pound','en'),(41,232,'Nakfa','en'),(42,230,'Ethiopian Birr','en'),(43,978,'Euro','en'),(44,242,'Fiji Dollar','en'),(45,238,'Falkland Islands Pound','en'),(46,826,'Pound Sterling','en'),(47,981,'Lari','en'),(48,936,'Ghana Cedi','en'),(49,292,'Gilbraltar Pound','en'),(50,270,'Dalasi','en'),(51,324,'Guinea Franc','en'),(52,320,'Quetzal','en'),(53,328,'Guyana Dollar','en'),(54,344,'Hong Kong Dollar','en'),(55,340,'Lempira','en'),(56,191,'Croatian Kuna','en'),(57,332,'Gourde','en'),(58,348,'Hungary Forint','en'),(59,360,'Indonesian Rupiah','en'),(60,376,'New Israeli Sheqel','en'),(61,356,'Indian Rupee','en'),(62,368,'Iraqi Dinar','en'),(63,364,'Iranian Rial','en'),(64,352,'Iceland Krona','en'),(65,388,'Jamaican Dollar','en'),(66,400,'Jordanian Dinar','en'),(67,392,'Japanese Yen','en'),(68,404,'Kenyan Shilling','en'),(69,417,'Son','en'),(70,116,'Cambodian riel','en'),(71,174,'Comoro Franc','en'),(72,408,'North Korean Won','en'),(73,410,'South Korean Won','en'),(74,414,'Kuwaiti Dinar','en'),(75,136,'Cayman Islands Dollar','en'),(76,398,'Tenge','en'),(77,418,'Kip','en'),(78,422,'Lebanese Pound','en'),(79,144,'Sri Lanka Rupee','en'),(80,430,'Liberian Dollar','en'),(81,426,'Loti','en'),(82,440,'Lithuanian Litus','en'),(83,428,'Latvian Lats','en'),(84,434,'Libyan Dinar','en'),(85,504,'Moroccan Dirtham','en'),(86,498,'Moldovan Leu','en'),(87,969,'Malagasy Ariary','en'),(88,807,'Denar','en'),(89,104,'Kyat','en'),(90,496,'Tugrik','en'),(91,446,'Pataca','en'),(92,478,'Ouguiya','en'),(93,480,'Mauritius Rupee','en'),(94,462,'Rufiyaa','en'),(95,454,'Malawian kwacha','en'),(96,484,'Mexican Peso','en'),(97,458,'Ringgit Malaysia','en'),(98,943,'Mozambique Metical','en'),(99,516,'Namibia Dollar','en'),(100,566,'Naira','en'),(101,558,'Cordoba Oro','en'),(102,578,'Norwegian Krone','en'),(103,524,'Nepalese Rupee','en'),(104,554,'New Zealand Dollar','en'),(105,512,'Rial Omani','en'),(106,590,'Balboa','en'),(107,604,'Nuevo Sol','en'),(108,598,'Kina','en'),(109,608,'Philippine Peso','en'),(110,586,'Pakistan Rupee','en'),(111,985,'Polish Zloty','en'),(112,600,'Guarani','en'),(113,634,'Qatari Rial','en'),(114,946,'Romanian Leu','en'),(115,941,'Serbian Dinar','en'),(116,643,'Russian Ruble','en'),(117,646,'Rwanda Franc','en'),(118,682,'Saudi Riyal','en'),(119,90,'Solomon Islands Dollar','en'),(120,690,'Seychelles Rupee','en'),(121,938,'Sudanese Pound','en'),(122,752,'Swedish Krona','en'),(123,702,'Singapore Dollar','en'),(124,654,'Saint Helena Pound','en'),(125,694,'Leone','en'),(126,706,'Somali Shilling','en'),(127,968,'Surinam Dollar','en'),(128,728,'South Sudanese Pound','en'),(129,678,'Dobra','en'),(130,222,'El Salvador Colon','en'),(131,760,'Syrian Pound','en'),(132,748,'Lilangeni','en'),(133,764,'Thailand Baht','en'),(134,972,'Somoni','en'),(135,934,'Turkmenistan New Manat','en'),(136,788,'Tunisian Dinar','en'),(137,776,'Pa\'anga','en'),(138,949,'Turkish Lira','en'),(139,780,'Trinidad and Tobago Dollar','en'),(140,901,'New Taiwan Dollar','en'),(141,834,'Tanzanian Shilling','en'),(142,980,'Hryvnia','en'),(143,800,'Uganda Shilling','en'),(144,840,'US Dollar','en'),(145,858,'Peso Uruguayo','en'),(146,860,'Uzbekistan som','en'),(147,937,'Bolivar Fuerte','en'),(148,704,'Vietnamese Dong','en'),(149,548,'Vatu','en'),(150,882,'Tala','en'),(151,950,'CFA Franc BEAC','en'),(152,951,'East Caribbean Dollar','en'),(153,952,'CFA Franc BCEAO','en'),(154,953,'CFP Franc','en'),(155,886,'Yemeni Rial','en'),(156,710,'South Africa Rand','en'),(157,894,'Zambian kwacha','en'),(158,932,'Zimbabwe Dollar','en');
CREATE TABLE `xlite_data_source_parameters` (
  `id` int(10) unsigned NOT NULL AUTO_INCREMENT,
  `data_source_id` int(10) unsigned DEFAULT NULL,
  `name` varchar(255) COLLATE utf8_unicode_ci NOT NULL,
  `value` longtext COLLATE utf8_unicode_ci NOT NULL,
  PRIMARY KEY (`id`),
  KEY `IDX_6D9196CA1A935C57` (`data_source_id`),
  CONSTRAINT `FK_6D9196CA1A935C57` FOREIGN KEY (`data_source_id`) REFERENCES `xlite_data_sources` (`id`) ON DELETE CASCADE
) ENGINE=InnoDB DEFAULT CHARSET=utf8 COLLATE=utf8_unicode_ci;
CREATE TABLE `xlite_data_sources` (
  `id` int(10) unsigned NOT NULL AUTO_INCREMENT,
  `type` varchar(255) COLLATE utf8_unicode_ci NOT NULL,
  PRIMARY KEY (`id`)
) ENGINE=InnoDB DEFAULT CHARSET=utf8 COLLATE=utf8_unicode_ci;
CREATE TABLE `xlite_entity_type_versions` (
  `id` int(11) NOT NULL AUTO_INCREMENT,
  `entityType` varchar(255) COLLATE utf8_unicode_ci NOT NULL,
  `version` char(36) COLLATE utf8_unicode_ci NOT NULL COMMENT '(DC2Type:guid)',
  PRIMARY KEY (`id`),
  UNIQUE KEY `UNIQ_4A1BBA741F08814A` (`entityType`)
) ENGINE=InnoDB DEFAULT CHARSET=utf8 COLLATE=utf8_unicode_ci;
INSERT INTO `xlite_entity_type_versions` VALUES (1,'XLite\\Model\\Config','03481c26-2b9b-4180-858c-2bd4079327ee'),(2,'XLite\\Model\\ConfigTranslation','1aeca571-ccb9-403d-8a77-5c58c77d1327'),(3,'XLite\\Model\\Category','663915c5-6339-4292-8d5a-5a46315f64d2'),(4,'XLite\\Model\\CategoryTranslation','642a16c1-4d4b-45f9-b89f-1cb9722785cb'),(5,'XLite\\Model\\Category\\QuickFlags','553530b7-a240-40ad-a5c7-620d353f371c'),(6,'XLite\\Model\\Currency','f1936114-1548-4131-990d-e2b4c6bd79d7'),(7,'XLite\\Model\\CurrencyTranslation','fb3246c9-9d22-48df-bbdf-fb256d1d2eff'),(8,'XLite\\Model\\Membership','0b43e461-b92f-4040-870b-37f2ecd0a09c'),(9,'XLite\\Model\\MembershipTranslation','1ea9a2a4-5aaa-4393-98cc-1f38243958e3'),(10,'XLite\\Model\\Language','19b085f0-1705-4799-af0f-5a4212ab98e3'),(11,'XLite\\Model\\LanguageTranslation','b0f96d6b-aeba-4fdb-a9b4-697ef1419ac7'),(12,'XLite\\Model\\Payment\\Method','6a4d438b-f28a-4f6f-9a5f-d2d33993722f'),(13,'XLite\\Model\\Payment\\MethodTranslation','be223577-f1a2-4e36-a2a6-ebd112f5d035'),(14,'XLite\\Model\\Region','b69aa3b1-687a-4ab1-a518-6f2fd42e313c'),(15,'XLite\\Model\\Country','b6ef3c5b-d972-4254-b024-5ca155590fde'),(16,'XLite\\Model\\CountryTranslation','a7ac8001-8ad3-4446-9852-4bf14e0cee02'),(17,'XLite\\Model\\State','37968d3a-7b44-4348-8a0d-3f207ee8bc74'),(18,'XLite\\Model\\Order\\Modifier','f72b9569-b6c2-4805-bffb-d1af4942e110'),(19,'XLite\\Model\\Zone','19567403-41b5-4e7b-b70c-fd01633ee45a'),(20,'XLite\\Model\\Task','59bc38c9-767f-47d3-ad34-b3d80d3fd4ce'),(21,'XLite\\Model\\Role','510e0e01-acbb-42bb-a391-f0062760143f'),(22,'XLite\\Model\\RoleTranslation','078d9612-d1b3-40dc-8009-7fdd7cd419f7'),(23,'XLite\\Model\\Role\\Permission','f0f76ab9-2122-4a48-8afe-17f6c5cac24c'),(24,'XLite\\Model\\Role\\PermissionTranslation','b7f015e3-58aa-4fe1-8085-27dec62e4255'),(25,'XLite\\Model\\AddressField','6661de67-d631-42b0-9511-b3f64e2d01e3'),(26,'XLite\\Model\\AddressFieldTranslation','e6488caf-a821-425b-9109-65eed3faad2e'),(27,'XLite\\Model\\MoneyModificator','2e8579a2-1038-43ba-9dd9-10a240204211'),(28,'XLite\\Model\\Order\\Status\\Payment','4d453ec8-a55d-4b35-81c5-b131ec04b24c'),(29,'XLite\\Model\\Order\\Status\\PaymentTranslation','ae323502-4c28-46f5-adde-3151c4022b2a'),(30,'XLite\\Model\\Order\\Status\\Shipping','d38c1bf9-8ce9-4f25-9dbb-846587de83ae'),(31,'XLite\\Model\\Order\\Status\\ShippingTranslation','b658a630-d1b0-4724-8bc3-87a587a58bc7'),(32,'XLite\\Model\\Order\\Status\\Property','3a3d00cc-2e0c-47b6-b3eb-608e30bb6c06'),(33,'XLite\\Model\\Notification','4d1e909e-c2b3-4c16-9698-9d0ea316e2a7'),(34,'XLite\\Model\\NotificationTranslation','2b8d0713-f280-433d-baa5-bb5db3b8fa01'),(35,'XLite\\Model\\ImageSettings','e420bc94-02fe-40fa-9a5b-0362f7bba985'),(36,'XLite\\Model\\SearchFilter','4063359f-ecee-40f5-968c-3d44c7c206ed'),(37,'XLite\\Model\\SearchFilterTranslation','5f6f846c-0f0d-45d4-8a77-c5bf300a9216'),(38,'XLite\\Model\\LanguageLabel','4fd864e0-d051-4770-9bb4-6367b803f5d2'),(39,'XLite\\Model\\LanguageLabelTranslation','824e9e84-c37d-4649-8d6e-92ef87f5d9d6'),(40,'XLite\\Model\\Shipping\\Method','30f4096d-faec-4a0e-af06-7a777974e1ab'),(41,'XLite\\Model\\Shipping\\MethodTranslation','390eabb4-0bcb-4cf4-93f1-e7a9b8136eea'),(42,'XLite\\Model\\Payment\\MethodSetting','5c194072-38fa-4963-a502-9cf2d9503c6c'),(43,'XLite\\Module\\CDev\\SimpleCMS\\Model\\Page','b9754931-43af-476c-9dc2-59e4a080c8c5'),(44,'XLite\\Model\\CleanURL','089b4d8b-589b-4505-aad4-6bd26a1c7ff0'),(45,'XLite\\Module\\CDev\\SimpleCMS\\Model\\PageTranslation','80d9869b-05e6-479e-a885-7026b7875a6c'),(46,'XLite\\Module\\CDev\\SimpleCMS\\Model\\Menu','edaf1aae-a8c4-4f1e-bb41-9fc0d52d5495'),(47,'XLite\\Module\\CDev\\SimpleCMS\\Model\\MenuTranslation','322f94b0-8737-4f6e-a719-bbe4be9187ce'),(48,'XLite\\Module\\CDev\\SimpleCMS\\Model\\Menu\\QuickFlags','41045f13-eea6-4884-803e-d048031e2890'),(49,'XLite\\Model\\Shipping\\Markup','03febd0d-f942-417c-a97d-09c7cfd2d811'),(50,'XLite\\Model\\Product','6091bfc8-d043-421d-8feb-d8bd02c5b232'),(51,'XLite\\Model\\QuickData','42c5e9c8-df24-4fda-b42e-89b5cc323c2e'),(52,'XLite\\Model\\Image\\Product\\Image','8398ef54-0597-4b36-acc5-7ac405196d9c'),(53,'XLite\\Model\\ProductTranslation','c9980255-a6bf-4c26-85c1-ca8b48107eaa'),(54,'XLite\\Module\\CDev\\FeaturedProducts\\Model\\FeaturedProduct','aedc5c1b-6945-4c02-9d94-effeed9d376d'),(55,'XLite\\Model\\Image\\Category\\Image','4579302a-3e3c-481e-bec8-17a81bcdc1f0'),(56,'XLite\\Model\\Image\\Category\\Banner','dd48bd84-ef66-4877-b8b5-f0d24172f2ba'),(57,'XLite\\Model\\CategoryProducts','6a74fc93-66db-4510-b129-cccc3dd78970'),(58,'XLite\\Model\\ZoneElement','120c1df1-ebde-4f64-97b5-9e92c500c654'),(59,'XLite\\Model\\BannerRotationSlide','917c6bcc-ac5a-475c-aa6c-e6180b1567ea'),(60,'XLite\\Model\\Image\\BannerRotationImage','1360a20f-7bdd-454c-beb0-20bd9cc04b85'),(61,'XLite\\Model\\Profile','53874020-bbc0-4900-ad52-e4a58491f758'),(62,'XLite\\Model\\Address','12012864-0892-4825-b379-24fc58efa3fe'),(63,'XLite\\Model\\AddressFieldValue','813b0bda-a533-442b-9e80-2bb20b47bea7'),(64,'XLite\\Model\\Order','3150c006-761c-4815-ad35-ddbd883b0344'),(65,'XLite\\Model\\Payment\\Transaction','fbd85a3a-bcf4-4e68-aa2c-943eebc5e609'),(66,'XLite\\Model\\OrderItem','d80455f4-af3d-4f2e-aeda-ccb4f3b7ae90'),(67,'XLite\\Model\\Order\\Surcharge','6ddb182f-bd80-42e1-8121-fe21edc49c4f'),(68,'XLite\\Model\\OrderHistoryEvents','89ed9f0b-307d-405d-a83a-3f8aee04c22f'),(69,'XLite\\Model\\Payment\\TransactionData','9e92938f-29e9-48bf-9920-60d4649b46e1'),(70,'XLite\\Model\\ViewList','9e12d298-1b93-4f0c-bed7-b8580279daa7'),(71,'XLite\\Model\\TmpVar','616a9f3b-edb4-4f22-bfd0-994b2ec2c7ac');
CREATE TABLE `xlite_event_tasks` (
  `id` int(10) unsigned NOT NULL AUTO_INCREMENT,
  `name` varchar(128) COLLATE utf8_unicode_ci NOT NULL,
  `arguments` longtext COLLATE utf8_unicode_ci NOT NULL COMMENT '(DC2Type:array)',
  PRIMARY KEY (`id`)
) ENGINE=InnoDB DEFAULT CHARSET=utf8 COLLATE=utf8_unicode_ci;
CREATE TABLE `xlite_featured_products` (
  `id` int(11) NOT NULL AUTO_INCREMENT,
  `product_id` int(10) unsigned DEFAULT NULL,
  `category_id` int(10) unsigned DEFAULT NULL,
  `orderBy` int(11) NOT NULL,
  PRIMARY KEY (`id`),
  UNIQUE KEY `pair` (`category_id`,`product_id`),
  KEY `IDX_CE976A6E4584665A` (`product_id`),
  KEY `IDX_CE976A6E12469DE2` (`category_id`),
  CONSTRAINT `FK_CE976A6E12469DE2` FOREIGN KEY (`category_id`) REFERENCES `xlite_categories` (`category_id`) ON DELETE CASCADE,
  CONSTRAINT `FK_CE976A6E4584665A` FOREIGN KEY (`product_id`) REFERENCES `xlite_products` (`product_id`) ON DELETE CASCADE
) ENGINE=InnoDB DEFAULT CHARSET=utf8 COLLATE=utf8_unicode_ci;
INSERT INTO `xlite_featured_products` VALUES (1,4,1,10),(2,15,1,20),(3,16,1,30),(4,42,1,40),(5,30,1,50),(6,13,1,60);
CREATE TABLE `xlite_form_ids` (
  `id` int(11) NOT NULL AUTO_INCREMENT,
  `session_id` int(11) DEFAULT NULL,
  `form_id` varchar(32) COLLATE utf8_unicode_ci NOT NULL,
  `date` int(11) NOT NULL,
  PRIMARY KEY (`id`),
  UNIQUE KEY `fs` (`form_id`,`session_id`),
  KEY `session_id` (`session_id`),
  CONSTRAINT `FK_AD266A12613FECDF` FOREIGN KEY (`session_id`) REFERENCES `xlite_sessions` (`id`) ON DELETE CASCADE
) ENGINE=InnoDB DEFAULT CHARSET=utf8 COLLATE=utf8_unicode_ci;
CREATE TABLE `xlite_iframe_contents` (
  `id` int(10) unsigned NOT NULL AUTO_INCREMENT,
  `url` varchar(255) COLLATE utf8_unicode_ci NOT NULL,
  `method` varchar(16) COLLATE utf8_unicode_ci NOT NULL,
  `data` longtext COLLATE utf8_unicode_ci NOT NULL COMMENT '(DC2Type:array)',
  PRIMARY KEY (`id`)
) ENGINE=InnoDB DEFAULT CHARSET=utf8 COLLATE=utf8_unicode_ci;
CREATE TABLE `xlite_images_settings` (
  `id` int(11) NOT NULL AUTO_INCREMENT,
  `code` varchar(64) COLLATE utf8_unicode_ci NOT NULL,
  `model` varchar(200) COLLATE utf8_unicode_ci NOT NULL,
  `moduleName` varchar(200) COLLATE utf8_unicode_ci NOT NULL,
  `width` int(11) NOT NULL,
  `height` int(11) NOT NULL,
  PRIMARY KEY (`id`),
  UNIQUE KEY `code_model_module` (`code`,`model`,`moduleName`)
) ENGINE=InnoDB DEFAULT CHARSET=utf8 COLLATE=utf8_unicode_ci;
INSERT INTO `xlite_images_settings` VALUES (1,'Default','XLite\\Model\\Image\\Product\\Image','default',300,300),(2,'LGThumbnailList','XLite\\Model\\Image\\Product\\Image','default',160,160),(3,'LGThumbnailGrid','XLite\\Model\\Image\\Product\\Image','default',160,160),(4,'Default','XLite\\Model\\Image\\Category\\Image','default',160,160),(5,'Default','XLite\\Model\\Image\\Category\\Image','XC\\CrispWhiteSkin',100,120),(6,'LGThumbnailGrid','XLite\\Model\\Image\\Product\\Image','XC\\CrispWhiteSkin',262,280),(7,'LGThumbnailList','XLite\\Model\\Image\\Product\\Image','XC\\CrispWhiteSkin',262,280),(8,'Default','XLite\\Model\\Image\\Product\\Image','XC\\CrispWhiteSkin',366,440);
CREATE TABLE `xlite_import_logs` (
  `id` int(10) unsigned NOT NULL AUTO_INCREMENT,
  `date` int(11) NOT NULL,
  `type` char(1) COLLATE utf8_unicode_ci NOT NULL,
  `code` char(32) COLLATE utf8_unicode_ci NOT NULL,
  `arguments` longtext COLLATE utf8_unicode_ci NOT NULL COMMENT '(DC2Type:array)',
  `file` varchar(255) COLLATE utf8_unicode_ci NOT NULL,
  `row` int(10) unsigned NOT NULL,
  `processor` varchar(255) COLLATE utf8_unicode_ci NOT NULL,
  PRIMARY KEY (`id`)
) ENGINE=InnoDB DEFAULT CHARSET=utf8 COLLATE=utf8_unicode_ci;
CREATE TABLE `xlite_inventory` (
  `id` int(10) unsigned DEFAULT NULL,
  `inventoryId` int(10) unsigned NOT NULL AUTO_INCREMENT,
  `enabled` tinyint(1) NOT NULL,
  `amount` int(10) unsigned NOT NULL,
  `lowLimitEnabledCustomer` tinyint(1) NOT NULL,
  `lowLimitEnabled` tinyint(1) NOT NULL,
  `lowLimitAmount` int(10) unsigned NOT NULL,
  PRIMARY KEY (`inventoryId`),
  UNIQUE KEY `UNIQ_28BCD8D2BF396750` (`id`),
  KEY `id` (`id`),
  CONSTRAINT `FK_28BCD8D2BF396750` FOREIGN KEY (`id`) REFERENCES `xlite_products` (`product_id`) ON DELETE CASCADE
) ENGINE=InnoDB DEFAULT CHARSET=utf8 COLLATE=utf8_unicode_ci;
CREATE TABLE `xlite_language_label_translations` (
  `label_id` int(11) NOT NULL AUTO_INCREMENT,
  `id` int(11) DEFAULT NULL,
  `label` longtext COLLATE utf8_unicode_ci NOT NULL,
  `code` char(2) COLLATE utf8_unicode_ci NOT NULL,
  PRIMARY KEY (`label_id`),
  KEY `ci` (`code`,`id`),
  KEY `id` (`id`),
  CONSTRAINT `FK_D36B6764BF396750` FOREIGN KEY (`id`) REFERENCES `xlite_language_labels` (`label_id`) ON DELETE CASCADE
) ENGINE=InnoDB DEFAULT CHARSET=utf8 COLLATE=utf8_unicode_ci;
INSERT INTO `xlite_language_label_translations` VALUES (1,1,'%','en'),(2,2,'Most popular','en'),(3,3,'Newest','en'),(4,4,'Alphabetically','en'),(5,5,'Tags','en'),(6,6,'All','en'),(7,7,'Accounting','en'),(8,8,'Administration','en'),(9,9,'Delivery','en'),(10,10,'Development','en'),(11,11,'Fulfillment','en'),(12,12,'Marketing','en'),(13,13,'Payment processing','en'),(14,14,'Statistics','en'),(15,15,'Translation','en'),(16,16,'User experience','en'),(17,17,'Website design','en'),(18,18,'Before editing attributes specific for the chosen type you should save the changes. <br /><br />Changing the type of a product attribute after having defined values for this attribute for some products will result in losing the defined attribute values.','en'),(19,19,'For details refer to <a href=\"{{licenseAgreementURL}}\" target=\"_blank\">X-Cart license agreement</a>.','en'),(20,20,'We are sorry, the Marketplace server is currently unavailable. Your license could not be registered. Please try again later.','en'),(21,21,'<a href=\"{{contactURL}}\" target=\"_blank\">Contact us</a> if you have any questions','en'),(22,22,'Activate your license key','en'),(23,23,'To activate your X-Cart license, enter your secret key into the field below and click Activate.','en'),(24,24,'To activate your X-Cart or commercial module license, enter your license key into the field below and click Activate.','en'),(25,25,'To set up Tax Rates, find and install appropriate add-on modules from the <a href=\"{{url}}\">Marketplace</a>','en'),(26,26,'Simplify tax compilance process and reduce the sales tax audit risk with <a href=\"{{url}}\">AvaTax Sales Tax Automation</a>','en'),(27,27,'Purchase premium license','en'),(28,28,'Activate free license','en'),(29,29,'activate existing key','en'),(30,30,'Enter your license key here','en'),(31,31,'Activate','en'),(32,32,'Need a license key?','en'),(33,33,'You must register your installation before you can use it for real sales. Registration can be accomplished by activating a free license with limited features or by purchasing a premium license.','en'),(34,34,'Removal of this message is allowed only through activation of a free or premium license.','en'),(35,35,'Free Edition has a limited set of features, so all the modules of the Business package will be removed in your store. However, you will be able to <a href=\'{{purchaseURL}}\'>upgrade</a> your Free version to Premium at any time and install addons from the Premium package.<br /><br /><strong>Here\'s a list of modules that are not available under free license. After the activation of a free license key all these modules will be removed from your installation.</strong>','en'),(36,36,'Evaluation notice','en'),(37,37,'Don\'t have an account yet?','en'),(38,38,'Go to checkout as a New customer','en'),(39,39,'Weight','en'),(40,40,'Weight ({{symbol}})','en'),(41,41,'Add to cart','en'),(42,42,'Description','en'),(43,43,'SKU','en'),(44,44,'Previous','en'),(45,45,'Next product','en'),(46,46,'Clear cart','en'),(47,47,'Continue shopping','en'),(48,48,'Submit','en'),(49,49,'Submit','en'),(50,50,'Delivery','en'),(51,51,'(!) This product is out of stock or not available','en'),(52,52,'Update','en'),(53,53,'Grand total','en'),(54,54,'Shipping cost','en'),(55,55,'Free','en'),(56,56,'Subtotal','en'),(57,57,'Tax','en'),(58,58,'n/a','en'),(59,59,'Delete item','en'),(60,60,'Continue...','en'),(61,61,'The text was copied to your clipboard','en'),(62,62,'When X-Cart aggregates CSS and JS files, the result is cached. If you change your JS/CSS files directly in the file system after they have been included into the cache, you will not see the functionality or style changes you have made. To make your changes visible, clear the aggregation cache.','en'),(63,63,'When X-Cart uses widgets cache, the static content of product lists is stored into a temporary cache. After editing the content (modifying the product descriptions, titles or photos), you should clear the widgets cache to make these changes visible in the front end right away. If you do not clear it, the changes will be updated anyway, but it may require more time','en'),(64,64,'The language you want to add has not been found','en'),(65,65,'This language already exists','en'),(66,66,'The {{language}} language has been added successfully','en'),(67,67,'The language you want to delete has not been found','en'),(68,68,'The {{language}} language has been deleted successfully','en'),(69,69,'Language not found','en'),(70,70,'The default interface language cannot be disabled','en'),(71,71,'The {{language}} language has been disabled','en'),(72,72,'The {{language}} language has been enabled','en'),(73,73,'The text labels have been updated','en'),(74,74,'Couldn\'t update the text labels: the translation language is not specified','en'),(75,75,'Couldn\'t update the text labels: the default language is set as the translation language','en'),(76,76,'Couldn\'t update the text labels: the translation language has not been found','en'),(77,77,'The text labels have been deleted','en'),(78,78,'Couldn\'t delete the text labels: text labels not found or not specified','en'),(79,79,'The text label has been deleted','en'),(80,80,'Couldn\'t delete the text label: text label not found or not specified','en'),(81,81,'Couldn\'t add the text label: name not specified.','en'),(82,82,'Couldn\'t add the text label: text label already exists.','en'),(83,83,'The text label has been added successfully','en'),(84,84,'The text label has been updated successfully','en'),(85,85,'The language you are trying to edit has not been found','en'),(86,86,'The language data has been saved','en'),(87,87,'The maximum upload file size is {{upload_max_filesize}}','en'),(88,88,'Search','en'),(89,89,'Next','en'),(90,90,'Custom HTML title','en'),(91,91,'Show category title','en'),(92,92,'Category icon','en'),(93,93,'Meta tags','en'),(94,94,'Meta desc','en'),(95,95,'View image','en'),(96,96,'From computer','en'),(97,97,'Via URL','en'),(98,98,'Upload via URL','en'),(99,99,'Copy to file system','en'),(100,100,'Alt','en'),(101,101,'Copy','en'),(102,102,'Copy to clipboard','en'),(103,103,'Select file','en'),(104,104,'Undelete','en'),(105,105,'Show all labels','en'),(106,106,'{{n}} items found','en'),(107,107,'No modules found for \"<em>{{search_string}}</em>\"','en'),(108,108,'Language options','en'),(109,109,'{{language}} labels','en'),(110,110,'Select language','en'),(111,111,'No other languages defined','en'),(112,112,'Languages','en'),(113,113,'Help','en'),(114,114,'Knowledge Base','en'),(115,115,'Suggest an idea','en'),(116,116,'Report a bug','en'),(117,117,'Translations','en'),(118,118,'X-Cart News','en'),(119,119,'Our Blog','en'),(120,120,'Clear search','en'),(121,121,'New membership','en'),(122,122,'Any availability status','en'),(123,123,'Only enabled','en'),(124,124,'Only disabled','en'),(125,125,'Any class','en'),(126,126,'Default tax class','en'),(127,127,'Images','en'),(128,128,'Attributes','en'),(129,129,'Cloned products','en'),(130,130,'New category','en'),(131,131,'Subcat','en'),(132,132,'Main categories','en'),(133,133,'Add new label','en'),(134,134,'Add language','en'),(135,135,'{{n}} items total','en'),(136,136,'{{count}} item(s)','en'),(137,137,'Add new language','en'),(138,138,'Save','en'),(139,139,'Provide a translation of the text label into each of the languages used at your store. If the text label does not have a translation for a specific language, the translation of the label into the default language will be used instead. If the default language translation is also not available, the Label Name will be used.','en'),(140,140,'Purchase {{list}} license to install this add-on or','en'),(141,141,'Purchase {{list}} license to enable this add-on or','en'),(142,142,'The following modules will be disabled','en'),(143,143,'You can install these updates after <a href=\"{{URL}}\" target=\"_blank\">purchasing</a> and activating your X-Cart license key.','en'),(144,144,'Label name','en'),(145,145,'required','en'),(146,146,'Confirm deletion','en'),(147,147,'You are about to delete the {{language}} language. This operation is irreversible. Are you sure you want to continue?','en'),(148,148,'Delete','en'),(149,149,'Cancel','en'),(150,150,'{{language}} Language (Code: {{code}})','en'),(151,151,'Language name in {{language}}','en'),(152,152,'Native language name','en'),(153,153,'Disable','en'),(154,154,'Enable','en'),(155,155,'Set this language as default for the Customer area','en'),(156,156,'A disabled language cannot be set as default for the Customer area','en'),(157,157,'Delete Language','en'),(158,158,'Edit label','en'),(159,159,'Edit labels','en'),(160,160,'Please specify a pattern to find the required labels','en'),(161,161,'Module not found. Cannot uninstall.','en'),(162,162,'The module has been uninstalled successfully','en'),(163,163,'The {{module}} module has been uninstalled successfully','en'),(164,164,'The {{module}} module was installed with errors: the database was not updated correctly','en'),(165,165,'The {{module}} module was installed incorrectly. Please see logs for more information.','en'),(166,166,'The {{module}} module has been installed; however, the module has a wrong module control class','en'),(167,167,'The modules have been updated','en'),(168,168,'Congratulations! Your order has been placed.<br />You will receive your order confirmation shortly.','en'),(169,169,'{{count}} item in cart','en'),(170,170,'{{count}} items in cart','en'),(171,171,'Other items','en'),(172,172,'The selected shipping method has been deleted successfully','en'),(173,173,'The shipping methods have been updated','en'),(174,174,'The selected zones have been deleted successfully','en'),(175,175,'Zone details have been updated successfully','en'),(176,176,'The new zone has been created successfully','en'),(177,177,'This product is in <a href=\"{{href}}\">your cart</a>','en'),(178,178,'Your shopping cart - {{count}} item','en'),(179,179,'Your shopping cart - {{count}} items','en'),(180,180,'Greetings, {{name}}','en'),(181,181,'{{count}} items','en'),(182,182,'<div class=\"minicart-items-number\">{{count}}</div> <div class=\"minicart-items-text\">item</div>','en'),(183,183,'<div class=\"minicart-items-number\">{{count}}</div> <div class=\"minicart-items-text\">items</div>','en'),(184,184,'The email you provided is already in use. You can continue as guest or <a href=\"{{URL}}\" class=\"sign-in log-in\">Sign in</a>','en'),(185,185,'This user name is already taken. Please choose a different user name or <a href=\"{{URL}}\" class=\"log-in\">sign in</a>','en'),(186,186,'I accept the <a href=\"{{URL}}\" target=\"_blank\">Terms & Conditions</a>','en'),(187,187,'By clicking the \"Place order\" button you confirm that you accept the <a href=\"{{URL}}\">Terms & Conditions</a>','en'),(188,188,'Place order: {{total}}','en'),(189,189,'Proceed to payment: {{total}}','en'),(190,190,'Enter a correct email','en'),(191,191,'Enter an integer','en'),(192,192,'Enter a number','en'),(193,193,'Zero cannot be used','en'),(194,194,'Enter a positive number','en'),(195,195,'Enter a negative number','en'),(196,196,'This field is required','en'),(197,197,'\'{{field}}\' field is required','en'),(198,198,'Image #{{index}}','en'),(199,199,'Top {{count}} products','en'),(200,200,'\"{{name}}\" module settings','en'),(201,201,'The benchmark evaluates server environment, namely:<br />1. File subsystem - read and write speed.<br />2. Database server - computing speed, DB data read and write speed.<br />3. Computing power - speed of computing and exchanging data in the memory.<br /><span>The total test time is the sum of the times taken by each of these tests.</span>','en'),(202,202,'Thank you for using {{company}} services','en'),(203,203,'The confirmation URL link was sent to {{email}}','en'),(204,204,'An email with your account information was sent to {{email}}. Please make sure you can log in using the received data.','en'),(205,205,'Show filter options','en'),(206,206,'Customer note','en'),(207,207,'Customer','en'),(208,208,'Anonymous Customer','en'),(209,209,'Anonymous Customer, <a href=\"{{URL}}\">Registered User with the same email</a>','en'),(210,210,'Registered Customer','en'),(211,211,'Registered Customer, <a href=\"{{URL}}\">Anonymous Customer with the same email</a>','en'),(212,212,'The user will be registered; a password will be sent to the user via email','en'),(213,213,'Merge with Registered','en'),(214,214,'Invoice #{{id}}','en'),(215,215,'Welcome to X-Cart','en'),(216,216,'Quantity','en'),(217,217,'Total','en'),(218,218,'Cart is empty','en'),(219,219,'{{count}} item','en'),(220,220,'Items','en'),(221,221,'items','en'),(222,222,'Checkout','en'),(223,223,'View cart','en'),(224,224,'Email address','en'),(225,225,'Password','en'),(226,226,'Recover password','en'),(227,227,'Your cart','en'),(228,228,'This is a demo store powered by X-Cart, using PHP5 templates technology and MySQL database.','en'),(229,229,'Price','en'),(230,230,'Product name','en'),(231,231,'Please let us know if you want to <a href=\"//ideas.x-cart.com/forums/229428-x-cart-5-ideas\" target=\"_blank\">suggest an idea</a> or <a href=\"//www.x-cart.com/custom-development.html\" target=\"_blank\">contact us</a> for a free quote for custom development service</a>','en'),(232,232,'Please clarify your search request or search in the <a href=\"{{marketplace}}\">Marketplace</a>','en'),(233,233,'Select one...','en'),(234,234,'Other','en'),(235,235,'Hello, {{name}}','en'),(236,236,'All','en'),(237,237,'None','en'),(238,238,'[Root level]','en'),(239,239,'-- No categories --','en'),(240,240,'Sort by','en'),(241,241,'Pending membership','en'),(242,242,'{{count}} result(s) found','en'),(243,243,'per page','en'),(244,244,'<span>{{count}}</span> orders','en'),(245,245,'Logged in!','en'),(246,246,'Log off','en'),(247,247,'Account settings','en'),(248,248,'User <strong>{{login}}</strong> is logged in.','en'),(249,249,'{{count}} products found','en'),(250,250,'Thank you for registering a customer account.<br />As a registered customer you can enjoy a simplified checkout process and review your order history.<br /><br />A registration confirmation message with your account details has been sent to your email <b>{profile.login}</b>.<br />Please use your registration email and password every time you place orders at our store.<br /><br />You are now logged in and welcome to continue shopping.','en'),(251,251,'<span class=\"begin-record-number\">{{begin}}</span>&ndash;<span class=\"end-record-number\">{{end}}</span> of <span class=\"records-count\">{{total}}</span>','en'),(252,252,'{{value}} bytes','en'),(253,253,'{{value}} kB','en'),(254,254,'{{value}} MB','en'),(255,255,'{{value}} GB','en'),(256,256,'Including {{name}}','en'),(257,257,'{{years}} year(s)','en'),(258,258,'{{months}} month(s)','en'),(259,259,'{{days}} day(s)','en'),(260,260,'{{hours}} hour(s)','en'),(261,261,'{{minutes}} minute(s)','en'),(262,262,'{{seconds}} second(s)','en'),(263,263,'Import will overwrite the existing product information. This operation cannot be undone.','en'),(264,264,'To find out the data format for import, you can create a sample data file <a href=\"{{url}}\">by exporting your existing products</a>. Then you can prepare your import file using the same format.','en'),(265,265,'Note that data import time will depend on the size of the file being imported.','en'),(266,266,'Cannot import the field \'{{name}}\': unknown field','en'),(267,267,'String is inconsistent with the title: the number of columns is {{wrong}} instead of {{right}}','en'),(268,268,'The required field \'{{name}}\' is not defined or empty. The product has not been created','en'),(269,269,'{{url}} image unable to load','en'),(270,270,'During import {{count}} errors were generated. For details, <a href=\"{{url}}\">download</a> the log files.','en'),(271,271,'Some products might have been imported incorrectly. Please check your catalog. Find the IDs of such products in the import log file above.','en'),(272,272,'Order #{{id}}, {{date}}','en'),(273,273,'Order #{{id}}','en'),(274,274,'The {{name}} field is empty','en'),(275,275,'The value of the {{name}} field must be greater than {{min}}','en'),(276,276,'The value of the {{name}} field must be less than {{max}}','en'),(277,277,'Incorrect value format in {{name}} field.','en'),(278,278,'The value of the {{name}} field must not be longer than {{max}}','en'),(279,279,'To boost your sales, try the \"<a href=\"{{discountCoupons}}\">Coupons</a>\", \"<a href=\"{{sale}}\">Sale</a>\", \"<a href=\"{{productAdvisor}}\">Product Advisor</a>\" and \"<a href=\"{{volumeDiscounts}}\">Volume Discounts</a>\" addons. You may also be interested in other <a href=\"{{marketingTag}}\">Marketing</a> extensions from our Marketplace','en'),(280,280,'Trying to access the shop at <a href=\"{{url}}\">{{url}}</a> ...','en'),(281,281,'To fix this problem take the following steps: <ul><li>make sure the HTTPS protocol is enabled by your hosting service provider;</li><li>check your HTTPS settings (the \'https_host\' parameter in the \'etc/config.php\' file must be valid);</li><li>reload this page.</li></ul>','en'),(282,282,'To upload the database data directly from your local computer, click \"Browse\", choose an SQL dump file and click \"Upload and restore\". This method is more convenient; however, it has a file size limitation of {{N}}.','en'),(283,283,'You may upload a file named sqldump.sql.php to the var/backup/ directory of your X-Cart installation on the web server and click \"Restore from server\".','en'),(284,284,'Maximum upload file size is {{N}}.','en'),(285,285,'Unable to install the module \"{{X}}\":  required modules have not been installed or activated.','en'),(286,286,'cannot set {{X}} permissions','en'),(287,287,'Incorrect owner of {{X}} directory','en'),(288,288,'Cannot set {{X}} permissions for subdirectories:','en'),(289,289,'Incorrect owner of {{X}} file','en'),(290,290,'File size exceeds the maximum size of ({{size}})','en'),(291,291,'File was not loaded due to a server side failure.','en'),(292,292,'{{count}} item available','en'),(293,293,'{{count}} items available','en'),(294,294,'{{count}} product(s) removed','en'),(295,295,'{{count}} product(s) created','en'),(296,296,'{{count}} entities  removed','en'),(297,297,'{{count}} entities created','en'),(298,298,'Select a country or a state from the list, specify the zone where the country or state should be listed and click \"Apply\". To select more than one country/state, hold down the CTRL key while selecting the items. A zone must contain either countries or states. You cannot include both states and countries into the same zone.','en'),(299,299,'If you store product images in the database, they are included in the SQL dump file. If the product images are located on the file system, they are not included in the SQL dump file. To back up such images you need to download them directly from the server.','en'),(300,300,'You can choose one of the following options:<ol class=\"ordered-list\"><li>Download the database data (SQL dump) directly to your local computer - please click the \'Download SQL file\' button.</li><li>Save the database data as a file on the web server (\'var/backup/sqldump.sql.php\') - please click the \'Create SQL file\' button.</li></ol>','en'),(301,301,'Dear {{name}}!','en'),(302,302,'Thank you for your business. Please come back soon!','en'),(303,303,'{{percent}}% off','en'),(304,304,'Placed on <span class=\"date\">{{date}}</span> by <span class=\"name\">{{name}}</span>','en'),(305,305,'Placed on <span class=\"date\">{{date}}</span> by <a href=\"{{url}}\" class=\"name\">{{name}}</a>','en'),(306,306,'Order Total: <span>{{total}}</span>','en'),(307,307,'Oops! Our payment system has not informed us whether your last order was paid for, or not. Is there a payment form that you have not completed yet? If so, please complete and submit it. Or you can quickly <a href=\"{{url}}\">re-order the products</a> from your last incomplete order.','en'),(308,308,'Payment transaction [method: {{trx_method}}, type: {{trx_type}}, amount: {{trx_value}}, status: {{trx_status}}]','en'),(309,309,'Back end payment transaction [method: {{trx_method}}, type: {{trx_type}}, amount: {{trx_value}}, status: {{trx_status}}]','en'),(310,310,'Trial period &mdash; {{X}} day(s) left','en'),(311,311,'Editing attribute groups on this page will not affect other product classes that use these groups. Removing a group does not delete attributes from the group, but makes them show up among other attributes having no associated groups.','en'),(312,312,'What\'s new','en'),(313,313,'Your account email is {{email}}.','en'),(314,314,'Your account password is {{password}}.','en'),(315,315,'Here you can provide titles and descriptions for your payment methods and set the order in which they should appear on the storefront.<br><strong>Title</strong> &mdash; name of the custom payment method as should be displayed to customers;your custom payment name shown for customer;<br><strong>Description</strong> &mdash; short description of the payment method that should appear right below its title.','en'),(316,316,'Watch this short video and learn the basics of how online payment processing works. You will also find out what to look for when choosing the best payment processing solution for your business.','en'),(317,317,'{{count}} methods available','en'),(318,318,'The payment method has been enabled','en'),(319,319,'The payment method has been disabled','en'),(320,320,'The payment method has been removed','en'),(321,321,'The payment method has not been configured properly','en'),(322,322,'Duplicated clean URL: {{value}}','en'),(323,323,'Attributes for \"{{class}}\" product class','en'),(324,324,'{{count}} attributes in group','en'),(325,325,'Order {{order_number}} has been placed','en'),(326,326,'This module is available for X-Cart hosted stores only. <a href=\"{{url}}\">Click here for more information.</a>','en'),(327,327,'Low inventory products ({{count}})','en'),(328,328,'{{value}} orders yesterday','en'),(329,329,'{{value}} orders last week','en'),(330,330,'{{value}} orders last month','en'),(331,331,'{{value}} yesterday','en'),(332,332,'{{value}} last week','en'),(333,333,'{{value}} last month','en'),(334,334,'No orders yesterday','en'),(335,335,'No orders last week','en'),(336,336,'No orders last month','en'),(337,337,'No orders yet','en'),(338,338,'No orders','en'),(339,339,'To use the secure protocol you need an SSL certificate purchased for the \"<span>{{domain}}</span>\" domain and installed on your server.','en'),(340,340,'To enable the secure protocol for your website pages you need a valid SSL certificate purchased for the \"<span>{{domain}}</span>\" website domain and installed on your server.','en'),(341,341,'Pre-launch checklist:','en'),(342,342,'{{size}}','en'),(343,343,'Exported on {{date}}','en'),(344,344,'No write permissions to directory {{path}}. Please set the necessary permissions to directory {{path}}.','en'),(345,345,'Failed write to file {{path}}. There may not be enough disk space. Please check if there is enough disk space.','en'),(346,346,'Export is complete. <a href=\"{{url}}\">Check results and download</a>.','en'),(347,347,'This will increase the shipping cost by {{XX}}','en'),(348,348,'{{count}} products','en'),(349,349,'Subcategories: {{count}}','en'),(350,350,'Manage category: {{category_name}}','en'),(351,351,'Subcategories for','en'),(352,352,'Enter OrderID or email','en'),(353,353,'All Order Statuses','en'),(354,354,'Enter date range','en'),(355,355,'Authorized','en'),(356,356,'Shipped','en'),(357,357,'Cancelled','en'),(358,358,'Expired','en'),(359,359,'Refund requested','en'),(360,360,'Refunded','en'),(361,361,'Partially refunded','en'),(362,362,'Selected:','en'),(363,363,'Days','en'),(364,364,'Close','en'),(365,365,'MO','en'),(366,366,'TU','en'),(367,367,'WE','en'),(368,368,'TH','en'),(369,369,'FR','en'),(370,370,'SA','en'),(371,371,'SU','en'),(372,372,'JANUARY','en'),(373,373,'FEBRUARY','en'),(374,374,'MARCH','en'),(375,375,'APRIL','en'),(376,376,'MAY','en'),(377,377,'JUNE','en'),(378,378,'JULY','en'),(379,379,'AUGUST','en'),(380,380,'SEPTEMBER','en'),(381,381,'OCTOBER','en'),(382,382,'NOVEMBER','en'),(383,383,'DECEMBER','en'),(384,384,'Shortcuts','en'),(385,385,'Past','en'),(386,386,'7days','en'),(387,387,'14days','en'),(388,388,'30days','en'),(389,389,'Previous','en'),(390,390,'Week','en'),(391,391,'Month','en'),(392,392,'Quarter','en'),(393,393,'Year','en'),(394,394,'Date range should be longer than %d days','en'),(395,395,'Date range should be less than %d days','en'),(396,396,'Please select a date range longer than %d days','en'),(397,397,'Please select a date range shorter than %d days','en'),(398,398,'Please select a date range between %d and %d days','en'),(399,399,'Please select a date range','en'),(400,400,'Enter keyword','en'),(401,401,'All membership levels','en'),(402,402,'No membership','en'),(403,403,'All User Types','en'),(404,404,'Please select one ...','en'),(405,405,'Search keywords','en'),(406,406,'Search payment method','en'),(407,407,'Any category','en'),(408,408,'Any status','en'),(409,409,'Search in','en'),(410,410,'{{count}} label(s)','en'),(411,411,'This language was added by the module {{module}} and cannot be removed.','en'),(412,412,'{{count}} language(s) removed','en'),(413,413,'{{count}} language label(s) removed','en'),(414,414,'No payment methods available. Please contact the <a href=\"mailto:{{email}}\">store administrator</a>.','en'),(415,415,'Edit states ({{count}})','en'),(416,416,'{{count}} state(s) removed','en'),(417,417,'{{count}} state(s) created','en'),(418,418,'{{count}} zone(s) removed','en'),(419,419,'{{count}} zone(s) created','en'),(420,420,'This is the default zone which matches all possible addresses.<br />The default zone can be edited but cannot be removed.','en'),(421,421,'Examples:<br /><br />2204%<br />38245<br />23%','en'),(422,422,'Examples:<br /><br />New York<br />New%<br />%York','en'),(423,423,'Examples:<br />%Water St%<br />%Coney Island%','en'),(424,424,'{{count}} shipping method(s) created','en'),(425,425,'{{count}} shipping method(s) removed','en'),(426,426,'Edit rates ({{count}})','en'),(427,427,'Your first name','en'),(428,428,'Your last name','en'),(429,429,'1000 Example street','en'),(430,430,'Example city','en'),(431,431,'California','en'),(432,432,'90001','en'),(433,433,'+12130000000','en'),(434,434,'email@example.com','en'),(435,435,'Specification','en'),(436,436,'Not all the upgrade packs have been downloaded. This may have been caused by one of the following:<ul class=\'marked-list\'><li>slow Internet connection;</li><li>an internal problem on the Marketplace server;</li><li>a problem with your X-Cart license (expired license key, license key not matching the module license, etc.)</li></ul>','en'),(437,437,'A new customer? Enter your email','en'),(438,438,'ABA routing number','en'),(439,439,'Absolute','en'),(440,440,'Accept','en'),(441,441,'Orders','en'),(442,442,'Online methods','en'),(443,443,'Access denied!','en'),(444,444,'Access information','en'),(445,445,'Access level','en'),(446,446,'Account','en'),(447,447,'Account details','en'),(448,448,'Account status','en'),(449,449,'Account summary','en'),(450,450,'Activate license key','en'),(451,451,'Activate your paid module license','en'),(452,452,'Active','en'),(453,453,'Active from','en'),(454,454,'Active till','en'),(455,455,'Add','en'),(456,456,'Add Product','en'),(457,457,'Add alternative payment method','en'),(458,458,'Add category','en'),(459,459,'Add child','en'),(460,460,'Add discount','en'),(461,461,'Add featured products','en'),(462,462,'Add file','en'),(463,463,'Add image','en'),(464,464,'Add rate','en'),(465,465,'Add new','en'),(466,466,'Add new address','en'),(467,467,'Add new country','en'),(468,468,'Add new exception','en'),(469,469,'Add new membership level','en'),(470,470,'Add new option','en'),(471,471,'Add new option group','en'),(472,472,'Add new state','en'),(473,473,'Add offline payment method','en'),(474,474,'Add payment method','en'),(475,475,'Add shipping method','en'),(476,476,'Add subcategory','en'),(477,477,'Add user','en'),(478,478,'Add your <a href=\"{{URL}}\">products</a>','en'),(479,479,'Add zone','en'),(480,480,'Add-ons','en'),(481,481,'Add/update options','en'),(482,482,'Added','en'),(483,483,'Added to cart','en'),(484,484,'Address','en'),(485,485,'Address book','en'),(486,486,'Address details','en'),(487,487,'Address field','en'),(488,488,'Address fields','en'),(489,489,'Address pattern','en'),(490,490,'Admin','en'),(491,491,'Administrator area','en'),(492,492,'Administrator','en'),(493,493,'All add-ons','en'),(494,494,'All customers','en'),(495,495,'All memberships','en'),(496,496,'All products on sale','en'),(497,497,'All shipping methods','en'),(498,498,'All address zones','en'),(499,499,'All the products are in sufficient quantities','en'),(500,500,'All time','en'),(501,501,'PayPal all-in-one solutions','en'),(502,502,'No merchant account required. Simple onboarding for you and easy checkout for your customers.','en'),(503,503,'Alphabetically','en'),(504,504,'Already have an account?','en'),(505,505,'Alternative payment methods','en'),(506,506,'Alternative text','en'),(507,507,'Amount','en'),(508,508,'Amount: high to low','en'),(509,509,'Amount: low to high','en'),(510,510,'An upgrade is a dangerous process that may result in a crashed website. It is strongly recommended to create a full backup of your store (the code and the database) and download it to a local computer before proceeding to the next step.','en'),(511,511,'Another state','en'),(512,512,'Any membership level','en'),(513,513,'Any product class','en'),(514,514,'Any zone','en'),(515,515,'Appearance','en'),(516,516,'Apply destination','en'),(517,517,'Apply price','en'),(518,518,'Are you sure you want to continue?','en'),(519,519,'Are you sure you want to delete the selected user?','en'),(520,520,'Are you sure you want to disable this add-on?','en'),(521,521,'Are you sure you want to enable this add-on?','en'),(522,522,'Are you sure you want to uninstall this add-on?','en'),(523,523,'Are you sure you wish to delete the selected zones?','en'),(524,524,'Are you sure?','en'),(525,525,'Arrival date','en'),(526,526,'Asynchronous','en'),(527,527,'Ask.com','en'),(528,528,'Assigned classes','en'),(529,529,'Attachment has not been deleted','en'),(530,530,'Attachments','en'),(531,531,'Attachments have been updated successfully','en'),(532,532,'Australia Post settings','en'),(533,533,'Authentication','en'),(534,534,'Authentication code','en'),(535,535,'Author','en'),(536,536,'Authorization then capture','en'),(537,537,'Auto','en'),(538,538,'Availability','en'),(539,539,'Available for sale','en'),(540,540,'B','en'),(541,541,'Back to file select','en'),(542,542,'Back to layout settings','en'),(543,543,'Back to methods','en'),(544,544,'Back to orders list','en'),(545,545,'Backup','en'),(546,546,'Backup database','en'),(547,547,'Bank Account Number','en'),(548,548,'Benchmark completed in ','en'),(549,549,'Benchmark result under 3000ms is considered good','en'),(550,550,'Bestsellers','en'),(551,551,'Billing address','en'),(552,552,'Billing address is not defined yet','en'),(553,553,'Bing','en'),(554,554,'Brief description','en'),(555,555,'Brief description','en'),(556,556,'Browse server','en'),(557,557,'Buy more','en'),(558,558,'CLOSE','en'),(559,559,'CSS & JavaScript','en'),(560,560,'Cache rebuild is already started, please wait','en'),(561,561,'Calculate rates','en'),(562,562,'Cannot be disabled. The module is required by:','en'),(563,563,'Cannot connect to the Modules Marketplace server','en'),(564,564,'Capture status','en'),(565,565,'Cart & checkout','en'),(566,566,'Catalog','en'),(567,567,'Categories','en'),(568,568,'Category','en'),(569,569,'Category info','en'),(570,570,'Category name','en'),(571,571,'Category page title','en'),(572,572,'Change','en'),(573,573,'Change address','en'),(574,574,'Change method','en'),(575,575,'Change options','en'),(576,576,'Change payment info','en'),(577,577,'Change shipping info','en'),(578,578,'Check all','en'),(579,579,'Check number','en'),(580,580,'Checking','en'),(581,581,'Checking integrity, please wait...','en'),(582,582,'Choose','en'),(583,583,'Choose <a href=\"{{URL}}\">payment methods</a>','en'),(584,584,'Choose file','en'),(585,585,'Choose from a variety of bundled payment solutions to accept credit cards and other methods of payment on your website','en'),(586,586,'Choose method','en'),(587,587,'Choose shipping method','en'),(588,588,'City','en'),(589,589,'Clean URL','en'),(590,590,'Enable clean URL','en'),(591,591,'Error code explanation','en'),(592,592,'More information about clean urls in X-Cart is available in <a href=\"{{url}}\" target=\"blank\">{{url}}</a>','en'),(593,593,'We made a test request to <a href=\"{{url}}\">{{url}}</a> URL and got the following result. <br>It means that your SEO-friendly URLs may not work properly after enabling.','en'),(594,594,'Clear aggregation cache','en'),(595,595,'Clear widgets cache','en'),(596,596,'CleanURL','en'),(597,597,'Empty your cart','en'),(598,598,'Click here to access/add subcategories','en'),(599,599,'Click here to view states of country','en'),(600,600,'Click to unblock','en'),(601,601,'Close storefront','en'),(602,602,'Code','en'),(603,603,'Comment','en'),(604,604,'Comments','en'),(605,605,'Company','en'),(606,606,'Company name','en'),(607,607,'Completed','en'),(608,608,'Component','en'),(609,609,'Configuration','en'),(610,610,'Configure <a href=\"{{URL}}\">shipping methods</a>','en'),(611,611,'Configure your store','en'),(612,612,'Confirm password','en'),(613,613,'Contacts','en'),(614,614,'Content','en'),(615,615,'Continue','en'),(616,616,'Copy file to local server','en'),(617,617,'Core version: ','en'),(618,618,'Countries','en'),(619,619,'Countries, states and zones','en'),(620,620,'Country','en'),(621,621,'Country is not selected','en'),(622,622,'Coupon code','en'),(623,623,'Coupons','en'),(624,624,'Create','en'),(625,625,'Create profile','en'),(626,626,'Create SQL file','en'),(627,627,'Create a backup','en'),(628,628,'Create account','en'),(629,629,'Create an account for later use','en'),(630,630,'Create category','en'),(631,631,'Create new account','en'),(632,632,'Created','en'),(633,633,'Currency','en'),(634,634,'Custom CSS','en'),(635,635,'Custom JavaScript','en'),(636,636,'Custom images','en'),(637,637,'Custom translation','en'),(638,638,'Customer zip/postal code','en'),(639,639,'Clean URLs are disabled. <a target=\'_blank\' href=\'{{more_info_url}}\'>More info</a>','en'),(640,640,'Clean URLs are enabled','en'),(641,641,'Clean URLs are disabled','en'),(642,642,'Enable clean URLs','en'),(643,643,'Clean URLs functionality may not be enabled. <a target=\'_blank\' href=\'{{article_url}}\'>More info<i class=\'icon fa fa-external-link\'></i></a>','en'),(644,644,'More information on Clean URL problems on your system','en'),(645,645,'The data has been deleted successfully','en'),(646,646,'The data has been saved successfully','en'),(647,647,'Database backup has been created successfully','en'),(648,648,'Date','en'),(649,649,'Day','en'),(650,650,'Dear','en'),(651,651,'Dear customer!','en'),(652,652,'Decline','en'),(653,653,'Declined','en'),(654,654,'Default','en'),(655,655,'Default customer address','en'),(656,656,'Default for Customer area and cannot be disabled or deleted','en'),(657,657,'Default for Customer area and cannot be disabled or deleted','en'),(658,658,'Default images settings','en'),(659,659,'The powerful shopping cart software for web stores and e-commerce enabled stores is based on PHP5 with SQL database with highly configurable implementation based on templates','en'),(660,660,'All Addresses (default zone)','en'),(661,661,'Define classes','en'),(662,662,'Delete SQL file','en'),(663,663,'Delete all','en'),(664,664,'Delete profile','en'),(665,665,'Delete selected','en'),(666,666,'Delete selected profile','en'),(667,667,'Delete the image','en'),(668,668,'Delete this address?','en'),(669,669,'Delivery methods','en'),(670,670,'Destination zone','en'),(671,671,'Details','en'),(672,672,'Directory and file permissions','en'),(673,673,'Disable all modules in the system','en'),(674,674,'Disable suspicious modules','en'),(675,675,'Disabled','en'),(676,676,'A disabled language cannot be set as default for Customer area','en'),(677,677,'Discount','en'),(678,678,'Discount amount','en'),(679,679,'Discount type','en'),(680,680,'Display \'inc/ex VAT\' labels next to prices','en'),(681,681,'Display type','en'),(682,682,'Do not close this page!','en'),(683,683,'Do not show at startup any more','en'),(684,684,'Do you really want to delete the selected items?','en'),(685,685,'Dont have account yet?','en'),(686,686,'Download SQL file','en'),(687,687,'Downloaded components','en'),(688,688,'Downloading updates','en'),(689,689,'Downloading updates, please wait...','en'),(690,690,'Drag and drop me to the cart','en'),(691,691,'Drop items here to shop','en'),(692,692,'Drupal front end','en'),(693,693,'Email','en'),(694,694,'Email is not defined yet','en'),(695,695,'Edit charges for:','en'),(696,696,'Edit payment method data','en'),(697,697,'Edit page','en'),(698,698,'Edit profile','en'),(699,699,'Email','en'),(700,700,'Email &amp; password','en'),(701,701,'Email body','en'),(702,702,'Email settings','en'),(703,703,'Enable HTTPS','en'),(704,704,'Enabled','en'),(705,705,'Enter coupon code','en'),(706,706,'Enter keywords','en'),(707,707,'Enter license key','en'),(708,708,'Enter shipping address','en'),(709,709,'Enter {{X}} more characters to start search','en'),(710,710,'Environment','en'),(711,711,'Environment info','en'),(712,712,'Error','en'),(713,713,'Estimate shipping cost','en'),(714,714,'Estimate your server performance','en'),(715,715,'Estimated for','en'),(716,716,'Everything you need','en'),(717,717,'Example','en'),(718,718,'Examples','en'),(719,719,'Exception','en'),(720,720,'Extend the functionality of your store by installing and using add-on modules','en'),(721,721,'Export','en'),(722,722,'Export products','en'),(723,723,'Extensions','en'),(724,724,'Facebook','en'),(725,725,'Failed','en'),(726,726,'Failed to add the detailed image','en'),(727,727,'Failed to add the attachment','en'),(728,728,'Failed to add the attachment. The file download is forbidden','en'),(729,729,'Failed/Declined','en'),(730,730,'Featured products','en'),(731,731,'Field is required!','en'),(732,732,'File title','en'),(733,733,'Find us on','en'),(734,734,'Find us on Facebook','en'),(735,735,'First name','en'),(736,736,'Flat rate','en'),(737,737,'Footer menu','en'),(738,738,'For the period','en'),(739,739,'Forgot password?','en'),(740,740,'Format','en'),(741,741,'Free add-ons','en'),(742,742,'From','en'),(743,743,'from','en'),(744,744,'Selected countries:','en'),(745,745,'Back to Zones list','en'),(746,746,'Attributes block','en'),(747,747,'From email','en'),(748,748,'Full description','en'),(749,749,'Full name','en'),(750,750,'General','en'),(751,751,'General Settings','en'),(752,752,'General info','en'),(753,753,'General settings','en'),(754,754,'Give buyers a way to pay by adding an alternative payment method.','en'),(755,755,'Give buyers another way to pay by adding an alternative payment method','en'),(756,756,'Go to Marketplace','en'),(757,757,'Go to checkout','en'),(758,758,'Grid','en'),(759,759,'Group options','en'),(760,760,'HTML title (\'title\' tag)','en'),(761,761,'HTTPS check','en'),(762,762,'HTTPS settings','en'),(763,763,'Restores to current state of active addons (use in case of emergency)','en'),(764,764,'Disables all addons except ones that are provided by X-Cart Team (hard reset)','en'),(765,765,'Disables all addons except ones that are provided by X-Cart Team & Qualiteam (soft reset)','en'),(766,766,'Have a discount coupon?','en'),(767,767,'Height (px)','en'),(768,768,'Help zone','en'),(769,769,'The list below shows only the methods enabled on the configuration page','en'),(770,770,'Here you can define how your payment methods will look in the Customer area','en'),(771,771,'Hide','en'),(772,772,'Hide trailing zeros in fractional part','en'),(773,773,'History','en'),(774,774,'Home','en'),(775,775,'How to back up your store database','en'),(776,776,'How to define address zones','en'),(777,777,'Icons','en'),(778,778,'Identity','en'),(779,779,'If any critical errors have occurred, you can do the following','en'),(780,780,'If you choose the second option, you can download the file from the server later on and delete it from the server by clicking on the \'Delete SQL file\' button.','en'),(781,781,'If you do not have an account, you can easily','en'),(782,782,'If you don\'t have a moneybookers account yet, please sign up for a free moneybookers account at: http://www.skrill.com','en'),(783,783,'If you have a license key for a commercial module, you can enter it here to register the purchase of the module.','en'),(784,784,'If you have a plugin in the .tar format, you can install it by uploading it here','en'),(785,785,'Image','en'),(786,786,'Image border will not be displayed in the storefront','en'),(787,787,'Import','en'),(788,788,'Import / Export','en'),(789,789,'Import from file','en'),(790,790,'Import/Export','en'),(791,791,'Important','en'),(792,792,'In category','en'),(793,793,'In stock','en'),(794,794,'Inactive','en'),(795,795,'Incl. X','en'),(796,796,'Incomplete','en'),(797,797,'InnoDB engine support enabled','en'),(798,798,'Install','en'),(799,799,'Install add-on','en'),(800,800,'Install updates','en'),(801,801,'Installation directory','en'),(802,802,'Installed','en'),(803,803,'Installed Modules','en'),(804,804,'Installed modules','en'),(805,805,'Installing updates, please wait...','en'),(806,806,'Invalid login or password','en'),(807,807,'Inventory status','en'),(808,808,'Inventory tracking','en'),(809,809,'Inventory tracking for this product is','en'),(810,810,'Invoice','en'),(811,811,'It is not possible to delete or create user accounts because your store currently works as an integration with Drupal and shares users with Drupal. Deleting/creating user accounts is possible via Drupal administrator interface.','en'),(812,812,'It is not possible to edit some user profile fields because your store currently works as an integration with Drupal and shares users with Drupal. Modifying these fields is possible via Drupal administrator interface.','en'),(813,813,'Item description','en'),(814,814,'Item(s) deleted from your cart','en'),(815,815,'Item name','en'),(816,816,'Items per page','en'),(817,817,'Join forces with your bank','en'),(818,818,'K','en'),(819,819,'Language','en'),(820,820,'Language labels','en'),(821,821,'Last logged in','en'),(822,822,'Last login','en'),(823,823,'Last name','en'),(824,824,'License key has been successfully verified for the \"{{name}}\" module by \"{{author}}\" ','en'),(825,825,'Lifetime','en'),(826,826,'Limit the number of uses','en'),(827,827,'Link','en'),(828,828,'List','en'),(829,829,'List of states','en'),(830,830,'Loading...','en'),(831,831,'Localization','en'),(832,832,'Log in','en'),(833,833,'Log out','en'),(834,834,'Logged as','en'),(835,835,'Login','en'),(836,836,'Log in here','en'),(837,837,'Login history','en'),(838,838,'Look & Feel','en'),(839,839,'Low stock notification for this product is','en'),(840,840,'Low stock threshold','en'),(841,841,'Low stock','en'),(842,842,'M','en'),(843,843,'Maintenance','en'),(844,844,'Maintenance and operation','en'),(845,845,'Back up your store\'s database','en'),(846,846,'Manage catalog','en'),(847,847,'Manage categories','en'),(848,848,'Manage customer and administrator accounts','en'),(849,849,'Manage layout','en'),(850,850,'Manage orders','en'),(851,851,'Manage orders placed at your store','en'),(852,852,'Manage users','en'),(853,853,'Manage administrators','en'),(854,854,'Manage your product inventory','en'),(855,855,'Required fields are marked with an asterisk','en'),(856,856,'Manually defined shipping methods','en'),(857,857,'Mark the search engines you want to inform of the structure of your site using the site map','en'),(858,858,'Market price','en'),(859,859,'Marketplace','en'),(860,860,'Marketplace [check_addon_key]: the \"{{url}}\" URL requested','en'),(861,861,'Marketplace [check_for_updates]: the \"{{url}}\" URL requested','en'),(862,862,'Marketplace [check_for_updates]: valid response received','en'),(863,863,'Marketplace [get_hosting_score]: response has an invalid format','en'),(864,864,'Marketplace [get_hosting_score]: the \"{{url}}\" URL requested','en'),(865,865,'Rate per item','en'),(866,866,'Rate per weight unit','en'),(867,867,'Membership','en'),(868,868,'Membership access','en'),(869,869,'Membership levels','en'),(870,870,'Membership name','en'),(871,871,'Memberships','en'),(872,872,'Menus','en'),(873,873,'Message','en'),(874,874,'Meta description','en'),(875,875,'Meta keywords','en'),(876,876,'Methods','en'),(877,877,'Modify','en'),(878,878,'Modify \"{{name}}\" option group','en'),(879,879,'Modify category','en'),(880,880,'Modify option group exceptions','en'),(881,881,'Modify root category (the store\'s front page)','en'),(882,882,'The module has been successfully installed','en'),(883,883,'Modules Marketplace','en'),(884,884,'More add-ons','en'),(885,885,'More details','en'),(886,886,'Most Popular','en'),(887,887,'Most Rated','en'),(888,888,'Move','en'),(889,889,'My account','en'),(890,890,'MySQL server','en'),(891,891,'Name','en'),(892,892,'Name of address field','en'),(893,893,'Name of bank at which account is maintained','en'),(894,894,'Name of purchaser','en'),(895,895,'Name under which the account is maintained at the bank','en'),(896,896,'Never','en'),(897,897,'New access key will also be sent to the Site administrator\'s email address','en'),(898,898,'New address field','en'),(899,899,'New discount coupon','en'),(900,900,'New image','en'),(901,901,'New item','en'),(902,902,'New page','en'),(903,903,'New product class','en'),(904,904,'The new product has been added successfully','en'),(905,905,'New rate','en'),(906,906,'New role','en'),(907,907,'Newest','en'),(908,908,'Newest first','en'),(909,909,'Next','en'),(910,910,'Next page','en'),(911,911,'No','en'),(912,912,'No countries found','en'),(913,913,'No products are featured in this category','en'),(914,914,'No image','en'),(915,915,'No images uploaded','en'),(916,916,'No items found.','en'),(917,917,'No merchant account required','en'),(918,918,'No orders have been placed yet','en'),(919,919,'No orders have been placed yet','en'),(920,920,'No payment modules installed','en'),(921,921,'No products sold yet','en'),(922,922,'No states found','en'),(923,923,'No tax rates defined','en'),(924,924,'Non-administrator','en'),(925,925,'Not finished','en'),(926,926,'Not a numeric value','en'),(927,927,'Note','en'),(928,928,'Notes','en'),(929,929,'Off','en'),(930,930,'Official website','en'),(931,931,'Offline methods','en'),(932,932,'Old price','en'),(933,933,'On','en'),(934,934,'On all catalog pages','en'),(935,935,'On product details pages only','en'),(936,936,'Online catalog structure setup','en'),(937,937,'Only lowercase letters, digits and undescore character are allowed','en'),(938,938,'Open Graph meta tags','en'),(939,939,'Open graph tags','en'),(940,940,'Open storefront','en'),(941,941,'Operating system','en'),(942,942,'Option group','en'),(943,943,'The options have been successfully updated','en'),(944,944,'Order','en'),(945,945,'Order #','en'),(946,946,'Order ID','en'),(947,947,'Order Total','en'),(948,948,'Order date from','en'),(949,949,'Order date through','en'),(950,950,'Order details','en'),(951,951,'Order id','en'),(952,952,'Order items','en'),(953,953,'Order note','en'),(954,954,'Order review','en'),(955,955,'Order statistics','en'),(956,956,'Order status','en'),(957,957,'Orders','en'),(958,958,'Orders count','en'),(959,959,'Out of stock','en'),(960,960,'Pack it','en'),(961,961,'Page','en'),(962,962,'Page URL','en'),(963,963,'Page name','en'),(964,964,'Page not found','en'),(965,965,'Pages','en'),(966,966,'Paid','en'),(967,967,'Parent category','en'),(968,968,'Pattern search','en'),(969,969,'All payment methods','en'),(970,970,'Payment info','en'),(971,971,'Payment instructions','en'),(972,972,'Payment method','en'),(973,973,'Payment methods','en'),(974,974,'Payment method data','en'),(975,975,'Payment data ({{method}})','en'),(976,976,'Payment settings','en'),(977,977,'Payment transaction ID','en'),(978,978,'Payment transactions','en'),(979,979,'Payment methods','en'),(980,980,'Pending','en'),(981,981,'Pending memberships','en'),(982,982,'Per item rate','en'),(983,983,'Per weight unit rate','en'),(984,984,'Percent','en'),(985,985,'Percent rate','en'),(986,986,'Percent off','en'),(987,987,'Perform order search','en'),(988,988,'Performance','en'),(989,989,'Permissions','en'),(990,990,'Permissions checking failed. Please make sure that the following file permissions are assigned (UNIX only):','en'),(991,991,'Personal info','en'),(992,992,'Phone','en'),(993,993,'Pick address from address book','en'),(994,994,'Place order','en'),(995,995,'Please accept the Terms and Conditions to continue','en'),(996,996,'Please choose the appropriate action','en'),(997,997,'Please enable JavaScript in your web browser.','en'),(998,998,'Please identify yourself','en'),(999,999,'Please note that some of these modules are incompatible with the upcoming upgrade and will be disabled in order to prevent a system crash','en'),(1000,1000,'Run benchmark to estimate your server performance','en'),(1001,1001,'Please save the soft reset and hard reset links so you can use them later in case your website crashes','en'),(1002,1002,'Please select one','en'),(1003,1003,'Pos','en'),(1004,1004,'Pos.','en'),(1005,1005,'Pos.:','en'),(1006,1006,'Position','en'),(1007,1007,'Prefix','en'),(1008,1008,'Pre-upgrade action required','en'),(1009,1009,'Some of the modules used by your store contain code that must be executed before the upgrade process begins. For the code to be executed successfully, the modules must be enabled. However, some of the modules containing such code are now disabled. This will prevent the pre-upgrade code from execution and is highly likely to cause problems, like a fatal error.<br /><br />Listed below are the modules that contain pre-upgrade code and are disabled. Here you can specify the modules for which you want the pre-upgrade code to be executed:','en'),(1010,1010,'Execute','en'),(1011,1011,'Do not execute','en'),(1012,1012,'Please note that we may not be held responsible for any upgrade problems caused by failure to execute the required pre-upgrade code.','en'),(1013,1013,'Prev','en'),(1014,1014,'Previous page','en'),(1015,1015,'Price modifier','en'),(1016,1016,'Price: Not a numeric value','en'),(1017,1017,'Price','en'),(1018,1018,'Name','en'),(1019,1019,'Primary menu','en'),(1020,1020,'Print invoice','en'),(1021,1021,'Processed','en'),(1022,1022,'Processed/Completed','en'),(1023,1023,'Product Name','en'),(1024,1024,'Product SKU','en'),(1025,1025,'Product Title','en'),(1026,1026,'Product has been added to your cart','en'),(1027,1027,'Product class','en'),(1028,1028,'Product classes','en'),(1029,1029,'Product has been added to your cart','en'),(1030,1030,'Product images','en'),(1031,1031,'Product info','en'),(1032,1032,'Product info has been updated successfully','en'),(1033,1033,'Product is out of stock','en'),(1034,1034,'Product on sale','en'),(1035,1035,'Product options','en'),(1036,1036,'Product page title','en'),(1037,1037,'Product prices are defined including this tax calculated for','en'),(1038,1038,'Products','en'),(1039,1039,'Products in cart','en'),(1040,1040,'Product information has been successfully updated','en'),(1041,1041,'Products with low inventory','en'),(1042,1042,'Profile','en'),(1043,1043,'The profile has been created successfully','en'),(1044,1044,'The profile has been deleted successfully','en'),(1045,1045,'The profile has been updated successfully','en'),(1046,1046,'Profile settings','en'),(1047,1047,'Promotions','en'),(1048,1048,'Properties','en'),(1049,1049,'Purchase','en'),(1050,1050,'Purchase SSL certificate','en'),(1051,1051,'PO number','en'),(1052,1052,'Put up selected for sale','en'),(1053,1053,'Qty','en'),(1054,1054,'Qty.','en'),(1055,1055,'Quantity: high to low','en'),(1056,1056,'Quantity: low to high','en'),(1057,1057,'Queued','en'),(1058,1058,'Quick and easy setup','en'),(1059,1059,'Rate','en'),(1060,1060,'Rates','en'),(1061,1061,'Rates / Conditions','en'),(1062,1062,'Raw online rate (on-line rate)','en'),(1063,1063,'Re-build cache','en'),(1064,1064,'Re-generate access key','en'),(1065,1065,'Re-order','en'),(1066,1066,'Recent orders','en'),(1067,1067,'Recent orders','en'),(1068,1068,'Recommended','en'),(1069,1069,'Referer','en'),(1070,1070,'Register','en'),(1071,1071,'Registered','en'),(1072,1072,'Remove','en'),(1073,1073,'Required','en'),(1074,1074,'Some of them require a registered merchant account','en'),(1075,1075,'Re-run benchmark','en'),(1076,1076,'Response from Marketplace not received','en'),(1077,1077,'Response from Marketplace: ','en'),(1078,1078,'Restore','en'),(1079,1079,'Restore database','en'),(1080,1080,'Restore from server','en'),(1081,1081,'Restore last backup','en'),(1082,1082,'Restore links','en'),(1083,1083,'Return to Drupal','en'),(1084,1084,'Revenue','en'),(1085,1085,'Review statistics on the various aspects of your store\'s operation','en'),(1086,1086,'Role','en'),(1087,1087,'Roles','en'),(1088,1088,'Root Level','en'),(1089,1089,'Root access','en'),(1090,1090,'Root category','en'),(1091,1091,'Run Benchmark again','en'),(1092,1092,'Run benchmark','en'),(1093,1093,'SKU: a-z','en'),(1094,1094,'SKU: z-a','en'),(1095,1095,'SMTP server','en'),(1096,1096,'STORE SETUP','en'),(1097,1097,'SYSTEM SETTINGS','en'),(1098,1098,'Safe mode','en'),(1099,1099,'Safe mode access key','en'),(1100,1100,'Sale','en'),(1101,1101,'Sale price','en'),(1102,1102,'Sale statistics since the opening of the store','en'),(1103,1103,'Sales','en'),(1104,1104,'Sales tax','en'),(1105,1105,'Save as new','en'),(1106,1106,'Save changes','en'),(1107,1107,'Save zone details','en'),(1108,1108,'Savings','en'),(1109,1109,'Search for modules','en'),(1110,1110,'Search for orders','en'),(1111,1111,'Search for users','en'),(1112,1112,'Search for users that are','en'),(1113,1113,'Search in subcategories','en'),(1114,1114,'Search product','en'),(1115,1115,'Search profiles','en'),(1116,1116,'Search result','en'),(1117,1117,'Search results','en'),(1118,1118,'Secure connection cannot be established.','en'),(1119,1119,'Security','en'),(1120,1120,'Security settings','en'),(1121,1121,'Select country','en'),(1122,1122,'Select options','en'),(1123,1123,'Send','en'),(1124,1124,'Send test email','en'),(1125,1125,'Service name','en'),(1126,1126,'Service name of address field','en'),(1127,1127,'Set','en'),(1128,1128,'Set the sale price','en'),(1129,1129,'Settings','en'),(1130,1130,'Set up <a href=\"{{URL1}}\">address zones</a> and <a href=\"{{URL2}}\">taxes</a>','en'),(1131,1131,'Shipping & Taxes','en'),(1132,1132,'Shipping address','en'),(1133,1133,'Shipping address is not completly defined yet','en'),(1134,1134,'Shipping address is not defined','en'),(1135,1135,'Shipping address is not defined yet','en'),(1136,1136,'Shipping info','en'),(1137,1137,'The shipping rate has been created successfully','en'),(1138,1138,'The shipping rates have been updated','en'),(1139,1139,'Shipping method','en'),(1140,1140,'The shipping method has been added','en'),(1141,1141,'Shipping methods','en'),(1142,1142,'Shipping methods are not available','en'),(1143,1143,'Shipping rates','en'),(1144,1144,'Shipping settings','en'),(1145,1145,'Address zones','en'),(1146,1146,'There\'s a minimum purchase limit of {{minQuantity}}. The number of units of the product \'{{productName}}\' in cart has been adjusted to reach this limit.','en'),(1147,1147,'There\'s a maximum purchase limit of {{maxQuantity}}. The number of units of the product \'{{productName}}\' in cart has been adjusted to reach this limit.','en'),(1148,1148,'Carrier','en'),(1149,1149,'Order tracking information','en'),(1150,1150,'Track package','en'),(1151,1151,'Send tracking info','en'),(1152,1152,'No tracking numbers are defined','en'),(1153,1153,'Tracking numbers','en'),(1154,1154,'\"{{number}}\" tracking number has been added','en'),(1155,1155,'\"{{number}}\" tracking number has been removed','en'),(1156,1156,'Tracking number has been changed from \"{{old_number}}\" to \"{{new_number}}\"','en'),(1157,1157,'Add tracking number','en'),(1158,1158,'Tracking information has been sent','en'),(1159,1159,'Shopping cart','en'),(1160,1160,'Show social buttons','en'),(1161,1161,'Sign in','en'),(1162,1162,'Sign out','en'),(1163,1163,'Size','en'),(1164,1164,'<strong>Disables all modules except for the ones that were downloaded from the Marketplace</strong>(soft reset)','en'),(1165,1165,'Specify your <a href=\"{{URL}}\">store information</a>','en'),(1166,1166,'Start selling!','en'),(1167,1167,'State','en'),(1168,1168,'States','en'),(1169,1169,'The states have been deleted successfully','en'),(1170,1170,'The states have been updated successfully','en'),(1171,1171,'Statistics','en'),(1172,1172,'Status','en'),(1173,1173,'Store Maintenance','en'),(1174,1174,'Store currency','en'),(1175,1175,'Contact information','en'),(1176,1176,'Store is closed','en'),(1177,1177,'Store is open','en'),(1178,1178,'Store setup','en'),(1179,1179,'Storefront','en'),(1180,1180,'Subcategories','en'),(1181,1181,'Subject','en'),(1182,1182,'Substring','en'),(1183,1183,'Subtotal range (begin)','en'),(1184,1184,'Subtotal range (end)','en'),(1185,1185,'Successfully imported X new products','en'),(1186,1186,'Successfully imported X new products and updated Y existing products','en'),(1187,1187,'Successfully updated Y products','en'),(1188,1188,'Suffix','en'),(1189,1189,'Synchronous','en'),(1190,1190,'System settings','en'),(1191,1191,'Table','en'),(1192,1192,'Tax disabled','en'),(1193,1193,'Tax enabled','en'),(1194,1194,'The tax has been disabled successfully','en'),(1195,1195,'The tax has been enabled successfully','en'),(1196,1196,'The tax rates have been updated successfully','en'),(1197,1197,'Tax title','en'),(1198,1198,'Taxes','en'),(1199,1199,'Teaser','en'),(1200,1200,'Test email configuration','en'),(1201,1201,'Test shipping rates','en'),(1202,1202,'Tester','en'),(1203,1203,'Text','en'),(1204,1204,'Thank you for your order','en'),(1205,1205,'The SSL certificate installed for your custom website domain is not valid.','en'),(1206,1206,'The SSL certificate installed on your server is not valid. Although you can switch the store to use the secure protocol for the website pages, most Internet browsers will likely display a warning message scaring your website visitors away.','en'),(1207,1207,'The X language has been added and enabled successfully','en'),(1208,1208,'The attachment has been added successfully','en'),(1209,1209,'The changes will be applied to all selected products','en'),(1210,1210,'The detailed image has been added successfully','en'),(1211,1211,'The detailed image has been deleted','en'),(1212,1212,'The detailed images have been updated successfully','en'),(1213,1213,'The exceptions have been updated successfully','en'),(1214,1214,'To enable this add-on, the following add-on(s) must be enabled','en'),(1215,1215,'To enable this add-on, the following add-on(s) must be disabled','en'),(1216,1216,'The following categories were selected to be removed','en'),(1217,1217,'The following dependent add-ons will be disabled automatically','en'),(1218,1218,'The image has been updated','en'),(1219,1219,'The HTTPS protocol is enabled for your website','en'),(1220,1220,'The import is in progress','en'),(1221,1221,'The import will start immediately upon selecting the data file. No additional confirmation prompts will appear.','en'),(1222,1222,'The language you want to delete is the default application language and cannot be deleted','en'),(1223,1223,'The language you want to delete is the default interface language and cannot be deleted','en'),(1224,1224,'The maximum number of uses','en'),(1225,1225,'The module has been partially uninstalled','en'),(1226,1226,'The module is not compatible with your X-Cart version','en'),(1227,1227,'The page has been added','en'),(1228,1228,'The product option group has been added successfully','en'),(1229,1229,'The product option group has been updated successfully','en'),(1230,1230,'The product option groups have been updated successfully','en'),(1231,1231,'Failed to update the product option groups','en'),(1232,1232,'The requested page could not be found.','en'),(1233,1233,'The restoration procedure is irreversible and erases all existing data tables from your store\'s database. It is highly recommended that you back up the data currently stored in the database before restoring a past version of your database from backup.','en'),(1234,1234,'The same as shipping','en'),(1235,1235,'The selected shipping rates have been deleted successfully','en'),(1236,1236,'The state has been added successfully','en'),(1237,1237,'The text label has not been added because its translation into the default application language has not been specified','en'),(1238,1238,'The text label has not been added because its translation into the default interface language has not been specified','en'),(1239,1239,'The text label has not been modified because its translation into the default application language has not been specified','en'),(1240,1240,'The text label has not been modified because its translation into the default interface language has not been specified','en'),(1241,1241,'The upgrade is completed. Please do not close this page until you check your web site and make sure that everything works properly','en'),(1242,1242,'There are no categories','en'),(1243,1243,'There are no rates selected','en'),(1244,1244,'There are no rates available for the specified source/destination and/or package measurements/weight.','en'),(1245,1245,'Find language in the marketplace','en'),(1246,1246,'There is no user with the specified email address','en'),(1247,1247,'There were no orders placed','en'),(1248,1248,'These components require your attention','en'),(1249,1249,'These components will be updated','en'),(1250,1250,'These instructions will appear below the order invoice on the page that customers see after they confirm their order.','en'),(1251,1251,'These links were already provided to you after this store was installed and will be emailed to you again after you start the upgrade process','en'),(1252,1252,'Please contact the module developers to make sure that these modules are compatible with the upcoming upgrade. We do not guarantee that the store will operate correctly if the modules remain enabled. Consider disabling the modules before you proceed to the next step.','en'),(1253,1253,'This address was used as a billing address during a recent purchase','en'),(1254,1254,'This address was used as a shipping address during a recent purchase','en'),(1255,1255,'This component is automatically calculated by a shipping add-on module and cannot be edited','en'),(1256,1256,'This email address is already in use by another user.','en'),(1257,1257,'This email address is used for an existing account. Enter another email address or sign in','en'),(1258,1258,'This is the default zone which covers all addresses. It is not possible to edit this zone\'s countries, states, etc.','en'),(1259,1259,'This month','en'),(1260,1260,'Once the links are regenerated, they will be sent to the store administrator email.','en'),(1261,1261,'After clicking this button, your hard/soft reset links will be regenerated. You may need this if your old links were compromised.','en'),(1262,1262,'This section lists 10 best selling products for today, last week, last month, last year and all time.','en'),(1263,1263,'This section displays order placement statistics','en'),(1264,1264,'This site requires JavaScript to function properly.','en'),(1265,1265,'This week','en'),(1266,1266,'This quarter','en'),(1267,1267,'This year','en'),(1268,1268,'Through','en'),(1269,1269,'Thumbnail','en'),(1270,1270,'Title','en'),(1271,1271,'New tax class','en'),(1272,1272,'Create zone','en'),(1273,1273,'Shipping / Payment info','en'),(1274,1274,'To contact us please use the form below','en'),(1275,1275,'To email','en'),(1276,1276,'To place the order please accept the Terms and Conditions','en'),(1277,1277,'To place the order please complete the previous steps first','en'),(1278,1278,'To reset your password, please enter the email address associated with your user account','en'),(1279,1279,'Today','en'),(1280,1280,'Best sellers','en'),(1281,1281,'Best sellers','en'),(1282,1282,'Translation driver','en'),(1283,1283,'Twitter','en'),(1284,1284,'Type','en'),(1285,1285,'Type of Account','en'),(1286,1286,'Admin has requested a change of password for your account. Please change the password before you proceed.','en'),(1287,1287,'The new password must not coincide with the current password for your account.','en'),(1288,1288,'Uncheck all','en'),(1289,1289,'Understanding Online Payments','en'),(1290,1290,'Error: Version value was not passed','en'),(1291,1291,'Uninstall','en'),(1292,1292,'Units & Formats','en'),(1293,1293,'Units of measurement','en'),(1294,1294,'Unknown','en'),(1295,1295,'Unpacking archives, please wait...','en'),(1296,1296,'Unset','en'),(1297,1297,'Update exceptions','en'),(1298,1298,'Update module','en'),(1299,1299,'Update product','en'),(1300,1300,'Update profile','en'),(1301,1301,'Updated components','en'),(1302,1302,'Updates are available','en'),(1303,1303,'Updates for the X-Cart core and/or installed modules are available','en'),(1304,1304,'Updates for your version ({{version}})','en'),(1305,1305,'Upgrade','en'),(1306,1306,'Upgrade is available','en'),(1307,1307,'Upgrade core','en'),(1308,1308,'Upgrade module','en'),(1309,1309,'Upgrade to version {{version}}','en'),(1310,1310,'Upload','en'),(1311,1311,'Upload add-on','en'),(1312,1312,'Upload and restore','en'),(1313,1313,'Upload file','en'),(1314,1314,'Use a merchant account from your financial institution or choose a bundled payment solution to accept credit cards and other methods of payment on your website.','en'),(1315,1315,'Use a merchant account from your financial institution to accept online payments','en'),(1316,1316,'Use custom js','en'),(1317,1317,'Use default logo','en'),(1318,1318,'Use the category name','en'),(1319,1319,'Use the navigation bar above this dialog to navigate through the catalog categories','en'),(1320,1320,'Use this section to back up the database of your online store. Please note that the database backup procedure can take up to several minutes.','en'),(1321,1321,'Use this section to define address zones.','en'),(1322,1322,'Use this section to configure your store\'s shipping methods.','en'),(1323,1323,'Use this section to manage the list of existing countries. This list is used in the shipping settings and calculations, as well as in the registration form in the Customer area.','en'),(1324,1324,'Use this section to manage the lists of counties, provinces, regions and states of different countries. The lists are used in shipping settings and calculations, as well as in the registration form in the Customer area.','en'),(1325,1325,'Use this section to restore the database of your online store. Please note that the database restoration procedure can take up to several minutes','en'),(1326,1326,'Use this section to review the list of existing membership levels and add new ones','en'),(1327,1327,'User membership','en'),(1328,1328,'User type','en'),(1329,1329,'Username or email','en'),(1330,1330,'Users','en'),(1331,1331,'Uses count','en'),(1332,1332,'Uses left','en'),(1333,1333,'VAT','en'),(1334,1334,'Validate key','en'),(1335,1335,'Value','en'),(1336,1336,'Version','en'),(1337,1337,'Version change','en'),(1338,1338,'View all open orders','en'),(1339,1339,'View logs','en'),(1340,1340,'View profile','en'),(1341,1341,'View system logs','en'),(1342,1342,'View update log','en'),(1343,1343,'Visit module details page','en'),(1344,1344,'Visit storefront','en'),(1345,1345,'Volume discounts','en'),(1346,1346,'Warning','en'),(1347,1347,'Warning! Not enough items in stock for the order to be processed','en'),(1348,1348,'Warning: this operation cannot be reverted!','en'),(1349,1349,'Watch video','en'),(1350,1350,'Web server','en'),(1351,1351,'Weight modifier','en'),(1352,1352,'What is benchmark?','en'),(1353,1353,'After the export process has been completed, you will be prompted to download the product data file','en'),(1354,1354,'Width (px)','en'),(1355,1355,'Wrong method_id specifed','en'),(1356,1356,'Wrong value is specified for arrival date field. The field was not updated.','en'),(1357,1357,'X-Cart','en'),(1358,1358,'X-Cart online store builder','en'),(1359,1359,'X-Cart shopping cart software','en'),(1360,1360,'XML parser','en'),(1361,1361,'XML sitemap','en'),(1362,1362,'Yahoo!','en'),(1363,1363,'Yandex','en'),(1364,1364,'Yes','en'),(1365,1365,'Yes, I accept the License agreement','en'),(1366,1366,'You are not allowed to access this resource!','en'),(1367,1367,'You have selected to delete your profile. Please confirm that you want to proceed','en'),(1368,1368,'PHP <a href=\'//php.net/phar\' target=\'_blank\'>.phar</b> extension is not enabled on your server. Here is a <a href=\'http://kb.x-cart.com/pages/viewpage.action?pageId=7504332\' target=\'_blank\'>manual</a> for setting up the extension.','en'),(1369,1369,'PHP cURL extension is not enabled on your server. Here is a <a href=\'http://kb.x-cart.com/pages/viewpage.action?pageId=7504334\' target=\'_blank\'>manual</a> for setting up the extension.','en'),(1370,1370,'PHP openSSL extension is not enabled on your server. Here is a <a href=\'http://kb.x-cart.com/pages/viewpage.action?pageId=7504337\' target=\'_blank\'>manual</a> for setting up the extension.','en'),(1371,1371,'Your server does not have an SSL certificate. Ask your hosting team to install an SSL certificate or create a self-signed one according to this <a href=\'http://kb.x-cart.com/pages/viewpreviousversions.action?pageId=7504339\' target=\'_blank\'>guide</a>.','en'),(1372,1372,'Previous attempt to connect to the Marketplace server failed.','en'),(1373,1373,'cURL returned an error while establishing a connection: {{error code}} {{error message}}','en'),(1374,1374,'After the problem has been fixed, try to <a href=\'{{clear_cache}}\'>connect</a> again.','en'),(1375,1375,'Require to change password on next log in','en'),(1376,1376,'Change password','en'),(1377,1377,'Your account information will be emailed to you shortly','en'),(1378,1378,'Your account information will be emailed to you shortly.','en'),(1379,1379,'Your email','en'),(1380,1380,'Your name','en'),(1381,1381,'Your products will be exported as a CSV file.','en'),(1382,1382,'Your cart is empty','en'),(1383,1383,'Your state','en'),(1384,1384,'Your storefront','en'),(1385,1385,'Your store is currently unable to calculate taxes','en'),(1386,1386,'Zip code','en'),(1387,1387,'Zip/postal code masks','en'),(1388,1388,'Zone','en'),(1389,1389,'Zone name','en'),(1390,1390,'Zones','en'),(1391,1391,'and','en'),(1392,1392,'by','en'),(1393,1393,'details','en'),(1394,1394,'disabled','en'),(1395,1395,'downloads','en'),(1396,1396,'enabled','en'),(1397,1397,'from URL','en'),(1398,1398,'from local computer','en'),(1399,1399,'from local server','en'),(1400,1400,'hard reset','en'),(1401,1401,'in description','en'),(1402,1402,'in title','en'),(1403,1403,'is available','en'),(1404,1404,'items available','en'),(1405,1405,'less','en'),(1406,1406,'modules','en'),(1407,1407,'ms','en'),(1408,1408,'never','en'),(1409,1409,'none','en'),(1410,1410,'The following archives could not be unpacked: {{list}}','en'),(1411,1411,'Try to unpack them manually, then click on <a href=\'{{link}}\'>this link</a>.','en'),(1412,1412,'not available for sale','en'),(1413,1413,'not installed','en'),(1414,1414,'not ready to download packs. Please, try again','en'),(1415,1415,'of','en'),(1416,1416,'options','en'),(1417,1417,'or','en'),(1418,1418,'proxy','en'),(1419,1419,'sale','en'),(1420,1420,'should be performed manually','en'),(1421,1421,'soft reset','en'),(1422,1422,'trying to install a non-marketplace module: \"{{name}}\"','en'),(1423,1423,'trying to unpack non-downloaded archives','en'),(1424,1424,'Unable to install: The following archives could not be unpacked: {{list}}','en'),(1425,1425,'Unable to test files: The following archives could not be unpacked: {{list}}','en'),(1426,1426,'unknown','en'),(1427,1427,'you save','en'),(1428,1428,'Action \"{{class}}::{{action}}\", {{message}}','en'),(1429,1429,'The key has been validated, but the module {{module}} has not been found','en'),(1430,1430,'Response from Marketplace: {{response}}','en'),(1431,1431,'Please specify a non-empty key','en'),(1432,1432,'A DB error occurred while uninstalling the module \"{{name}}\"','en'),(1433,1433,'The module \"{{name}}\" has been uninstalled successfully','en'),(1434,1434,'Unable to delete the module \"{{name}}\" files: some dirs do not have write permissions: {{dirs}}','en'),(1435,1435,'License not received','en'),(1436,1436,'invalid module ID passed: \"{{moduleId}}\"','en'),(1437,1437,'unable to add module entry to the installation list: \"{{path}}\"','en'),(1438,1438,'module version \"{{module_version}}\" does not match the core version (\"{{core_version}}\")','en'),(1439,1439,'unable to upload the module','en'),(1440,1440,'The modules have been successfully installed','en'),(1441,1441,'{{ext}} file type','en'),(1442,1442,'Zone not found ({{zoneId}})','en'),(1443,1443,'The profiles have been merged','en'),(1444,1444,'The profile has been registered. The password has been sent to the user\'s email address','en'),(1445,1445,'<a href=\"terms-and-conditions.html\">Terms and conditions details</a><br /><br />Edit the \"Terms and conditions text\" label via the Admin area','en'),(1446,1446,'<span class=\"modules-amount\">{{count}}</span> module(s) selected','en'),(1447,1447,'State cannot be created with an unknown country code ({{code}})','en'),(1448,1448,'There are no labels translated to {{language}}','en'),(1449,1449,'Module with ID \"{{id}}\" not found','en'),(1450,1450,'We are already aware of this problem and are working on it. If you would like to get in touch, feel free to contact us via our Help center at <a href=\"{{url}}\" target=\"_blank\">{{url}}</a>.','en'),(1451,1451,'The following expected input data has a wrong format or is empty: {{fields}}','en'),(1452,1452,'Unknown language: {{code}}','en'),(1453,1453,'deleted','en'),(1454,1454,'It is impossible to detect valid SSL certificate availability on your server because curl extension is not installed.','en'),(1455,1455,'Your store is configured to use the secure protocol for the store\'s back end, checkout, sign-in and profile pages.','en'),(1456,1456,'We have found a valid SSL certificate installed on the server. Now you can switch the store to use the secure protocol for the store\'s back end, checkout, sign-in and profile pages.','en'),(1457,1457,'Support','en'),(1458,1458,'After the upgrade is completed, please check your website. If you find that the site is not operating properly, please try the following','en'),(1459,1459,'Start Import','en'),(1460,1460,'New import','en'),(1461,1461,'Critical errors have been detected in the files you are trying to import. Please correct the errors and try again.','en'),(1462,1462,'Data has not been found','en'),(1463,1463,'Clear the item\'s data before importing this item','en'),(1464,1464,'Do not verify images to run the process faster','en'),(1465,1465,'Delete temporary files after the import is completed','en'),(1466,1466,'Import settings','en'),(1467,1467,'Upload files','en'),(1468,1468,'Samples of the file structures','en'),(1469,1469,'Continue import','en'),(1470,1470,'Re-upload files','en'),(1471,1471,'The import process may take a while to complete. You may close the page; the process will continue in the background. If the process takes long enough, we will send you a notification when it is completed.','en'),(1472,1472,'The import process may take a while to complete. Please do not close this page until the process is fully completed. If you have closed the page, please re-open it to complete the import process as it is in progress only when the page is open.','en'),(1473,1473,'Verification results','en'),(1474,1474,'Import by CSV','en'),(1475,1475,'Order by','en'),(1476,1476,'Query','en'),(1477,1477,'Count','en'),(1478,1478,'Products found','en'),(1479,1479,'Cleanup queries','en'),(1480,1480,'requested only once','en'),(1481,1481,'requested once or twice','en'),(1482,1482,'Cleanup','en'),(1483,1483,'The shipping rate has been added successfully','en'),(1484,1484,'The shipping rate cannot be added','en'),(1485,1485,'Please make sure that <b>\"min weight\", \"min total\", \"min items\", \"shipping zone\" and \"shipping method\"</b> fields do not overlap with those of any other shipping rates.','en'),(1486,1486,'Administrator area','en'),(1487,1487,'This section displays order processing statistics','en'),(1488,1488,'Compare your result with other servers','en'),(1489,1489,'The values are average','en'),(1490,1490,'Customer area is closed for maintenance.','en'),(1491,1491,'This page allows you to configure shipping methods, address zones and shipping charges.','en'),(1492,1492,'Shipping charges','en'),(1493,1493,'New address','en'),(1494,1494,'Forgot your password?','en'),(1495,1495,'No such user','en'),(1496,1496,'Edit attributes','en'),(1497,1497,'To set up attributes specific for product classes, define the product classes first.','en'),(1498,1498,'Here you can define attributes for all of your products and sets of attributes for different classes of your products.','en'),(1499,1499,'Here you can define how your payment methods will look in the Customer area.','en'),(1500,1500,'More payment methods can be added by installing appropriate payment modules. Check out the Marketplace to find and install the payment modules you require.','en'),(1501,1501,'Need more payment methods?','en'),(1502,1502,'Warning: The restoration procedure is irreversible and erases all existing data tables from the store\'s database. It is highly recommended that you back up the data currently stored in your database before restoring a past version of your database from backup.','en'),(1503,1503,'Use this section to back up the database of your online store. Please note that the database backup procedure can take up to several minutes.','en'),(1504,1504,'If you choose to create an SQL file, you will be able to download the file from the server later and, after that, delete it from the server using the \"Delete SQL file\" button.','en'),(1505,1505,'You cannot save database data to a file on the web server (\'var/backup/sqldump.sql.php\').','en'),(1506,1506,'The directory \'var/backup/\' does not exist or is not writable.','en'),(1507,1507,'Ship in a separate box','en'),(1508,1508,'You will be able to provide additional product info (images, attributes, etc.) after you submit this form.','en'),(1509,1509,'Clone this product','en'),(1510,1510,'Clone','en'),(1511,1511,'Preview product page','en'),(1512,1512,'Tax class','en'),(1513,1513,'There are no images loaded for this product','en'),(1514,1514,'No product class assigned','en'),(1515,1515,'Name, e.g. Apparel','en'),(1516,1516,'Manage product classes','en'),(1517,1517,'If you have multiple products sharing the same set of attributes, it makes sence to set up a common product type for these products and create the attributes on the product type level.','en'),(1518,1518,'Attribute option','en'),(1519,1519,'Modifiers','en'),(1520,1520,'Default option','en'),(1521,1521,'Length x Width x Height','en'),(1522,1522,'Maximum number of items per box','en'),(1523,1523,'Attribute name','en'),(1524,1524,'Attribute values','en'),(1525,1525,'Re-generate links','en'),(1526,1526,'Attribute group','en'),(1527,1527,'Attribute','en'),(1528,1528,'No group','en'),(1529,1529,'No attributes','en'),(1530,1530,'No attributes assigned','en'),(1531,1531,'Including subcategories','en'),(1532,1532,'The provided file contains the following language labels:','en'),(1533,1533,'The language labels have been successfully imported:','en'),(1534,1534,'Language:','en'),(1535,1535,'labels count:','en'),(1536,1536,'Number of ignored rows:','en'),(1537,1537,'Please confirm that you want to proceed with the import or cancel the operation.','en'),(1538,1538,'Failure: Wrong file format.','en'),(1539,1539,'The language CSV file should be a text file containing three columns per row (the columns must be separated by a comma:','en'),(1540,1540,'language code,','en'),(1541,1541,'label name,','en'),(1542,1542,'label translation.','en'),(1543,1543,'Please make sure your file format is as described.','en'),(1544,1544,'default','en'),(1545,1545,'Get CSV','en'),(1546,1546,'Not selected','en'),(1547,1547,'To change your roles, contact the store administrator','en'),(1548,1548,'You have the following roles:','en'),(1549,1549,'Welcome','en'),(1550,1550,'Edit attribute values','en'),(1551,1551,'Click if you do not want to add this value to new products or class assigns automatically','en'),(1552,1552,'Click if you want to add this value to new products or class assigns automatically','en'),(1553,1553,'Enabled in catalog','en'),(1554,1554,'Disabled in catalog','en'),(1555,1555,'What to export','en'),(1556,1556,'editable','en'),(1557,1557,'multi value','en'),(1558,1558,'Removing this attribute will affect all the products. Leave this blank to hide this option for the product.','en'),(1559,1559,'Delete all files','en'),(1560,1560,'Before editing attributes specific for the chosen type you should save the changes','en'),(1561,1561,'Default value','en'),(1562,1562,'New value','en'),(1563,1563,'New group','en'),(1564,1564,'New Export','en'),(1565,1565,'The following files are too large to be included in the archive','en'),(1566,1566,'Start Export','en'),(1567,1567,'Export settings','en'),(1568,1568,'Export public files as','en'),(1569,1569,'URLs','en'),(1570,1570,'local files','en'),(1571,1571,'Choosing \"URLs\" will link the exported data to your public files (product and category images, downloadable files shown on product pages, and so on) through direct URLs. Public files won\'t be included into the archive with exported files; however, private files (for example, digitally distributed products) will go into the archive anyway.<br /><br />Choosing \"local files\" will provide file paths to your files, relative to your X-Cart installation.','en'),(1572,1572,'Download all files in a single archive','en'),(1573,1573,'Export completed','en'),(1574,1574,'Exporting data...','en'),(1575,1575,'The export process may take a while to complete. You may close the page, the process will continue in the background. If the process takes long enough, we will send you a notification when it is completed.','en'),(1576,1576,'The export process may take a while to complete. Please do not close this page until the process is fully completed. If you have closed the page, please re-open it to complete the export process as it is in progress only when the page is open.','en'),(1577,1577,'Export failed','en'),(1578,1578,'Export was not started','en'),(1579,1579,'Export cannot be started because it is disabled or there is another running export process. Try again later.','en'),(1580,1580,'Export in CSV','en'),(1581,1581,'Please make sure the following modules are installed and enabled:','en'),(1582,1582,'You have no payment methods enabled at your store','en'),(1583,1583,'This method does not support the current store currency and is not available to customers','en'),(1584,1584,'This method is in test mode','en'),(1585,1585,'Configure','en'),(1586,1586,'This payment method cannot be enabled until you configure it','en'),(1587,1587,'Edit product','en'),(1588,1588,'There are no shipping methods defined for this carrier','en'),(1589,1589,'Click to edit rates','en'),(1590,1590,'Click to add rates','en'),(1591,1591,'Add rates','en'),(1592,1592,'Edit','en'),(1593,1593,'Click to edit states','en'),(1594,1594,'Click to add states','en'),(1595,1595,'Add states','en'),(1596,1596,'Add state','en'),(1597,1597,'Click to edit all the translations for this label','en'),(1598,1598,'Warning! Installing this module will overwrite any existing label translations for this language.','en'),(1599,1599,'Please','en'),(1600,1600,'upgrade core','en'),(1601,1601,'No modules found','en'),(1602,1602,'No users found','en'),(1603,1603,'No products found','en'),(1604,1604,'No profiles found','en'),(1605,1605,'Installed version','en'),(1606,1606,'outdated','en'),(1607,1607,'Purchased','en'),(1608,1608,'View in list','en'),(1609,1609,'Popularity','en'),(1610,1610,'Module\'s page','en'),(1611,1611,'Activate key','en'),(1612,1612,'if you have any questions','en'),(1613,1613,'Success','en'),(1614,1614,'Fax','en'),(1615,1615,'The shipping cost has been calculated based on the following combination of products into packages:','en'),(1616,1616,'Package','en'),(1617,1617,'weight','en'),(1618,1618,'dimensions','en'),(1619,1619,'item(s)','en'),(1620,1620,'Placed on','en'),(1621,1621,'OR','en'),(1622,1622,'Root categories','en'),(1623,1623,'WARNING! There are no more available administrator profiles. You will not be able to manage your store after you delete this profile.','en'),(1624,1624,'Are you sure you want to delete this profile?','en'),(1625,1625,'Autogenerate Clean URL','en'),(1626,1626,'products','en'),(1627,1627,'Already added','en'),(1628,1628,'Edit attribute','en'),(1629,1629,'New attribute','en'),(1630,1630,'Manage groups','en'),(1631,1631,'No attributes are defined for the product class yet.','en'),(1632,1632,'Need a license key?','en'),(1633,1633,'Your X-Cart installation is licensed for evaluation purposes only.','en'),(1634,1634,'You can build your website during FREE evaluation, but you cannot use this installation for real sales without buying a license.','en'),(1635,1635,'For details refer to','en'),(1636,1636,'Removing this message without buying a Full license is prohibited and will result in legal proceedings.','en'),(1637,1637,'Core version','en'),(1638,1638,'verified version','en'),(1639,1639,'Loopback test','en'),(1640,1640,'Warning! InnoDB engine is not supported. It is required for software operation','en'),(1641,1641,'Not detected','en'),(1642,1642,'Warning!','en'),(1643,1643,'PHP \'gd\' extension is not installed.','en'),(1644,1644,'Curl version','en'),(1645,1645,'Curl options','en'),(1646,1646,'cannot create directory','en'),(1647,1647,'subdirectories problems','en'),(1648,1648,'file does not exist','en'),(1649,1649,'Directory is empty','en'),(1650,1650,'Comma','en'),(1651,1651,'Semicolon','en'),(1652,1652,'Tab','en'),(1653,1653,'A membership name cannot contain such symbols as \\, \' and \". Also, it cannot exceed 32 characters.','en'),(1654,1654,'Please enter a unique membership name','en'),(1655,1655,'Required field','en'),(1656,1656,'The value must be in the range of','en'),(1657,1657,'Click to open','en'),(1658,1658,'Click to close','en'),(1659,1659,'Double quote','en'),(1660,1660,'Single quote','en'),(1661,1661,'empty','en'),(1662,1662,'Warning! CSV file was not specified.','en'),(1663,1663,'Warning! The file you have specified in the \'File (CSV) local\' field does not exist or cannot be read.','en'),(1664,1664,'Please enter the correct file location or set correct file permissions.','en'),(1665,1665,'Warning! The file you have specified in the \'File (CSV) for upload\' field has not been uploaded to the server.','en'),(1666,1666,'Already exists','en'),(1667,1667,'Confirmation does not match','en'),(1668,1668,'Incomplete','en'),(1669,1669,'Complete','en'),(1670,1670,'Please, enter a valid email address','en'),(1671,1671,'Please, enter a valid IP address','en'),(1672,1672,'Result pages','en'),(1673,1673,'User activity','en'),(1674,1674,'now disabled','en'),(1675,1675,'Upgrade for X-Cart core is available','en'),(1676,1676,'Now disabled','en'),(1677,1677,'Will be installed','en'),(1678,1678,'The module is incompatible with the new core version that is going to be installed','en'),(1679,1679,'Check again','en'),(1680,1680,'Failure','en'),(1681,1681,'An upgrade is a dangerous process that may result in a crashed website. It is strongly recommended to create a full back up of your store (the code and the database) and download it to a local computer before you proceed to the next step.','en'),(1682,1682,'Some files are modified','en'),(1683,1683,'The system has detected that some custom modifications were made by editing core and module files, not by writing new modules. In order to proceed with the upgrade you should decide what to do with the modifications','en'),(1684,1684,'Replace all modified files with the unmodified newer versions','en'),(1685,1685,'the custom modifications will be lost','en'),(1686,1686,'Do not replace selected files and ignore their newer versions','en'),(1687,1687,'your web site may crash','en'),(1688,1688,'Select all','en'),(1689,1689,'Unselect all','en'),(1690,1690,'New user registered','en'),(1691,1691,'Website','en'),(1692,1692,'Last 24 hours','en'),(1693,1693,'Last 7 days','en'),(1694,1694,'Last month','en'),(1695,1695,'Store lifetime','en'),(1696,1696,'View all','en'),(1697,1697,'Changes of attribute values will affect only this product. Changes of attribute names and of the attribute list will affect all the products of the corresponding class.','en'),(1698,1698,'Changes of attribute values will affect only this product. Changes of attribute names and of the attribute list will affect all the products','en'),(1699,1699,'Apply value changes locally','en'),(1700,1700,'Apply value changes globally','en'),(1701,1701,'The password is the one you specified during checkout.','en'),(1702,1702,'The password is the one you specified.','en'),(1703,1703,'Register user','en'),(1704,1704,'Test email notification','en'),(1705,1705,'Test email notification:','en'),(1706,1706,'Your new password','en'),(1707,1707,'You can now use the following credentials to access your account','en'),(1708,1708,'To change the password, log into your company account and use the \'My account\' link','en'),(1709,1709,'New safe mode access key has been generated','en'),(1710,1710,'Use the following key to access safe mode','en'),(1711,1711,'Hard reset (disables all the installed modules and runs the X-Cart application)','en'),(1712,1712,'Soft reset (disables all the modules except for the ones that were downloaded from X-Cart\'s Marketplace and runs the X-Cart application)','en'),(1713,1713,'The export is complete.','en'),(1714,1714,'Totals','en'),(1715,1715,'Your profile was modified','en'),(1716,1716,'A user has submitted the Contact Us form','en'),(1717,1717,'Product ID','en'),(1718,1718,'item(s) in stock','en'),(1719,1719,'Are you sure you want to clear your cart?','en'),(1720,1720,'attributes','en'),(1721,1721,'All rights reserved.','en'),(1722,1722,'Addresses list is empty','en'),(1723,1723,'Order payment','en'),(1724,1724,'Forgot password','en'),(1725,1725,'Max','en'),(1726,1726,'Exact phrase','en'),(1727,1727,'All words','en'),(1728,1728,'Any word','en'),(1729,1729,'Fewer search options','en'),(1730,1730,'More search options','en'),(1731,1731,'- OR -','en'),(1732,1732,'Back to Login form','en'),(1733,1733,'Back to modules','en'),(1734,1734,'Try the search-as-you-type feature...','en'),(1735,1735,'Choose the product options first','en'),(1736,1736,'This operation is irreversible. Are you sure you want to proceed?','en'),(1737,1737,'Order number','en'),(1738,1738,'Date range','en'),(1739,1739,'Clear all fields','en'),(1740,1740,'There are no shipping methods available','en'),(1741,1741,'Enter the shipping address to see delivery methods available to you','en'),(1742,1742,'C.O.D. fee included','en'),(1743,1743,'Existing Customer?','en'),(1744,1744,'Login Here','en'),(1745,1745,'Sorry, your order payment was cancelled.','en'),(1746,1746,'Sorry, your order payment failed.','en'),(1747,1747,'Failure reason:','en'),(1748,1748,'Cardholder name','en'),(1749,1749,'Credit card number','en'),(1750,1750,'Start date','en'),(1751,1751,'Expiration date','en'),(1752,1752,'Issue no','en'),(1753,1753,'CVV2','en'),(1754,1754,'Change attributes','en'),(1755,1755,'Call us: ','en'),(1756,1756,'Compare products','en'),(1757,1757,'Email','en'),(1758,1758,'This address was used as a','en'),(1759,1759,'billing','en'),(1760,1760,'shipping','en'),(1761,1761,'address during the recent purchase','en'),(1762,1762,'Out of Stock','en'),(1763,1763,'Cart','en'),(1764,1764,'More','en'),(1765,1765,'Back','en'),(1766,1766,'Your Account','en'),(1767,1767,'See comparison chart','en'),(1768,1768,'Billing address is the same as Shipping','en'),(1769,1769,'Complete billing address','en'),(1770,1770,'Continue as guest','en'),(1771,1771,'Enter your email','en'),(1772,1772,'Order cannot be placed because not all of the required fields are completed. Please check the form and try again.','en'),(1773,1773,'The \"{{file}}\" file was not uploaded','en'),(1774,1774,'Front page','en'),(1775,1775,'Please select the products first','en'),(1776,1776,'Aggregation cache has been cleared','en'),(1777,1777,'Authorized amount','en'),(1778,1778,'Captured amount','en'),(1779,1779,'Refunded amount','en'),(1780,1780,'The method is not configured and cannot be used','en'),(1781,1781,'The only remaining active administrator profile cannot be deleted.','en'),(1782,1782,'Shipping address is invalid','en'),(1783,1783,'Invoice #{{orderId}}, {{time}}','en'),(1784,1784,'Address type has a wrong value','en'),(1785,1785,'Address not selected','en'),(1786,1786,'Address not found','en'),(1787,1787,'\"{{product}} product\" attributes','en'),(1788,1788,'The attributes have been successfully updated','en'),(1789,1789,'Please select a different attribute','en'),(1790,1790,'The address has been deleted','en'),(1791,1791,'You tried to buy more items of \"{{product}}\" product {{description}} than are in stock. We have {{amount}} item(s) only. Please adjust the product quantity.','en'),(1792,1792,'The product has not been added to cart','en'),(1793,1793,'The item has not been removed from cart','en'),(1794,1794,'You have an unpaid order #{{ORDER}}','en'),(1795,1795,'Order not found','en'),(1796,1796,'No payment method selected','en'),(1797,1797,'No payment methods found for criteria: \'{{substring}}\' / {{country}}.','en'),(1798,1798,'All countries','en'),(1799,1799,'System will download and install this module from marketplace. Continue?','en'),(1800,1800,'Try to change the search criteria or find the needed solution in <a href=\"{{URL}}\" class=\"no-payments-marketplace-link\">marketplace</a>','en'),(1801,1801,'Try to <span class=\"search-worldwide\">search worldwide</span> or find the needed solution in <a href=\"{{URL}}\" class=\"no-payments-marketplace-link\">marketplace</a>','en'),(1802,1802,'The selected payment method is obsolete or invalid. Select another payment method','en'),(1803,1803,'The form could not be identified as a form generated by X-Cart. The reason may be that a substantial period of time has elapsed since you opened the page with this form or the page was opened in more than one browser tab. If you did not open the page with this form, you might be under a CSRF attack.','en'),(1804,1804,'Select products from the list','en'),(1805,1805,'Classes & attributes','en'),(1806,1806,'No category defined','en'),(1807,1807,'Safe mode access key has been re-generated','en'),(1808,1808,'{{paymentMethod}} settings','en'),(1809,1809,'An attempt to update settings of unknown payment method','en'),(1810,1810,'The payment method settings have been successfully updated','en'),(1811,1811,'The \"{{file}}\" is not CSV or archive','en'),(1812,1812,'Unable to delete file','en'),(1813,1813,'SQL file was deleted successfully','en'),(1814,1814,'File not found','en'),(1815,1815,'Only enabled modules can be packed','en'),(1816,1816,'Module packing is available in the DEVELOPER mode only. Check etc/config.php file','en'),(1817,1817,'The countries list for the zone is empty. Please specify the countries that belong in this zone.','en'),(1818,1818,'unknown error','en'),(1819,1819,'The payment method has been added successfully','en'),(1820,1820,'Manage attribute groups','en'),(1821,1821,'Measuring performance in manual mode failed.','en'),(1822,1822,'File uploading error.','en'),(1823,1823,'Making a backup of the current database state ... ','en'),(1824,1824,'done','en'),(1825,1825,'Loading the database from file .','en'),(1826,1826,'Database restored successfully!','en'),(1827,1827,'The database has not been restored because of errors','en'),(1828,1828,'Restoring database from backup .','en'),(1829,1829,'Return to Admin interface','en'),(1830,1830,'Global attributes','en'),(1831,1831,'Global','en'),(1832,1832,'Widgets cache has been cleared','en'),(1833,1833,'Widgets cache has not been cleaned completely','en'),(1834,1834,'Failed to update category image','en'),(1835,1835,'The file was not loaded due to a server-side failure.','en'),(1836,1836,'Tax classes','en'),(1837,1837,'The detailed image has not been deleted','en'),(1838,1838,'Attributes have been updated successfully','en'),(1839,1839,'Product class have been updated successfully','en'),(1840,1840,'Product class name is empty','en'),(1841,1841,'Product-Specific','en'),(1842,1842,'Product-Specific attributes','en'),(1843,1843,'A disabled language cannot be default.','en'),(1844,1844,'Cannot autogenerate a clean URL for the product name \"{{name}}\". Please specify it manually.','en'),(1845,1845,'HTTPS option has been successfully enabled','en'),(1846,1846,'HTTPS option has been disabled','en'),(1847,1847,'Inventory has been successfully updated','en'),(1848,1848,'Modules license agreements','en'),(1849,1849,'{{module}} license agreement','en'),(1850,1850,'Customers','en'),(1851,1851,'Customers imported','en'),(1852,1852,'Products imported','en'),(1853,1853,'Attributes imported','en'),(1854,1854,'Categories imported','en'),(1855,1855,'Failed write to file','en'),(1856,1856,'No write permissions to directory','en'),(1857,1857,'Add attribute','en'),(1858,1858,'Default for customers','en'),(1859,1859,'Default for admins','en'),(1860,1860,'Labels','en'),(1861,1861,'Custom','en'),(1862,1862,'Recommended','en'),(1863,1863,'By Price - cheapest first','en'),(1864,1864,'By Price - cheapest last','en'),(1865,1865,'By Name - A-Z','en'),(1866,1866,'By Name - Z-A','en'),(1867,1867,'Displays the number of labels translated into the language','en'),(1868,1868,'Label','en'),(1869,1869,'Plain field','en'),(1870,1870,'Textarea','en'),(1871,1871,'Order history','en'),(1872,1872,'Compact view','en'),(1873,1873,'Expanded view','en'),(1874,1874,'Item','en'),(1875,1875,'Yes/No','en'),(1876,1876,'In stock','en'),(1877,1877,'Login/Email','en'),(1878,1878,'Anonymous','en'),(1879,1879,'requested for','en'),(1880,1880,'<p>The order subtotal exceeds the maximum allowed value ({{max_order_amount}})</p>','en'),(1881,1881,'<p>The order subtotal is less than the minimum allowed value ({{min_order_amount}})</p>','en'),(1882,1882,'View all modules','en'),(1883,1883,'Storefront is closed','en'),(1884,1884,'Open','en'),(1885,1885,'Storefront is closed (<a href=\"{{shop_url}}\" target=\"_blank\">private link</a>)','en'),(1886,1886,'Storefront is open','en'),(1887,1887,'Closed','en'),(1888,1888,'The attribute group has been updated','en'),(1889,1889,'The attribute group has been added','en'),(1890,1890,'The attribute option has been updated','en'),(1891,1891,'The attribute option has been added','en'),(1892,1892,'The category has been updated','en'),(1893,1893,'The category has been added','en'),(1894,1894,'The address field has been updated','en'),(1895,1895,'The address field has been added','en'),(1896,1896,'The attribute has been updated','en'),(1897,1897,'The attribute has been added','en'),(1898,1898,'The product class has been updated','en'),(1899,1899,'The product class has been added','en'),(1900,1900,'The product selection has been updated','en'),(1901,1901,'The product selection has been added','en'),(1902,1902,'Front page updated','en'),(1903,1903,'The profile has been modified successfully','en'),(1904,1904,'The tax class has been updated','en'),(1905,1905,'The tax class has been added','en'),(1906,1906,'Order #{{id}}','en'),(1907,1907,'Enter pattern here','en'),(1908,1908,'Find countries','en'),(1909,1909,'Find states','en'),(1910,1910,'Enter search pattern','en'),(1911,1911,'Import language from CSV file','en'),(1912,1912,'Requested zone does not exist','en'),(1913,1913,'Install modules','en'),(1914,1914,'Add products','en'),(1915,1915,'More actions for selected','en'),(1916,1916,'Order #{{id}} details','en'),(1917,1917,'Your order details will be sent to your email address','en'),(1918,1918,'{{count}} created','en'),(1919,1919,'{{count}} updated','en'),(1920,1920,'The script found {{number}} problem(s) during verification','en'),(1921,1921,'The script found {{number}} problem(s) during import','en'),(1922,1922,'Row {{number}}','en'),(1923,1923,'Row(s) {{numbers}}','en'),(1924,1924,'Critical error','en'),(1925,1925,'Import mode','en'),(1926,1926,'Create new items and update existing items','en'),(1927,1927,'Update existing items, but skip new items','en'),(1928,1928,'During import in the <strong>\'Create new items and update existing items\'</strong> mode, if your import file contains items that do not already exist in the store\'s database, these items will be created as a result of import. New items can be created based on the following master IDs:<ul>{{keys}}</ul>If you only want to update the existing items without creating any new ones, switch to the mode <strong>\'Update existing items, but skip new items\'</strong>.<br /><br />Note that any missing items that are dependent on existing items will be created in both the modes. For example, if an existing product being updated through import does not have a category specified, the category will be created.','en'),(1929,1929,'CSV or ZIP files, total max size: {{size}}','en'),(1930,1930,'Download CSV files','en'),(1931,1931,'<p>The order subtotal exceeds the maximum allowed value ({{max_order_amount}}). Please remove some items from the cart.</p>','en'),(1932,1932,'<p>The order subtotal is less than the minimum allowed value ({{min_order_amount}}). Please add some items to the cart.</p>','en'),(1933,1933,'{{name}} attributes','en'),(1934,1934,'Custom attributes','en'),(1935,1935,'These attributes can be applied to the \"{{name}}\" product class.','en'),(1936,1936,'These attributes can only be applied to this particular product.','en'),(1937,1937,'These attributes can be applied to all the products in the store.','en'),(1938,1938,'Your trial period has expired','en'),(1939,1939,'Your trial period expires today','en'),(1940,1940,'Live','en'),(1941,1941,'Print','en'),(1942,1942,'Print selected','en'),(1943,1943,'Test','en'),(1944,1944,'Residential','en'),(1945,1945,'Commercial','en'),(1946,1946,'No delimiter','en'),(1947,1947,'Space','en'),(1948,1948,'MM','en'),(1949,1949,'CM','en'),(1950,1950,'DM','en'),(1951,1951,'IN','en'),(1952,1952,'mm','en'),(1953,1953,'cm','en'),(1954,1954,'dm','en'),(1955,1955,'inches','en'),(1956,1956,'Mr.','en'),(1957,1957,'Ms.','en'),(1958,1958,'Mrs.','en'),(1959,1959,'# selected','en'),(1960,1960,'LB','en'),(1961,1961,'OZ','en'),(1962,1962,'KG','en'),(1963,1963,'G','en'),(1964,1964,'lbs','en'),(1965,1965,'oz','en'),(1966,1966,'kg','en'),(1967,1967,'g','en'),(1968,1968,'Registered Customers','en'),(1969,1969,'Anonymous Customers','en'),(1970,1970,'Show','en'),(1971,1971,'Email again','en'),(1972,1972,'Safe mode links were emailed','en'),(1973,1973,'These links were already provided to you after this store was installed and will be emailed to you again after you start the upgrade process.','en'),(1974,1974,'For any emergency you can use the hard, soft and restore-state links. Pay attention, that these links just disable certain modules in your store, but not make any backups.','en'),(1975,1975,'Not enough disk space. Required: {{req}} (+{{reserve}} reserve). Available: {{avail}}','en'),(1976,1976,'Cannot connect to the Marketplace server','en'),(1977,1977,'Empty \"class\" parameter is passed to the {{method}}','en'),(1978,1978,'You need hard and soft reset links in case some 3rd party addon <a href=\"{{article}}\" target=\"_blank\">crashes your web store</a>','en'),(1979,1979,'We strongly recommend <b>to make a full backup</b> of your live store before starting the upgrade process. If your store crashes as a result of a failed upgrade, you will be able to <a href=\"{{article}}\" target=\"_blank\">restore it</a> from backup.','en'),(1980,1980,'More info is available in X-Cart\'s Knowledge Base article <a href=\"{{article}}\" target=\"_blank\">What to do if you cannot access your store...</a>','en'),(1981,1981,'Couldn\'t move image {{path}}','en'),(1982,1982,'Couldn\'t move {{count}} images. See log for details.','en'),(1983,1983,'This module uses PHP\\\'s cURL functions which are disabled on your web server','en'),(1984,1984,'Package weight','en'),(1985,1985,'Package weight ({{units}})','en'),(1986,1986,'Package subtotal','en'),(1987,1987,'Package subtotal ({{units}})','en'),(1988,1988,'Source address','en'),(1989,1989,'Postal Code','en'),(1990,1990,'Destination address','en'),(1991,1991,'Note: a new window will be opened','en'),(1992,1992,'Length','en'),(1993,1993,'Width','en'),(1994,1994,'Height','en'),(1995,1995,'Postal/ZIP Code','en'),(1996,1996,'Transaction type','en'),(1997,1997,'Authorization and Capture','en'),(1998,1998,'Authorization only','en'),(1999,1999,'Invoice number prefix','en'),(2000,2000,'a side box','en'),(2001,2001,'the main column','en'),(2002,2002,'expired','en'),(2003,2003,'\"{{product}}\" options','en'),(2004,2004,'Private','en'),(2005,2005,'Unavailable','en'),(2006,2006,'Blocked','en'),(2007,2007,'The product SKU#\"{{SKU}}\" is already set as featured for the category','en'),(2008,2008,'Add featured products for \"{{category}}\"','en'),(2009,2009,'Package properties','en'),(2010,2010,'Shipment options','en'),(2011,2011,'Cash on delivery','en'),(2012,2012,'Test mode','en'),(2013,2013,'Packaging','en'),(2014,2014,'Package dimensions (inches)','en'),(2015,2015,'Autogenerated','en'),(2016,2016,'Custom','en'),(2017,2017,'After activation Skrill will give you access to a new section in your Skrill account called \"Merchant tools\". Please choose a secret word (do not use your password for this) and enter it into the Merchant tools section and the form below.','en'),(2018,2018,'(optional)','en'),(2019,2019,'Request type must be POST','en'),(2020,2020,'\\\'status\\\' request argument not found','en'),(2021,2021,'Test/Live mode','en'),(2022,2022,'Purchase description','en'),(2023,2023,'Live mode','en'),(2024,2024,'User','en'),(2025,2025,'\\\'RESULT\\\' argument not found','en'),(2026,2026,'Transaction amount mismatch','en'),(2027,2027,'Compare','en'),(2028,2028,'Billing address is not defined','en'),(2029,2029,'Menu','en'),(2030,2030,'Unlimited','en'),(2031,2031,'Locked','en'),(2032,2032,'Secret word','en'),(2033,2033,'units','en'),(2034,2034,'each','en'),(2035,2035,'save','en'),(2036,2036,'always','en'),(2037,2037,'hourly','en'),(2038,2038,'daily','en'),(2039,2039,'weekly','en'),(2040,2040,'monthly','en'),(2041,2041,'yearly','en'),(2042,2042,'Auth','en'),(2043,2043,'Capture','en'),(2044,2044,'Void','en'),(2045,2045,'Refund','en'),(2046,2046,'Deploy','en'),(2047,2047,'Secret key','en'),(2048,2048,'Order status changed from {{oldStatus}} to {{newStatus}}','en'),(2049,2049,'Year in which the store opened','en'),(2050,2050,'Force customer to choose product options before adding a product to cart','en'),(2051,2051,'The English language cannot be removed as it is primary language for all texts.','en'),(2052,2052,'Priority','en'),(2053,2053,'Either enable or uninstall the modules below.','en'),(2054,2054,'The modules below must be either <strong>enabled</strong> or <strong>uninstalled</strong> before the upgrade is started. Otherwise your store may crash during the upgrade. Do not worry, you can still install and use these modules after the upgrade.','en'),(2055,2055,'The module version is incompatible with your core version and cannot be installed. The minimum core version required for this module is {{version}}.','en'),(2056,2056,'The module version is incompatible with your core version and cannot be enabled. The minimum core version required for this module is {{version}}.','en'),(2057,2057,'New module version available for core versions {{versions}}.','en'),(2058,2058,'Payment status','en'),(2059,2059,'Shipping status','en'),(2060,2060,'All payment statuses','en'),(2061,2061,'All shipping statuses','en'),(2062,2062,'Order payment status changed from {{oldStatus}} to {{newStatus}}','en'),(2063,2063,'Order shipping status changed from {{oldStatus}} to {{newStatus}}','en'),(2064,2064,'Communication log','en'),(2065,2065,'Input data','en'),(2066,2066,'Please create a new password','en'),(2067,2067,'The confirmation URL link will be emailed to you shortly','en'),(2068,2068,'Your \"Password reset key\" has expired. Please enter the email address associated with your user account to get a new \"Password reset key\".','en'),(2069,2069,'Profile is not defined','en'),(2070,2070,'Customer access level','en'),(2071,2071,'All levels','en'),(2072,2072,'Anonymous','en'),(2073,2073,'Registered','en'),(2074,2074,'Search total','en'),(2075,2075,'All orders','en'),(2076,2076,'Online orders','en'),(2077,2077,'POS orders','en'),(2078,2078,'Do not see your payment method? Find it in our <a href=\"{{url}}\">Marketplace</a>','en'),(2079,2079,'Find in Marketplace','en'),(2080,2080,'Search items...','en'),(2081,2081,'Root category listings format','en'),(2082,2082,'View all ordered items','en'),(2083,2083,'Lines checked: {{X}} out of {{Y}}','en'),(2084,2084,'Lines imported: {{X}} out of {{Y}}','en'),(2085,2085,'Products processed: {{X}} out of {{Y}}','en'),(2086,2086,'Image resized: {{X}} out of {{Y}}','en'),(2087,2087,'Lines verified: {{X}} out of {{Y}} (errors: {{errors}}, warnings: {{warns}})','en'),(2088,2088,'Lines imported: {{X}} out of {{Y}} (errors: {{errors}}, warnings: {{warns}})','en'),(2089,2089,'Products processed: {{X}} out of {{Y}} (errors: {{errors}}, warnings: {{warns}})','en'),(2090,2090,'Image resized: {{X}} out of {{Y}} (errors: {{errors}}, warnings: {{warns}})','en'),(2091,2091,'Import has been cancelled.','en'),(2092,2092,'Export product data with','en'),(2093,2093,'Global & Classes attributes','en'),(2094,2094,'All attributes','en'),(2095,2095,'Classes & Attributes','en'),(2096,2096,'Product attribute values','en'),(2097,2097,'Product attribute values (Yes/No) have been imported','en'),(2098,2098,'Product attribute values (Plain text) have been imported','en'),(2099,2099,'Product attribute values (Textarea) have been imported','en'),(2100,2100,'CSV file has a wrong filename format.','en'),(2101,2101,'Possible file names are: {{files}}','en'),(2102,2102,'X-Cart could not find data in your file.','en'),(2103,2103,'Possible reasons are:<br /><ul><li>file is empty</li><li>you specified CSV delimiter other than defined in settings ({{separator}}). In this case, define the correct delimiter in the <strong>CSV column delimiter</strong> on the <a href=\"{{configURL}}\">Localization settings page</a>.</li><li>encoding of your file is not {{encoding}}. In this case, you need to open your CSV file in the spreadsheet editor (MS Excel, Openoffice Calc, etc) and save it using UTF-8 charset.</li><li>your CSV file has an incorrect format. <a href=\"{{kbURL}}\" target=\"blank\">Check our Knowledge base</a> for proper import formats.</li></ul>','en'),(2104,2104,'Your store has some modules available only to Premium license owners. To continue with the upgrade, you must either <a href=\'{{purchaseURL}}\' target=\'_blank\'>purchase</a> a Premium license, or <a href=\'{{installedModulesURL}}\'>remove</a> the following modules from your store:','en'),(2105,2105,'No class','en'),(2106,2106,'See log file for details','en'),(2107,2107,'The product has been updated','en'),(2108,2108,'Free license has been activated successfully','en'),(2109,2109,'Unknown payment. If you see this message after returning from the payment page, please contact the store administrator for information about the status of your payment.','en'),(2110,2110,'{{count}} expired shopping cart(s) have been successfully removed','en'),(2111,2111,'States information has been successfully deleted','en'),(2112,2112,'Please select the states first','en'),(2113,2113,'Free license key for email <em>{{email}}</em> is already registered. Please use a different email or <a href=\"{{url}}\">click here to get key value sent to this email address</a>','en'),(2114,2114,'Information about free license key has been sent to the email <em>{{email}}</em>','en'),(2115,2115,'<p>Cart contains products with a wrong quantity. Please correct this to proceed</p>','en'),(2116,2116,'<p>Cart contains products with a wrong quantity</p>','en'),(2117,2117,'Inventory tracking options','en'),(2118,2118,'Do not select anything if you want to make the product visible to all customers. Otherwise it will be visible to the users assigned to selected membership only.','en'),(2119,2119,'Any stock status','en'),(2120,2120,'Test','en'),(2121,2121,'Live','en'),(2122,2122,'The service name \'{{value}}\' is reserved and cannot be used for an address field.','en'),(2123,2123,'Placed on <span class=\"date\">{{date}}</span>','en'),(2124,2124,'by <a class=\"name\" href=\"{{url}}\">{{name}}</a> <span class=\"email\">{{email}}</span>','en'),(2125,2125,'by <span class=\"name\">{{name}}</span> <span class=\"email\">{{email}}</span>','en'),(2126,2126,'Setup store price: {{price}}','en'),(2127,2127,'The button is inactive either because no changes have been detected on the current page or because the order totals need to be recalculated before the order can be updated.','en'),(2128,2128,'Product with selected properties cannot be purchased','en'),(2129,2129,'The specified amount of the product ({{value}}) exceeds the amount of the product in stock ({{max}})','en'),(2130,2130,'Old staff note','en'),(2131,2131,'New staff note','en'),(2132,2132,'Current price for the selected configuration and quantity: {{price}}','en'),(2133,2133,'Cannot create temporary order for modification','en'),(2134,2134,'Customer information','en'),(2135,2135,'no comments','en'),(2136,2136,'All items cannot be removed from the order.','en'),(2137,2137,'Changed items','en'),(2138,2138,'Changed options','en'),(2139,2139,'Added items','en'),(2140,2140,'Removed items','en'),(2141,2141,'Order item attributes are out-of-date and cannot be edited','en'),(2142,2142,'Order will be delivered to the billing address.','en'),(2143,2143,'Staff note','en'),(2144,2144,'The value will be recalculated automatically. Press it if you want to \'freeze\' the current value.','en'),(2145,2145,'The current value is \'frozen\' and won\'t be recalculated. Press it if you want it to be updated when the totals are recalculated.','en'),(2146,2146,'Notify customer','en'),(2147,2147,'Order changes cannot be saved due to negative total value','en'),(2148,2148,'Remove data','en'),(2149,2149,'Buy','en'),(2150,2150,'Click the link to increase product amount','en'),(2151,2151,'Charset','en'),(2152,2152,'You can change the charset for all subsequent imports and exports using <a href=\"{{url}}\">this link</a>.','en'),(2153,2153,'You can change the CSV delimiter for all subsequent imports and exports using <a href=\"{{url}}\">this link</a>.','en'),(2154,2154,'Layout','en'),(2155,2155,'Two columns with right sidebar','en'),(2156,2156,'Two columns with left sidebar','en'),(2157,2157,'Three columns','en'),(2158,2158,'One column','en'),(2159,2159,'The product with SKU \"{{value}}\" does not exist. The \"{{name}}\" attribute will be imported as global','en'),(2160,2160,'The \"{{value}}\" membership does not exist','en'),(2161,2161,'The \"{{value}}\" product class does not exist','en'),(2162,2162,'The \"{{value}}\" tax class does not exist','en'),(2163,2163,'The \"{{value}}\" image does not exist','en'),(2164,2164,'The \"{{value}}\" category does not exist','en'),(2165,2165,'Item not found ({{keys}})','en'),(2166,2166,'The number of values in the row does not match the number of column headers for this CSV file','en'),(2167,2167,'Tags are not allowed in the column \"{{column}}\" and will be stripped','en'),(2168,2168,'The value in the column \"{{column}}\" will be adjusted according to HTML specification to prevent potential XSS attack','en'),(2169,2169,'The value in the column \"{{column}}\" will be cut because its length exceeds the allowed character length for the respective field','en'),(2170,2170,'New product will be created','en'),(2171,2171,'New membership will be created','en'),(2172,2172,'New product class will be created','en'),(2173,2173,'New tax class will be created','en'),(2174,2174,'New category will be created','en'),(2175,2175,'Wrong price format. Positive floating-point number expected','en'),(2176,2176,'Wrong enabled format. This should be \"Yes\" or \"No\"','en'),(2177,2177,'Wrong format of weight value. Positive floating-point number expected','en'),(2178,2178,'Wrong format of low stock notification value. This should be \"Yes\" or \"No\"','en'),(2179,2179,'Wrong format of use separate box value. This should be \"Yes\" or \"No\"','en'),(2180,2180,'Wrong arrival date format. Correct example: Thu, 21 Dec 2000 16:01:07','en'),(2181,2181,'Wrong date format. Correct example: Thu, 21 Dec 2000 16:01:07','en'),(2182,2182,'Wrong update date format. Correct example: Thu, 21 Dec 2000 16:01:07','en'),(2183,2183,'Wrong format of inventory tracking value. This should be \"Yes\" or \"No\"','en'),(2184,2184,'Wrong format of stock level value. Positive integer expected','en'),(2185,2185,'Wrong format of low stock notification value. This should be \"Yes\" or \"No\"','en'),(2186,2186,'Wrong format of low limit level value. Positive integer expected','en'),(2187,2187,'The name is empty','en'),(2188,2188,'Wrong format of box width value. Positive integer expected','en'),(2189,2189,'Wrong format of box length value. Positive integer expected','en'),(2190,2190,'Wrong format of box height value. Positive integer expected','en'),(2191,2191,'Wrong format of items per box value. Positive integer expected','en'),(2192,2192,'Wrong format of Clean URL value (only alphanumeric, dash (\"-\") and underscore (\"_\") chars are allowed)','en'),(2193,2193,'Error of image loading. Make sure the \"images\" directory has write permissions.','en'),(2194,2194,'Wrong position format','en'),(2195,2195,'The group \"{{value}}\" does not exist. A new group will be created','en'),(2196,2196,'Wrong format of \"type\" value ({{value}}). This should be \"C\" - checkbox, \"S\" - selector, or \"T\" - textarea','en'),(2197,2197,'Product SKU is empty','en'),(2198,2198,'There is no product with SKU \"{{value}}\" to assign the attribute option value to','en'),(2199,2199,'Wrong format of \"type\" value ({{value}}). This should be \"C\" - checkbox, \"S\" - selector, or \"T\" - textarea','en'),(2200,2200,'Wrong format of \"owner\" value ({{value}}). This should be \"Yes\" for product-specific attributes or \"No\" for global attributes','en'),(2201,2201,'Wrong format of \"default\" value ({{value}}). This should be \"Yes\" for product-specific attributes or \"No\" for global attributes','en'),(2202,2202,'Wrong \"priceModifier\" format ({{value}}). Correct examples: +1, +1%, -1, -1%','en'),(2203,2203,'Wrong \"weightModifier\" format ({{value}}). Correct examples: +1, +1%, -1, -1%','en'),(2204,2204,'Product class {{value}} does not exists and will be created','en'),(2205,2205,'Group {{value}} does not exists and will be created','en'),(2206,2206,'Wrong format of show title value. This should be \"Yes\" or \"No\"','en'),(2207,2207,'Wrong login format. Email as login is expected','en'),(2208,2208,'Wrong date format. Correct example: Thu, 21 Dec 2000 16:01:07','en'),(2209,2209,'Wrong date format. Correct example: Thu, 21 Dec 2000 16:01:07','en'),(2210,2210,'Wrong last login date format. Example: Thu, 21 Dec 2000 16:01:07','en'),(2211,2211,'Wrong status format. This should be \"E\" - enabled, or \"D\" - disabled','en'),(2212,2212,'Wrong referer format. URL expected. Correct example: http://x-cart.com','en'),(2213,2213,'Wrong format of language value. Correct examples: EN, DE, RU: http://en.wikipedia.org/wiki/ISO_639-1','en'),(2214,2214,'Wrong format. This should be \"Yes\" or \"No\". Use \"Yes\" if it is the shipping address.','en'),(2215,2215,'Wrong format. This should be \"Yes\" or \"No\". Use \"Yes\" if it is the billing address.','en'),(2216,2216,'Wrong format of country code value. Correct examples: CA, US, RU: http://en.wikipedia.org/wiki/ISO_3166-1_alpha-2','en'),(2217,2217,'Wrong format of state id value.','en'),(2218,2218,'In advanced mode you can choose specific modules for upgrade.','en'),(2219,2219,'Please note that correct site operation after upgrade is not guaranteed if you select to not upgrade all. Use this at your own risk and if you know exactly what you are doing.','en'),(2220,2220,'Before installing a paid addon for this installation, you need to <a href=\"#\" class=\"open-license-key-form\">activate your X-Cart license.</a>','en'),(2221,2221,'Use the form below to provide your license information.','en'),(2222,2222,'Activate your X-Cart installation','en'),(2223,2223,'Activate your X-Cart installation first','en'),(2224,2224,'Activate key','en'),(2225,2225,'Vendor','en'),(2226,2226,'All','en'),(2227,2227,'Paid','en'),(2228,2228,'Free','en'),(2229,2229,'Catalog Management','en'),(2230,2230,'Search and Naviagation','en'),(2231,2231,'I confirm that I have <strong>created backups</strong> of my store\'s files and database before upgrading the store','en'),(2232,2232,'Secure credit card payment','en'),(2233,2233,'Card type','en'),(2234,2234,'Chose credit card type','en'),(2235,2235,'Choose card type','en'),(2236,2236,'Card number','en'),(2237,2237,'MONTH','en'),(2238,2238,'VALID THRU','en'),(2239,2239,'YEAR','en'),(2240,2240,'Security code','en'),(2241,2241,'Last three numbers on the back side of your card','en'),(2242,2242,'Four-digit number on the front side of your card','en'),(2243,2243,'Credit card security code (if present)','en'),(2244,2244,'Countries information has been successfully updated','en'),(2245,2245,'Please select the countries first','en'),(2246,2246,'This payment method is <strong>Active</strong>.','en'),(2247,2247,'This payment method is <strong>Inactive</strong>.','en'),(2248,2248,'Active','en'),(2249,2249,'Inactive','en'),(2250,2250,'Learn More','en'),(2251,2251,'Sign Up','en'),(2252,2252,'<!--[if (gte mso 9)|(IE)]><table align=\"center\" border=\"0\" cellspacing=\"0\" cellpadding=\"0\" dir=\"ltr\" width=\"640\">  <tr>    <td align=\"center\" valign=\"top\" width=\"440\"><![endif]--><table align=\"left\" border=\"0\" cellpadding=\"10\" cellspacing=\"0\" style=\"height: 80px;\" width=\"350\" id=\"emailPreview\">  <tr>    <td align=\"center\" valign=\"top\" id=\"logoContent\">      <h1 id=\"logo\" style=\"max-width:300px;\">%logo%</h1>    </td>  </tr></table><!--[if (gte mso 9)|(IE)]>    </td>    <td align=\"center\" valign=\"top\" width=\"200\"><![endif]--><table align=\"right\" border=\"0\" cellpadding=\"10\" cellspacing=\"0\" style=\"height: 80px;\" width=\"350\" id=\"emailLogo\">  <tr>    <td align=\"left\" valign=\"top\" id=\"previewContent\">      <div class=\"company-info\" style=\"font-size: 14px; font-weight: lighter; color: #787e81; text-align: right;\" align=\"right\">%company_name%<br /> Phone: %company_phone%<br /> Fax: %company_fax%</div>    </td>  </tr></table><!--[if (gte mso 9)|(IE)]>     </td>    </tr>  </table><![endif]-->','en'),(2253,2253,'Dear %recipient_name%!','en'),(2254,2254,'<p>Thank you for using our services<br/>%company_link%</p>','en'),(2255,2255,'<!--[if (gte mso 9)|(IE)]><table align=\"center\" border=\"0\" cellspacing=\"0\" cellpadding=\"0\" dir=\"ltr\" width=\"640\">  <tr>    <td align=\"center\" valign=\"top\" width=\"440\"><![endif]--><table align=\"left\" border=\"0\" cellpadding=\"10\" cellspacing=\"0\" style=\"height: 80px;\" width=\"350\" id=\"emailPreview\">  <tr>    <td align=\"center\" valign=\"top\" id=\"logoContent\">      <h1 id=\"logo\" style=\"max-width:300px;\">%logo%</h1>    </td>  </tr></table><!--[if (gte mso 9)|(IE)]>    </td>    <td align=\"center\" valign=\"top\" width=\"200\"><![endif]--><table align=\"right\" border=\"0\" cellpadding=\"10\" cellspacing=\"0\" style=\"height: 80px;\" width=\"350\" id=\"emailLogo\">  <tr>    <td align=\"left\" valign=\"top\" id=\"previewContent\">      <div class=\"company-info\" style=\"font-size: 14px; font-weight: lighter; color: #787e81; text-align: right;\" align=\"right\">%company_name%<br /> Phone: %company_phone%<br /> Fax: %company_fax%</div>    </td>  </tr></table><!--[if (gte mso 9)|(IE)]>     </td>    </tr>  </table><![endif]-->','en'),(2256,2256,'<p>Thank you for using our services<br/>%company_link%</p>','en'),(2257,2257,'Email notifications','en'),(2258,2258,'The body template may include other templates to generate the email notification. To customize it, please, copy appropriate templates to \"skins/theme_tweaker/mail/\" (or \"skins/custom_skin/mail/\" if you use CustomSkin module) directory within the same folder structure and then change it to your needs.','en'),(2259,2259,'Enabled for administrator','en'),(2260,2260,'Enabled for customer','en'),(2261,2261,'Customer header','en'),(2262,2262,'Customer signature','en'),(2263,2263,'Administrator header','en'),(2264,2264,'Administrator signature','en'),(2265,2265,'Customer subject','en'),(2266,2266,'Customer text','en'),(2267,2267,'Administrator subject','en'),(2268,2268,'Administrator text','en'),(2269,2269,'This page allows you to adjust the types of email notifications your store sends to users. Use the On/Off widget to enable/disable specific notifications. Click on the name of a notification to edit the notification text.','en'),(2270,2270,'Notification','en'),(2271,2271,'Back to notifications list','en'),(2272,2272,'On','en'),(2273,2273,'Off','en'),(2274,2274,'The Free license key cannot be activated as it is impossible to get information about the available addons from the Marketplace at the moment. Please try again later.','en'),(2275,2275,'No promotion modules installed','en'),(2276,2276,'Sorting & Descriptions','en'),(2277,2277,'Payment method is enabled','en'),(2278,2278,'Payment method is disabled','en'),(2279,2279,'You should confirm that you have created a backup before upgrading the store.','en'),(2280,2280,'Upgrade note','en'),(2281,2281,'The following modules currently do not have a version compatible with the X-Cart version to which you are upgrading. If you want to keep using these modules after the upgrade, use the \"Request for upgrade\" button to send a request to the module developers so they provide an updated version for their module and make it available via the X-Cart\'s Marketplace. Once the updated module versions are available, you should be able to complete upgrading your store without losing any of the features you currently use.','en'),(2282,2282,'{{count}} module will be disabled','en'),(2283,2283,'{{count}} modules will be disabled','en'),(2284,2284,'{{count}} module will be upgraded','en'),(2285,2285,'{{count}} modules will be upgraded','en'),(2286,2286,'Request for upgrade','en'),(2287,2287,'Your request has been sent successfully','en'),(2288,2288,'An error occurred while sending the request','en'),(2289,2289,'view list','en'),(2290,2290,'hide list','en'),(2291,2291,'Your version ({{version}}) can be upgraded to','en'),(2292,2292,'Imported','en'),(2293,2293,'Importing data...','en'),(2294,2294,'Verified','en'),(2295,2295,'Verifying data before importing...','en'),(2296,2296,'Products processed','en'),(2297,2297,'Processing products...','en'),(2298,2298,'Images resized','en'),(2299,2299,'Resizing images...','en'),(2300,2300,'Generate resized images','en'),(2301,2301,'Clicking the \"Generate resized images\" button launches the image resizing routine to generate copies of existing images in all the sizes needed to display the images in your store\'s customer area. Having a separate image file in each of the sizes provides a way to speed up your site\'s performance by reducing page load times for pages containing graphics.','en'),(2302,2302,'The generation of resized images has been completed successfully.','en'),(2303,2303,'The generation of resized images has been stopped.','en'),(2304,2304,'The image resizing process may take a while to complete. Please do not close this page until the process is fully completed. If the page has been closed, please re-open it to complete the process (The image resizing routine is executed only while the page stays open).','en'),(2305,2305,'Notification headers and signatures can be set using variables. A list of supported variables and their respective values is provided in the table below','en'),(2306,2306,'Developers docs','en'),(2307,2307,'The following selected modules cannot be disabled or uninstalled as they have dependent modules: {{list}}','en'),(2308,2308,'The following selected modules cannot be enabled as they depend on disabled modules which cannot be enabled: {{list}}','en'),(2309,2309,'The module may not be disabled due to the limitations of the module architecture.','en'),(2310,2310,'The following selected modules cannot be disabled due to architecture limitations: {{list}}','en'),(2311,2311,'Please note that the following modules will also be enabled:','en'),(2312,2312,'New account','en'),(2313,2313,'Products processed: {{count}}','en'),(2314,2314,'Images resized: {{count}}','en'),(2315,2315,'Orders list','en'),(2316,2316,'Coming soon','en'),(2317,2317,'View storefront','en'),(2318,2318,'Payment is not required','en'),(2319,2319,'Zoom image','en'),(2320,2320,'CSV delimiter','en'),(2321,2321,'Module Marketplace. Terms of use','en'),(2322,2322,'Import/Export guide','en'),(2323,2323,'Yes, I agree with License agreements','en'),(2324,2324,'The system has detected that some updates are available for enabled modules. It is strongly recommended to have all the enabled modules updated to the latest version for better compatibility before installing new ones from the Marketplace.','en'),(2325,2325,'Action','en'),(2326,2326,'Will be updated if core update is selected','en'),(2327,2327,'Options:','en'),(2328,2328,'RSS feed','en'),(2329,2329,'Will be deleted:','en'),(2330,2330,'Are you sure you want to uninstall the selected add-ons?','en'),(2331,2331,'Module page','en'),(2332,2332,'Add to bag','en'),(2333,2333,'New access codes were generated.','en'),(2334,2334,'show list','en'),(2335,2335,'All statuses','en'),(2336,2336,'Product attribute values have been imported','en'),(2337,2337,'No items found','en'),(2338,2338,'No model selected','en'),(2339,2339,'Profile is not selected','en'),(2340,2340,'SKU is not selected','en'),(2341,2341,'Status is not defined','en'),(2342,2342,'All user types','en'),(2343,2343,'Advanced Order Management','en'),(2344,2344,'Public ID','en'),(2345,2345,'Public id','en'),(2346,2346,'Method name','en'),(2347,2347,'Tracking number','en'),(2348,2348,'The common notification fields have been updated','en'),(2349,2349,'The notification has been updated','en'),(2350,2350,'The product has been added','en'),(2351,2351,'Add-on does not exist.','en'),(2352,2352,'Transaction','en'),(2353,2353,'Log files not found','en'),(2354,2354,'Payment method settings','en'),(2355,2355,'Recently installed modules','en'),(2356,2356,'Login dates','en'),(2357,2357,'File is not an image','en'),(2358,2358,'File is not uploaded','en'),(2359,2359,'Create label','en'),(2360,2360,'Product information has been deleted successfully','en'),(2361,2361,'Import language','en'),(2362,2362,'License: trial version','en'),(2363,2363,'Installation date','en'),(2364,2364,'Order failed','en'),(2365,2365,'Delete account','en'),(2366,2366,'Administrator account cannot be deleted via customer interface.','en'),(2367,2367,'X-Cart license key has been successfully verified and activated.','en'),(2368,2368,'X-Cart license key has been activated. However, this key is expired and does not allow getting upgrade packs from the Marketplace.','en'),(2369,2369,'The license key for the module \"name\" by \"author\" has been successfully verified and activated. However, this key is expired and does not allow getting module upgrade packs from the Marketplace.','en'),(2370,2370,'Expired license keys have been found. Download and installation of updates requiring these license keys will be unavailable.','en'),(2371,2371,'Expired license keys have been found. Please prolongate them to receive new features and improvements with periodic updates.','en'),(2372,2372,'License key','en'),(2373,2373,'Exp. date','en'),(2374,2374,'Prolongate license','en'),(2375,2375,'Prolongate licenses','en'),(2376,2376,'Re-validate license keys','en'),(2377,2377,'Wrong format: Field contains unallowed characters','en'),(2378,2378,'The Clean URL entered is already <a href=\"{{entityURL}}\" target=\"_blank\">in use</a>.','en'),(2379,2379,'The Clean URL entered is a redirect to <a href=\"{{entityURL}}\" target=\"_blank\">another object</a>.','en'),(2380,2380,'The clean URL will be generated automatically.','en'),(2381,2381,'Result','en'),(2382,2382,'Change the Clean URL value for this page (Enter a different Clean URL value manually or use the Autogenerate Clean URL feature)','en'),(2383,2383,'Enable the option \"Assign entered Clean URL to this page anyway\" to dissociate the entered Clean URL from the page it is currently used for and assign it to the page of the object being edited.','en'),(2384,2384,'Resolve the conflict','en'),(2385,2385,'Assign entered Clean URL to this page anyway','en'),(2386,2386,'Human readable and SEO friendly web address for the page.','en'),(2387,2387,'This feature is available only for paid (non-free) <a href=\"{{pricingUrl}}\" target=\"_blank\">X-Cart license plans</a>.','en'),(2388,2388,'In this section you can review the recent payment transactions that have taken place at your store, both successful and failed. You can easily identify orders with payment problems and increase your sales by following up on abandoned carts.','en'),(2389,2389,'Hash file for installed entry \"{{entry}}\" doesn\'t exist or is not readable','en'),(2390,2390,'Sale statistics','en'),(2391,2391,'Yesterday','en'),(2392,2392,'Last week','en'),(2393,2393,'Low stock info','en'),(2394,2394,'Last year','en'),(2395,2395,'Security issue','en'),(2396,2396,'New modules','en'),(2397,2397,'View more addons in Marketplace','en'),(2398,2398,'Upgrade access level has been successfully assigned to your license keys','en'),(2399,2399,'<ul><li><b>Developer</b> level assumes the earliest access to upgrade, but the build can be unstable.</li><li><b>Merchant</b> level assumes the latest access to upgrade, but the build will be the most stable.</li></ul>','en'),(2400,2400,'Could not assign upgrade access level to your license keys','en'),(2401,2401,'There are no activated license keys','en'),(2402,2402,'Upgrade access level cannot be changed for default free license','en'),(2403,2403,'An error occurred, please try again. If the problem persists, contact the administrator.','en'),(2404,2404,'An error occurred, please try again. If the problem persists, contact the administrator.<ul><li>{{txnNote}}</li></ul>','en'),(2405,2405,'Cache management','en'),(2406,2406,'Re-deploy the store','en'),(2407,2407,'Use this button to launch the store re-deployment process. Re-deployment may take a while to complete. Please do not close this page until the process is fully completed. If the page has been closed, please re-open it to complete the process (The store re-deployment is executed only while the page stays open).','en'),(2408,2408,'Calculate quick data','en'),(2409,2409,'Use this button to launch quick data calculation. Calculated quick data enhances your store\'s performance by allowing quick product sorting. The process of quick data calculation may take a while to complete. Please do not close this page until the process is fully completed. If the page has been closed, please re-open it to complete the process (The calculation is performed only while the page stays open).','en'),(2410,2410,'About {{time}} remaining','en'),(2411,2411,'Calculating quick data...','en'),(2412,2412,'The process of quick data calculation may take a while to complete. Please do not close this page until the process is fully completed. If the page has been closed, please re-open it to complete the process (The calculation is performed only while the page stays open).','en'),(2413,2413,'The calculation of quick data has been completed successfully.','en'),(2414,2414,'The calculation of quick data has been stopped.','en'),(2415,2415,'Find transactions <b>by ID</b>','en'),(2416,2416,'Search for transactions <b>by date</b>','en'),(2417,2417,'Filter transactions <b>by status</b>','en'),(2418,2418,'Choose the right plan','en'),(2419,2419,'Buy Business Edition','en'),(2420,2420,'unavailable','en'),(2421,2421,'{{count}} modules have been selected','en'),(2422,2422,'This tool allows you to get rid of any content that might have been created in your store for testing purposes and which you no longer need. To use the tool, mark for deletion the types of content data you want to be removed, then click the <strong>Save Changes</strong> button. Removal of content data will not affect the store\'s existing configuration settings.','en'),(2423,2423,'<strong>Warning!</strong> The selected types of content data will be deleted permanently. We strongly recommend you back up your store before you proceed.<br />Please enter the administrator password to confirm you understand the consequences of your choice.','en'),(2424,2424,'Incorrect password. Please try again.','en'),(2425,2425,'Confirmation','en'),(2426,2426,'Leave blank to use product name as Page Title.','en'),(2427,2427,'This page is intended for the creation and management of discount coupons. Different types of coupons are supported, including <strong>$ off, % off and free shipping</strong>. For each coupon the following information can be specified:','en'),(2428,2428,'the <strong>dates</strong> the coupon should be valid for;','en'),(2429,2429,'the <strong>order subtotal range</strong> for which the coupon can be used;','en'),(2430,2430,'the <strong>categories and product classes</strong> to which the coupon may be applied;','en'),(2431,2431,'whether the coupon may be used by everyone or only by users with <strong>specific memberships</strong>.','en'),(2432,2432,'This page is intended for the management of volume discounts based on the order subtotal.','en'),(2433,2433,'Set <strong>absolute or %-based</strong> discount rates;','en'),(2434,2434,'Make a discount available to <strong>all customers</strong> or only to specific <strong>membership levels</strong>;','en'),(2435,2435,'Set a single discount or add <strong>multiple volume discounts</strong>.','en'),(2436,2436,'The system has been restored to the selected snapshot of {{date}}','en'),(2437,2437,'The system has failed to restore because there was no snapshot of {{date}}','en'),(2438,2438,'Leave blank to use category name as Page Title.','en'),(2439,2439,'Current template','en'),(2440,2440,'Standard','en'),(2441,2441,'Layout type','en'),(2442,2442,'Edit custom options','en'),(2443,2443,'Visit the template store','en'),(2444,2444,'Activate purchased skin','en'),(2445,2445,'If you purchased a template but do not see it here, activate the license key that was provided to you.','en'),(2446,2446,'Choose a new template','en'),(2447,2447,'<strong>Need custom design?</strong> We can modify this template or create a completely unique design for you','en'),(2448,2448,'FREE quote','en'),(2449,2449,'Layout has been changed. <a href=\"{{storefront}}\" target=\"_blank\">Review the updated storefront</a>.','en'),(2450,2450,'To make your changes visible in the customer area, cache rebuild is required. It will take several seconds. You don’t need to close the storefront, the operation is executed in the background.','en'),(2451,2451,'Product details image','en'),(2452,2452,'Products list image (<span class=\"preview\" data-img=\"preview_grid.png\">grid view</span>)','en'),(2453,2453,'Products list image (<span class=\"preview\" data-img=\"preview_list.png\">list view</span>)','en'),(2454,2454,'Category image','en'),(2455,2455,'There are unsaved changes on the page. If you choose to continue, these changes will be lost. Do you want to proceed?','en'),(2456,2456,'X-Cart found some issues with installed SSL certificate. You can get more information using this service: <a href=\'{{url}}\'>{{url}}</a>','en'),(2457,2457,'The secure protocol is enabled for your website. But X-Cart hasn\'t found the valid SSL certificate on your server.','en'),(2458,2458,'How do I move X-Cart?','en'),(2459,2459,'No region','en'),(2460,2460,'Check for available free disk space has failed','en'),(2461,2461,'You should check available free disk space yourself before continuing upgrade','en'),(2462,2462,'You should check available free disk space yourself before continuing installation','en'),(2463,2463,'Payment method has been added','en'),(2464,2464,'Payment method was not added','en'),(2465,2465,'Installation warnings','en'),(2466,2466,'You can get more information using this service: <a href=\"{{url}}\">{{url}}</a>','en'),(2467,2467,'X-Cart could not find a valid SSL certificate on your server. Although you can switch the store to use the secure protocol for the website pages, most Internet browsers will likely display a warning message scaring your website visitors away.','en'),(2468,2468,'X-Cart could not find a valid SSL certificate on your server.','en'),(2469,2469,'X-Cart could not find a valid SSL certificate on your server (<span>{{domain}}</span>).','en'),(2470,2470,'Before enabling HTTPS protocol read this article: <a href=\"{{articleUrl}}\">Inaccessible Admin area after enabling HTTPS</a>','en'),(2471,2471,'You are operating as:','en'),(2472,2472,'Operate as this customer','en'),(2473,2473,'Quit','en'),(2474,2474,'You are operating as: {{user}}','en'),(2475,2475,'You are logged in as: {{user}}','en'),(2476,2476,'Finished operating as customer','en'),(2477,2477,'<a href=\"http://www.avalara.com\" target=\"_blank\">Avalara</a>, a leader in US sales tax automation, provides a solution that can make your life easier by providing accurate and up-to-date tax rates for products you sell.','en'),(2478,2478,'New to Avalara? <a href=\"http://www.avalara.com/integrations/x-cart/\" target=\"_blank\">Sign up here!</a>','en'),(2479,2479,'Existing Avalara user? Enable and configure AvaTax <a href=\"{{moduleSettings}}\">here</a>','en'),(2480,2480,'Any profile','en'),(2481,2481,'Shipping method is not configured.','en'),(2482,2482,'Delivery time','en'),(2483,2483,'Shipping method information that your customers will be able to see when choosing a shipping method for their order during checkout. Can be provided only for offline shipping methods.','en'),(2484,2484,'Choose a parameter (or parameters) based on which custom rates will be defined. When calculating shipping costs, the system takes into account only the custom rates defined based on the parameter(s) selected in this field.','en'),(2485,2485,'Can be provided only for offline shipping methods.','en'),(2486,2486,'Handling fee','en'),(2487,2487,'Can be provided only for online shipping methods.','en'),(2488,2488,'What type of shipping rates would you like to use?','en'),(2489,2489,'Carrier-calculated rates','en'),(2490,2490,'Custom table rates','en'),(2491,2491,'Get shipping rates from major shipping carrier companies. No need to enter shipping rates manualy: the rates are obtained from the shipping carrier in real time so you get the most accurate shipping cost estimation.','en'),(2492,2492,'Method name','en'),(2493,2493,'Table based on','en'),(2494,2494,'Subtotal','en'),(2495,2495,'Weight','en'),(2496,2496,'Items','en'),(2497,2497,'Subtotal, weight, items','en'),(2498,2498,'Address zone','en'),(2499,2499,'Subtotal range','en'),(2500,2500,'Weight range','en'),(2501,2501,'Items range','en'),(2502,2502,'flat rate','en'),(2503,2503,'per item','en'),(2504,2504,'per weight unit','en'),(2505,2505,'Shipping','en'),(2506,2506,'Items','en'),(2507,2507,'Subtotal','en'),(2508,2508,'Weight','en'),(2509,2509,'Free','en'),(2510,2510,'Here you can provide general information about the shipping method and configure a table defining how shipping rates for this method should be calculated.','en'),(2511,2511,'How to define shipping rates','en'),(2512,2512,'You can set up different shipping rates depending on the weight, price or quantity of items in the order. For this purpose in the field \"Table based on\" you need to specify the quality of an order that should determine the choice of a shipping rate (order subtotal, order weight, quantity of items in the order, or \"Subtotal, weight, items\" - if multiple factors need to be taken into account at the same time). Then in the table below you need to specify the subtotal, weight and/or quantity range that make an order eligible for this rate, and specify the values that need to be taken into account when calculating the shipping rate. If rates for more than one ranges need to be specified, it is necessary to add more rows to the rates table. The ranges for the different rates in the table may not overlap.','en'),(2513,2513,'Shipping rates are calculated by the following formula:','en'),(2514,2514,'You can define the following values:','en'),(2515,2515,'Flat shipping charge. This value will be added to the shipping rate regardless of the weight, price and number of items ordered.','en'),(2516,2516,'Flat shipping charge per item ordered.','en'),(2517,2517,'Shipping charge based on a percentage of the order subtotal.','en'),(2518,2518,'Flat shipping charge per weight unit ordered (for example, per pound or per kilogram - depending on the weight units used by your store).','en'),(2519,2519,'SHIPPING = flat + ITEMS*per_item + SUBTOTAL*(% of subtotal)/100 + WEIGHT*per_{{X}};','en'),(2520,2520,'Carrier services','en'),(2521,2521,'Carrier service','en'),(2522,2522,'Carrier service name','en'),(2523,2523,'Test rates','en'),(2524,2524,'Back to shipping methods','en'),(2525,2525,'This shipping method is','en'),(2526,2526,'This shipping method is <strong>not configured</strong>.','en'),(2527,2527,'on','en'),(2528,2528,'off','en'),(2529,2529,'Pre-upgrade hooks cannot be run','en'),(2530,2530,'Files cannot be updated','en'),(2531,2531,'Trying to run pre-upgrade hooks while not all archives were unpacked','en'),(2532,2532,'...Invoke {{type}} hook for {{entry}}...','en'),(2533,2533,'...Hooks {{hooksCount}}, Items {{itemsCount}}...','en'),(2534,2534,'...Hooks {{hooksCount}}','en'),(2535,2535,'...Unpacking {{entry}}...{{status}}','en'),(2536,2536,'...Downloading {{entry}}...{{status}}','en'),(2537,2537,'<span class=\"value\">{{X}}</span> items','en'),(2538,2538,'More attributes','en'),(2539,2539,'Do you really want to close storefront?','en'),(2540,2540,'The product for which you attempted to upload an attachment has not been found','en'),(2541,2541,'The file extension is forbidden','en'),(2542,2542,'Accounting','en'),(2543,2543,'Export orders','en'),(2544,2544,'Not seeing your accounting software here? <a href=\"{{href}}\" target=\"_blank\">Let us know</a>','en'),(2545,2545,'Want to change or add another accounting system? Choose the accounting system you require below and configure it.','en'),(2546,2546,'No accounting system has been selected yet. Choose your accounting system below and configure it.','en'),(2547,2547,'Automate shipping','en'),(2548,2548,'Integration with','en'),(2549,2549,'Automate your shipping process with the services of our partners: print shipping labels, grab shipping orders info from eBay, ETSY, Amazon and other marketplaces; integrate with several shipping carriers in one spot and more.','en'),(2550,2550,'Haven\'t found what you\'re looking for? View more <a href=\'{{href}}\'>shipping modules</a>','en'),(2551,2551,'Print Shipping labels','en'),(2552,2552,'FREE trial','en'),(2553,2553,'Refunds','en'),(2554,2554,'App type','en'),(2555,2555,'Cloud Service','en'),(2556,2556,'Win app','en'),(2557,2557,'Amazon','en'),(2558,2558,'DHL','en'),(2559,2559,'ETSY','en'),(2560,2560,'FedEx','en'),(2561,2561,'Stamps.com','en'),(2562,2562,'UPS','en'),(2563,2563,'U.S.P.S.','en'),(2564,2564,'eBay','en'),(2565,2565,'Origin address','en'),(2566,2566,'TRANSACTIONS DETAILS','en'),(2567,2567,'You can find the failed transaction <a href=\"{{url}}\">here</a>','en'),(2568,2568,'Save filter','en'),(2569,2569,'Enter filter name','en'),(2570,2570,'Delete filter','en'),(2571,2571,'Are you sure you want to delete this filter?','en'),(2572,2572,'Filter has been successfully saved','en'),(2573,2573,'Filter has been removed','en'),(2574,2574,'The download should start automatically. Click the link if does not start.','en'),(2575,2575,'Sorry, your order cannot be placed as there are no shipping methods available.','en'),(2576,2576,'Packing slip','en'),(2577,2577,'Print packing slip','en'),(2578,2578,'Packing date','en'),(2579,2579,'Order date','en'),(2580,2580,'Bill to','en'),(2581,2581,'Ship to','en'),(2582,2582,'Order QTY','en'),(2583,2583,'Ship QTY','en'),(2584,2584,'Please select the orders first','en'),(2585,2585,'Orders has been successfully deleted','en'),(2586,2586,'Purchase license','en'),(2587,2587,'License warning','en'),(2588,2588,'Inactive license key ({{key}})','en'),(2589,2589,'Does not match license type (requires {{list}} edition)','en'),(2590,2590,'Requires {{list}} edition license','en'),(2591,2591,'License key is missing','en'),(2592,2592,'The system has detected one or more problems with some of the modules at your store:','en'),(2593,2593,'inactive license key(s);','en'),(2594,2594,'installed module(s) not allowed by the type of X-Cart license activated at your store.','en'),(2595,2595,'Using the modules with this type of license violation is illegal.<br />To resolve the problem, please remove the affected modules from your store, or activate a valid license allowing the use of these modules.','en'),(2596,2596,'Also the system has detected problems with the following modules:','en'),(2597,2597,'You can also <a href=\"{{url}}\" target=\"_blank\">contact our CR department</a> for help with this issue','en'),(2598,2598,'WARNING! Any attempt to access further pages in the administrator interface will result in the <strong>automatic disabling</strong> of all the unallowed modules. To prevent this from happening, please activate a valid license key by clicking the button below.','en'),(2599,2599,'Remove unlicensed modules','en'),(2600,2600,'The system has detected that the license key that was activated for your store is invalid.<br />Using the store with an invalid license key is illegal.<br />To resolve the problem, please activate a valid license key for your store, or revert to Trial mode.','en'),(2601,2601,'Back to Trial mode','en'),(2602,2602,'Re-check','en'),(2603,2603,'Tools','en'),(2604,2604,'All payment transaction statuses','en'),(2605,2605,'Default image settings','en'),(2606,2606,'In progress','en'),(2607,2607,'Initialized','en'),(2608,2608,'Success','en'),(2609,2609,'Pending','en'),(2610,2610,'Failed','en'),(2611,2611,'Canceled','en'),(2612,2612,'Void','en'),(2613,2613,'The calculation failed','en'),(2614,2614,'The calculation completed','en'),(2615,2615,'The process of sales calculation may take a while to complete. Please do not close this page until the process is fully completed.','en'),(2616,2616,'Sales calculation','en'),(2617,2617,'This method is displayed because you are logged in as admin and operating as another user','en'),(2618,2618,'Order staff notes changed by {{user}}','en'),(2619,2619,'Order customer notes changed by {{user}}','en'),(2620,2620,'Old customer note','en'),(2621,2621,'New customer note','en'),(2622,2622,'Add comment here','en'),(2623,2623,'more','en'),(2624,2624,'View order history','en'),(2625,2625,'Banner rotation','en'),(2626,2626,'Add banner','en'),(2627,2627,'Review & Submit order','en'),(2628,2628,'Products search','en'),(2629,2629,'Requires shipping','en'),(2630,2630,'Learn how to convert failed transactions into real orders','en'),(2631,2631,'Customer','en'),(2632,2632,'Couldn\'t download the image \"{{value}}\"','en'),(2633,2633,'Error of image verification ({{value}}). Make sure you have specified the correct image file or URL.','en'),(2634,2634,'Show low stock warning on product page','en'),(2635,2635,'Notify administrator if the stock quantity of this product goes below a certain limit','en'),(2636,2636,'Only {{X}} left in stock','en'),(2637,2637,'Show all warnings/errors','en'),(2638,2638,'Hide all warnings/errors','en'),(2639,2639,'Errors','en'),(2640,2640,'Warnings','en'),(2641,2641,'Download error file','en'),(2642,2642,'The value must be greater than the current maximum order number in the order list','en'),(2643,2643,'Authorize','en'),(2644,2644,'Sale','en'),(2645,2645,'Capture','en'),(2646,2646,'Capture partially','en'),(2647,2647,'Capture multiple','en'),(2648,2648,'Void','en'),(2649,2649,'Void partially','en'),(2650,2650,'Void multiple','en'),(2651,2651,'Refund','en'),(2652,2652,'Refund partially','en'),(2653,2653,'Refund multiple','en'),(2654,2654,'Get information','en'),(2655,2655,'Accept','en'),(2656,2656,'Decline','en'),(2657,2657,'Test','en'),(2658,2658,'Need a more powerful banner system for your store? <a href=\"{{url}}\">Get it now!</a>','en'),(2659,2659,'Administrator','en'),(2660,2660,'Log in as this admin','en'),(2661,2661,'Need a more customizeable PDF invoice solution for your store? <a href=\"{{url}}\">Get it now!</a>','en'),(2662,2662,'File can not be uploaded','en'),(2663,2663,'{{file}} file could not be copied to a new location {{newPath}}','en'),(2664,2664,'Unable to write data to file {{file}}','en'),(2665,2665,'Unable to download the content of {{url}}','en'),(2666,2666,'Unable to get the content from {{url}}','en'),(2667,2667,'The file extension is forbidden ({{file}}','en'),(2668,2668,'Incorrect permissions','en'),(2669,2669,'Not enough permissions to import user access level','en'),(2670,2670,'Wrong access level format ({{value}})','en'),(2671,2671,'Not enough permissions to import user roles','en'),(2672,2672,'Wrong role name ({{value}})','en'),(2673,2673,'Roles cannot be changed for your profile via import. Row will be skipped','en'),(2674,2674,'Access level cannot be changed (from {{prevValue}} to {{value}}) for existing profile ({{login}})','en'),(2675,2675,'You cannot update administrator profile ({{value}}). Row will be skipped','en'),(2676,2676,'You cannot update administrator profile ({{value}}). Row has been skipped','en'),(2677,2677,'The count of categories specified for a product and the count of orderBy position numbers describing the position of the product within these categories must be the same.','en'),(2678,2678,'OrderBy position number must be specified as a non-negative integer.','en'),(2679,2679,'Category name should not be empty','en'),(2680,2680,'After the problem has been fixed, try to connect again.\', {\'clear_cache\': url(\'addons_list_marketplace','en'),(2681,2681,'All items','en'),(2682,2682,'Although you can switch the store to use the secure protocol for the website pages, most Internet browsers will likely display a warning message scaring your website visitors away.','en'),(2683,2683,'Autogenerate','en'),(2684,2684,'Background export is in progress','en'),(2685,2685,'Clean URLs are disabled. More info\', {\'more_info_url\': url(\'settings\', \'','en'),(2686,2686,'Connecting to the marketplace...','en'),(2687,2687,'Do not see your payment method? Find it on our Marketplace\', {\'url\': url(\'addons_list_marketplace\', \'\', {\'tag\': \'Payment processing','en'),(2688,2688,'Enter product name or SKU','en'),(2689,2689,'Export all','en'),(2690,2690,'File was successfully uploaded','en'),(2691,2691,'Hide and make them available only via a direct link','en'),(2692,2692,'Ignore membership','en'),(2693,2693,'Import results','en'),(2694,2694,'Info','en'),(2695,2695,'Initializing...','en'),(2696,2696,'Inventory tracking is','en'),(2697,2697,'Length x Width x Height (in)','en'),(2698,2698,'Login is locked out','en'),(2699,2699,'Manage zones','en'),(2700,2700,'Marketing','en'),(2701,2701,'Minimum value is X','en'),(2702,2702,'Modules','en'),(2703,2703,'Options','en'),(2704,2704,'Order cannot be placed because there is no shipping methods available.','en'),(2705,2705,'Order number or email','en'),(2706,2706,'Please wait','en'),(2707,2707,'Prices & Inventory','en'),(2708,2708,'Recalculate totals','en'),(2709,2709,'Recent orders only','en'),(2710,2710,'SKU length must be less then {{length}}','en'),(2711,2711,'SKU or SKU1, SKU2','en'),(2712,2712,'Select language to edit','en'),(2713,2713,'Separate box','en'),(2714,2714,'Shipping method / cost','en'),(2715,2715,'Show in all the sections','en'),(2716,2716,'Show only in categories and search listings','en'),(2717,2717,'Show:','en'),(2718,2718,'Soft and Hard reset links for your store','en'),(2719,2719,'Sort by:','en'),(2720,2720,'Sort settings','en'),(2721,2721,'Specify your _store information_\', {\'URL\': url(\'settings\', \'','en'),(2722,2722,'The secure protocol for your website is disabled.','en'),(2723,2723,'The secure protocol for your website is enabled.','en'),(2724,2724,'This order was not checked by the AntiFraud service!','en'),(2725,2725,'This payment method is not configured.','en'),(2726,2726,'Time left','en'),(2727,2727,'To setup Tax Rates, find and install the appropriate addons from Marketplace\', {\'url\': url(\'addons_list_marketplace\', \'\', {\'tag\': \'Taxes','en'),(2728,2728,'Transaction ID','en'),(2729,2729,'Try to change the search criteria or find the needed solution in marketplace\', {\'URL\': url(\'addons_list_marketplace\', \'\', {\'tag\': \'Payment processing','en'),(2730,2730,'Try to search worldwide or find the needed solution in marketplace\', {\'URL\': url(\'addons_list_marketplace\', \'\', {\'tag\': \'Payment processing','en'),(2731,2731,'Updating data from the marketplace...','en'),(2732,2732,'You can purchase AntiFraud Service subscription','en'),(2733,2733,'You need these links in case you want to recover your store','en'),(2734,2734,'or use the form below','en'),(2735,2735,'the same as billing','en'),(2736,2736,'Add product','en'),(2737,2737,'Are you sure you want to enable https anyway?','en'),(2738,2738,'Check for updates','en'),(2739,2739,'Install anyway','en'),(2740,2740,'Update modules','en'),(2741,2741,'The \"{{file}}\" file is not allowed and was not uploaded. Allowed extensions are: {{extensions}}','en'),(2742,2742,'Couldn\'t download the banner \"{{value}}\"','en'),(2743,2743,'Error of banner loading. Make sure the \"images\" directory has write permissions.','en'),(2744,2744,'Searching...','en'),(2745,2745,'No results found.','en'),(2746,2746,'Enter a keyword to search.','en'),(2747,2747,'Item list','en'),(2748,2748,'Bug-fixes only','en'),(2749,2749,'Bug-fixes and new features','en'),(2750,2750,'{{count}} items selected','en'),(2751,2751,'Maximum items in box','en'),(2752,2752,'Upgrade not allowed','en'),(2753,2753,'X-Cart v5.3 requires PHP version 5.4 or better. Please update the PHP version installed on your server before you proceed.','en'),(2754,2754,'Header, greeting & signature','en'),(2755,2755,'On this page you can edit the header, greeting and signature used by all the email notifications sent by your store (separately for admin and customer users).','en'),(2756,2756,'Greeting','en'),(2757,2757,'The settings in this section determine the content of email notifications sent to customer.','en'),(2758,2758,'Header','en'),(2759,2759,'Signature','en'),(2760,2760,'The settings in this section determine the content of email notifications sent to admin.','en'),(2761,2761,'State','en'),(2762,2762,'Scheme','en'),(2763,2763,'Body','en'),(2764,2764,'Customer','en'),(2765,2765,'Administrator','en'),(2766,2766,'Add countries','en'),(2767,2767,'Subscribe','en'),(2768,2768,'Sign in / sign up','en'),(2769,2769,'Quick view','en'),(2770,2770,'Billing','en'),(2771,2771,'Enable this if you would like us to use your shipping address as your billing address','en'),(2772,2772,'Proceed to payment','en'),(2773,2773,'Shipping tog','en'),(2774,2774,'Billing to','en'),(2775,2775,'same as shipping','en'),(2776,2776,'Choose shipping','en'),(2777,2777,'Payment','en'),(2778,2778,'This field is required.','en'),(2779,2779,'Please enter the correct code','en'),(2780,2780,'The message has been sent','en'),(2781,2781,'Your Message','en'),(2782,2782,'Email Address','en'),(2783,2783,'Full Name','en'),(2784,2784,'Sales','en'),(2785,2785,'By Sales - 0-9','en'),(2786,2786,'By Sales - 9-0','en'),(2787,2787,'The length of the {{name}} field must be greater than {{min}}','en'),(2788,2788,'The length of the {{name}} field must be less than {{max}}','en'),(2789,2789,'Have more coupons?','en'),(2790,2790,'Applied discount coupon','en'),(2791,2791,'{{count}} coupon(s) removed','en'),(2792,2792,'{{count}} coupon(s) created','en'),(2793,2793,'The code \"{{code}}\" is already used for another coupon. Please choose a different code.','en'),(2794,2794,'Invalid coupon code, please check the spelling: \"{{code}}\"','en'),(2795,2795,'The coupon has already been used','en'),(2796,2796,'The coupon has been applied to your order','en'),(2797,2797,'Coupon discount','en'),(2798,2798,'Period start date must be earlier than period end date','en'),(2799,2799,'Period end date must be later than period start date','en'),(2800,2800,'Minimum order subtotal must be less than maximum order subtotal','en'),(2801,2801,'Maximum order subtotal must be greater than minimum order subtotal','en'),(2802,2802,'Discount must be less than 100%','en'),(2803,2803,'Coupon added','en'),(2804,2804,'Coupon updated','en'),(2805,2805,'Limit number of uses','en'),(2806,2806,'Maximum number of uses','en'),(2807,2807,'This coupon can be applied only to orders with a subtotal amount between {{min}} and {{max}}','en'),(2808,2808,'This coupon can be applied only to orders with a subtotal amount of at least {{min}}','en'),(2809,2809,'This coupon can be applied only to orders with a subtotal amount not exceeding {{max}}','en'),(2810,2810,'Date when customers can start using the coupon','en'),(2811,2811,'Date when the coupon expires','en'),(2812,2812,'Minimum order subtotal to which the coupon can be applied','en'),(2813,2813,'Maximum order subtotal to which the coupon can be applied','en'),(2814,2814,'Coupon discount can be limited to these product classes','en'),(2815,2815,'Coupon discount can be limited to customers with these membership levels','en'),(2816,2816,'This comment is visible to shop administrators only','en'),(2817,2817,'Add new coupon','en'),(2818,2818,'Enter code','en'),(2819,2819,'Coupon','en'),(2820,2820,'Redeem','en'),(2821,2821,'{{currency}} off','en'),(2822,2822,'Removed coupons','en'),(2823,2823,'Added coupons','en'),(2824,2824,'Add coupon','en'),(2825,2825,'This coupon cannot be combined with other coupons','en'),(2826,2826,'Sorry, this coupon cannot be combined with the coupon already applied. Remove the previously applied coupon and try again.','en'),(2827,2827,'Coupon cannot be combined with other coupons','en'),(2828,2828,'If you want the coupon discount to be applied only to products from specific categories, specify these categories here.','en'),(2829,2829,'Sorry, the coupon you entered is invalid. Make sure the coupon code is spelled correctly','en'),(2830,2830,'Sorry, the coupon has expired','en'),(2831,2831,'Sorry, the coupon use limit has been reached','en'),(2832,2832,'Sorry, the coupon you entered cannot be applied to the items in your cart','en'),(2833,2833,'Sorry, the coupon you entered is not valid for your membership level. Contact the administrator','en'),(2834,2834,'The maximum number of uses per user','en'),(2835,2835,'Add featured products for the front page','en'),(2836,2836,'Featured','en'),(2837,2837,'FedEx module allows you to use online shipping rates calculation via FedEx.','en'),(2838,2838,'\"Cash on delivery\" status','en'),(2839,2839,'Note: To enable/disable the \"Cash on delivery\" payment option, you should enable/disable the payment method \"Cash on delivery (FedEx)\" on the <a href=\"{{URL}}\">Payment methods page</a>.','en'),(2840,2837,'Модуль FedEx позволяет рассчитывать онлайн стоимость доставки через FedEx.','ru'),(2841,2838,'Состояние варианта оплаты \"Наложенный платеж\"','ru'),(2842,2839,'Важно: Чтобы включить/отключить вариант оплаты \"Наложенный платеж\", необходимо включить/отключить способ оплаты \"Наложеный платеж (FedEx)\" на <a href=\"{{URL}}\">странице Способов оплаты</a>.','ru'),(2843,2840,'Advanced statistics with Google Analytics','en'),(2844,2841,'Configure the Google Analytics module to view the advanced statistics','en'),(2845,2842,'A single domain','en'),(2846,2843,'One domain with multiple subdomains','en'),(2847,2844,'Multiple top-level domains','en'),(2848,2845,'Traditional','en'),(2849,2846,'Universal Analytics','en'),(2850,2847,'Want help with SEO? <a href=\"{{url}}\" target=\"_blank\">Ask X-Cart Guru</a>','en'),(2851,2847,'Нужна помощь с поисковой оптимизацией? <a href=\"{{url}}\" target=\"_blank\">Спросите гуру X-Cart</a>','ru'),(2852,2848,'Tweet','en'),(2853,2849,'These Open Graph meta tags were generated automatically based on general product information.','en'),(2854,2850,'Pin It','en'),(2855,2851,'PayPal ID / Email','en'),(2856,2852,'Enter the email address associated with your PayPal account.','en'),(2857,2853,'Enter a description of the purchase that will be displayed on the PayPal payment page.','en'),(2858,2854,'You can set an order id prefix that will be added to each order number in your shop to make it unique (each transaction id must be unique for a PayPal account). This option is relevant only if you share your PayPal account with other online shops','en'),(2859,2855,'Your account settings','en'),(2860,2856,'Partner name','en'),(2861,2857,'Your partner name is PayPal','en'),(2862,2858,'Merchant login','en'),(2863,2859,'This is the login name you created when you signed up for PayPal Payments Advanced.','en'),(2864,2860,'PayPal recommends entering a User Login here instead of your Merchant Login. You can set up a User profile in <a href=\"https://manager.paypal.com\">PayPal Manager</a>. This will enhance security and prevent service interruption should you change your Merchant Login password.','en'),(2865,2861,'This is the password you created when you signed up for PayPal Payments Advanced or the password you created for API calls.','en'),(2866,2862,'Additional settings','en'),(2867,2863,'Auth and Capture','en'),(2868,2864,'Auth only','en'),(2869,2865,'This should be the partner name you use when logging into your PayPal Payflow account.','en'),(2870,2866,'This is the login name you created when you signed up for Payflow.','en'),(2871,2867,'This is the password you created when you signed up for PayPal Payflow or the password you created for API calls.','en'),(2872,2868,'IPN verification failed','en'),(2873,2869,'IPN HTTP error','en'),(2874,2870,'Order id prefix','en'),(2875,2871,'Email address to receive PayPal payment','en'),(2876,2872,'Start accepting Express Checkout payments immediately by simply plugging in the email address where you would like to receive payments. You can create your PayPal account later after you have received a real transaction from your customers!','en'),(2877,2873,'API credentials for payments and post-checkout operations','en'),(2878,2874,'Can be set up later','en'),(2879,2875,'Your PayPal Publisher ID is: {{publisherId}}','en'),(2880,2876,'Paypal API solution','en'),(2881,2877,'Paypal API','en'),(2882,2878,'Payflow API','en'),(2883,2879,'API access username','en'),(2884,2880,'API access password','en'),(2885,2881,'Use PayPal authentication method','en'),(2886,2882,'API signature','en'),(2887,2883,'API certificate filename','en'),(2888,2884,'API certificate','en'),(2889,2885,'Display the \"Buy Now with PayPal\" button','en'),(2890,2886,'This setting determines whether or not the \"Buy Now with PayPal\" button should be displayed on product list pages (in list view) and product details pages.','en'),(2891,2887,'<b>PayPal Express Checkout</b> is configured to work in SandBox mode for the email <b>{{email}}</b>.<br />To use it in Live mode, click the Launch PayPal button below. You will be taken to the PayPal payment method configuration page where you will be able to specify the appropriate configuration settings.','en'),(2892,2888,'Launch PayPal','en'),(2893,2889,'PayPal Credit is','en'),(2894,2890,'I agree with PayPal terms & conditions','en'),(2895,2891,'PayPal account e-mail','en'),(2896,2892,'Banner on Home page','en'),(2897,2893,'Banner on Category pages','en'),(2898,2894,'Banner on Product details pages','en'),(2899,2895,'Banner on Cart page','en'),(2900,2896,'Show above products','en'),(2901,2897,'Show below products','en'),(2902,2898,'Near \"Add to cart\" button','en'),(2903,2899,'Near \"Checkout\" button','en'),(2904,2900,'PayPal API (Merchant API) will work for most merchants; however, some merchants may have access only to Payflow API. If you are sure you need to use Payflow API, select the respective value from this field.<br />Your choice of API solution in this field determines the type of API credentials that you will be able to enter in the fields below.','en'),(2905,2901,'Payment has been refunded successfully','en'),(2906,2902,'Payment has been voided successfully','en'),(2907,2903,'Payment has been captured successfully','en'),(2908,2904,'Your API credentials have been successfully obtained from your PayPal account and saved for use by your X-Cart store.','en'),(2909,2905,'Unfortunately, your API credentials could not be obtained from your PayPal account automatically. Please request your API credentials in your PayPal account and submit them here manually.','en'),(2910,2906,'Don\'t have an account yet?','en'),(2911,2907,'Sign Up Now','en'),(2912,2908,'Register with {{paypal}} <br /> or go to checkout as a New customer','en'),(2913,2909,'Or sign in the classic way','en'),(2914,2910,'Or register with','en'),(2915,2911,'Register with','en'),(2916,2912,'or go to checkout as a New customer','en'),(2917,2913,'Or use your social account','en'),(2918,2914,'Use existing account from','en'),(2919,2915,'PayPal','en'),(2920,2916,'Use existing PayPal account','en'),(2921,2917,'The authorized amount ({{authorized}}) differs from the current order total ({{total}}). A request to capture {{total}} will be issued on click on \"Capture\" button.','en'),(2922,2918,'Wrong token of Express Checkout. Please try again. If the problem persists, contact the administrator.','en'),(2923,2919,'PayerID value was not returned by PayPal. Please try again. If the problem persists, contact the administrator.','en'),(2924,2920,'Your address data was not received from PayPal. Please try again. If the problem persists, contact the administrator.','en'),(2925,2921,'To enable this payment method, you need Multi-vendor module installed.','en'),(2926,2922,'To enable this payment method, you need <a href=\"{{link}}\" target=\"_blank\">Multi-Vendor</a> module installed.','en'),(2927,2923,'EACHRECEIVER','en'),(2928,2924,'Obtaining your live PayPal credentials','en'),(2929,2925,'PRIMARYRECEIVER','en'),(2930,2926,'Paypal Credit','en'),(2931,2927,'Registering your application with PayPal','en'),(2932,2928,'SECONDARYONLY','en'),(2933,2929,'SENDER','en'),(2934,2930,'All newest products','en'),(2935,2931,'All upcoming products','en'),(2936,2932,'Coming soon','en'),(2937,2933,'Customers who bought this product also bought','en'),(2938,2934,'Customers who viewed this product bought','en'),(2939,2935,'Date: newest first','en'),(2940,2936,'Date: oldest first','en'),(2941,2937,'New arrivals','en'),(2942,2938,'New!','en'),(2943,2939,'Recently viewed','en'),(2944,2940,'This product will be shown in New arrivals','en'),(2945,2941,'This product will be shown in the Coming soon section','en'),(2946,2942,'expected on','en'),(2947,2943,'Coming soon...','en'),(2948,2944,'Customers who bought this product also bought (Product Advisor module)','en'),(2949,2945,'Put up for sale','en'),(2950,2946,'Cancel sale','en'),(2951,2947,'On sale','en'),(2952,2948,'Contact us','en'),(2953,2949,'Logo','en'),(2954,2950,'Favicon','en'),(2955,2950,'Фавикон','ru'),(2956,2951,'Shipping','en'),(2957,2952,'If you want to add an external link, you should specify it with the <strong>http://</strong> prefix, e.g. <strong>http://www.example.com/</strong>.<br /><br />If you want to add a link to a page within your store (e.g. the checkout page), you can specify it as <strong>cart.php?target=checkout</strong> (relative path) or as <strong>{{URL}}cart.php?target=checkout</strong> (absolute path).<br /><br />Also the \'{home}\' shortcut value will lead to Home page','en'),(2958,2953,'Failed to update the page image','en'),(2959,2954,'Visible for','en'),(2960,2955,'The menu has been updated','en'),(2961,2956,'The menu has been added','en'),(2962,2957,'The page has been updated','en'),(2963,2958,'Any visitors','en'),(2964,2959,'Anonymous users only','en'),(2965,2960,'Logged in users only','en'),(2966,2961,'Save & Close','en'),(2967,2962,'Logo & Favicon','en'),(2968,2963,'Terms and conditions','en'),(2969,2964,'Open graph image','en'),(2970,2965,'The \"{{file}}\" file is not allowed image and was not uploaded. Allowed images are: {{extensions}}','en'),(2971,2966,'Submenu','en'),(2972,2966,'Подменю','ru'),(2973,2967,'Content page title','en'),(2974,2967,'Заголовок страницы','ru'),(2975,2968,'Leave blank to use page name as Page Title.','en'),(2976,2968,'Оставьте поле незаполненным чтобы использовать имя страницы в качестве заголовка.','ru'),(2977,2969,'Profile is disabled','en'),(2978,2970,'We were unable to process this request','en'),(2979,2971,'Profile does not have any email address. Please sign in the classic way.','en'),(2980,2972,'Login with','en'),(2981,2914,'Используйте существующую учетную запись в','ru'),(2982,2913,'Или используйте вашу учетную запись в социальной сети','ru'),(2983,2909,'Или войдите, используя учетную запись в нашем магазине','ru'),(2984,2969,'Учетная запись отключена','ru'),(2985,2970,'Мы не смогли обработать запрос','ru'),(2986,2910,'Или создайте учетную запись используя','ru'),(2987,2911,'Создайте учетную запись используя','ru'),(2988,2971,'Учетная запись не содержит адреса электронной почты. Войдите, используя учетную запись нашего магазина.','ru'),(2989,2912,'или продолжите оплату как новый пользователь','ru'),(2990,2973,'The role has been updated','en'),(2991,2974,'The role has been added','en'),(2992,2975,'(disabled)','en'),(2993,2975,'(выкл)','ru'),(2994,2976,'Get {{X}} off for order amount over {{Y}}','en'),(2995,2977,'Could not add the discount because another discount already exists for the specified subtotal range and membership level','en'),(2996,2978,'Could not update the discount because another discount already exists for the specified subtotal range and membership level','en'),(2997,2979,'Percent discount value cannot exceed 100%','en'),(2998,2980,'Too large value for absolute discount','en'),(2999,2981,'Site map failed to register in {{engine}}.','en'),(3000,2982,'Site map successfully registered in {{engine}}.','en'),(3001,2983,'XML sitemap URL: <a href=\"{{url}}\">{{url}}</a>','en'),(3002,2984,'Generate sitemap','en'),(3003,2985,'Tabs','en'),(3004,2985,'Вкладки','ru'),(3005,2986,'New tab','en'),(3006,2986,'Новая вкладка','ru'),(3007,2987,'The product tab has been updated','en'),(3008,2987,'Вкладка обновлена','ru'),(3009,2988,'The product tab has been added','en'),(3010,2988,'Вкладка добавлена','ru'),(3011,2989,'Product tabs','en'),(3012,2989,'Вкладки страницы продукта','ru'),(3013,2990,'Shopping options','en'),(3014,2991,'Show products','en'),(3015,2992,'Reset filter','en'),(3016,2993,'No products matching your criteria found. Please try again with different parameters.','en'),(3017,2994,'Show all products in this category','en'),(3018,2995,'Price range','en'),(3019,2996,'In stock only','en'),(3020,2997,'Generate cache on the fly','en'),(3021,2998,'Remove cache when attribute, tag or product data is changed','en'),(3022,2999,'Click the button to remove the data cache used by your product filter. After removing the cache, open any category in the storefront area to have the cache generated anew.','en'),(3023,3000,'Remove product filter cache','en'),(3024,3001,'Hidden from products filter','en'),(3025,3002,'Visible in products filter','en'),(3026,3003,'Classes for product filter','en'),(3027,3004,'All classes from this category','en'),(3028,3005,'Do not show the filter','en'),(3029,3006,'Choose classes...','en'),(3030,3007,'Alphabetical','en'),(3031,3008,'Manual','en'),(3032,3009,'Wrong useClasses format. This should be \'A\', \'N\' or \'D\'','en'),(3033,2990,'Поиск','ru'),(3034,2991,'Показать','ru'),(3035,2992,'Сбросить','ru'),(3036,2993,'Нет товаров удовлетворяющих выбранным условиям.','ru'),(3037,2994,'Показать все товары в категории','ru'),(3038,2995,'Цена','ru'),(3039,2996,'Только в наличии','ru'),(3040,2997,'Генерировать кеш в процессе работы','ru'),(3041,2998,'Сбрасывать кеш при изменении данных атрибутов, тегов или товаров','ru'),(3042,2999,'Кнопка служит для удаления кеша данных, используемого фильтром товаров. После удаления кеша откройте любую категорию в клиентской части сайта, чтобы кеш был сгенерирован заново','ru'),(3043,3000,'Удалить кеш фильтра товаров','ru'),(3044,3001,'Скрыт из фильтра товаров','ru'),(3045,3002,'Отображается в фильтре товаров','ru'),(3046,3003,'Классы для фильтра продуктов','ru'),(3047,3004,'Все классы из этой категории','ru'),(3048,3005,'Не отображать фильтр','ru'),(3049,3006,'Выбрать классы...','ru'),(3050,3007,'По алфавиту','ru'),(3051,3008,'Вручную','ru'),(3052,3009,'Неправильный формат значения useClasses. Возможные значения: \'A\', \'N\' or \'D\'','ru'),(3053,3010,'{{count}} stars','en'),(3054,3011,'{{count}} stars','en'),(3055,3012,'{{count}} stars','en'),(3056,3013,'{{count}} stars','en'),(3057,3014,'{{count}} star','en'),(3058,3015,'Any rating','en'),(3059,3016,'{{product}} reviews','en'),(3060,3017,'Product','en'),(3061,3018,'Product reviews','en'),(3062,3019,'Products reviews','en'),(3063,3020,'Add review','en'),(3064,3021,'Edit review','en'),(3065,3022,'Approve review','en'),(3066,3023,'The review has been created','en'),(3067,3024,'The review has been deleted','en'),(3068,3025,'The review has not been created since the product {{product}} has not been found','en'),(3069,3026,'The review has not been updated since the product {{product}} has not been found','en'),(3070,3027,'Reviewer','en'),(3071,3028,'Rating','en'),(3072,3029,'Reviews imported','en'),(3073,3030,'Product, SKU or customer info','en'),(3074,3031,'Approve','en'),(3075,3032,'Start typing product name or SKU','en'),(3076,3033,'Customer name','en'),(3077,3034,'Start typing customer email or name','en'),(3078,3035,'Text of review','en'),(3079,3036,'Published','en'),(3080,3037,'Please sign in to add review','en'),(3081,3038,'You have already reviewed this product','en'),(3082,3039,'Edit your review','en'),(3083,3040,'Add your own review','en'),(3084,3041,'Thank you for sharing your opinion with us!','en'),(3085,3042,'Your product rating is saved. Thank you!','en'),(3086,3043,'Your review has been updated. Thank your for sharing your opinion with us!','en'),(3087,3044,'Rating of votes','en'),(3088,3045,'Your email','en'),(3089,3046,'customers','en'),(3090,3047,'Average rating','en'),(3091,3048,'out of','en'),(3092,3049,'Based on','en'),(3093,3050,'votes','en'),(3094,3051,'Reviews','en'),(3095,3052,'Reviews: {{count}}','en'),(3096,3053,'We may use this email if we need additional information on your review. We will not use it for any kind of mailing lists or spam subscriptions','en'),(3097,3054,'How do you rate this item?','en'),(3098,3055,'Write your review','en'),(3099,3056,'Your review','en'),(3100,3057,'There are no reviews for this product yet','en'),(3101,3058,'Back to product details','en'),(3102,3059,'Customer reviews','en'),(3103,3060,'On moderation','en'),(3104,3061,'Read all reviews for the product','en'),(3105,3062,'Rates','en'),(3106,3063,'By Rate - 0-9','en'),(3107,3064,'By Rate - 9-0','en'),(3108,3065,'Only registered customers who purchased this product can leave feedback','en'),(3109,3066,'Registered users who purchased the product','en'),(3110,3067,'Score: {{score}}. Votes: {{votes}}','en'),(3111,3068,'No reviews.','en'),(3112,3069,'Not rated yet','en'),(3113,3070,'Be the first and leave feedback.','en'),(3114,3071,'All users','en'),(3115,3072,'Registered users only','en'),(3116,3073,'Reviews and ratings','en'),(3117,3074,'Ratings only','en'),(3118,3075,'Reviews only','en'),(3119,3076,'Review','en'),(3120,3077,'Selected reviews have been deleted','en'),(3121,3078,'Please select the reviews first','en'),(3122,3079,'Selected reviews have been updated','en'),(3123,3080,'Reviews about product','en'),(3124,3081,'New product reviews','en'),(3125,3082,'Ratings and Reviews of {{product}}','en'),(3126,3083,'Rating: {{rating}} out of {{maxRating}}. Review by {{reviewerName}}: {{review}}','en'),(3127,3084,'SEO','en'),(3128,3085,'Select the review that should be included into the rich snippet shown for the page of this product when the page appears in search results by Google and other major search engines. More info: <a href=\"https://support.google.com/webmasters/answer/146750\" target=\"_blank\">https://support.google.com/webmasters/answer/146750</a>','en'),(3129,3086,'Anonymous reviewer','en'),(3130,3087,'Reject','en'),(3131,3088,'Use custom css','en'),(3132,3089,'The database stores different version of the custom changes.','en'),(3133,3090,'Review it.','en'),(3134,3091,'Restore this version','en'),(3135,3092,'Your custom file has been saved successfully','en'),(3136,3093,'Theme tweaker','en'),(3137,3094,'Pick template from page element','en'),(3138,3095,'Edited templates','en'),(3139,3096,'Webmaster mode','en'),(3140,3097,'Template','en'),(3141,3098,'Back to templates list','en'),(3142,3099,'Webmaster Mode allows you to change the storefront design in click-and-edit mode.<br /><br />If the design of your store\'s customer area has been messed up by a template change, try restoring the original template in the Edited Templates section. More information about design changes in X-Cart is available in <a href=\"http://kb.x-cart.com/pages/viewpage.action?pageId=8224814\">X-Cart\'s Knowledge Base</a>.','en'),(3143,3100,'Webmaster mode is enabled','en'),(3144,3101,'Webmaster mode is disabled','en'),(3145,3102,'The template has been updated','en'),(3146,3103,'The template has been added','en'),(3147,3104,'Enabled','en'),(3148,3105,'Disabled','en'),(3149,3106,'Path for use in custom CSS','en'),(3150,3107,'URL','en'),(3151,3108,'The file {{file}} does not exist or is not writable.','en'),(3152,3109,'The directory {{dir}} does not exist or is not writable.','en'),(3153,3110,'New images','en'),(3154,3111,'<b>Drag & drop blocks</b> to rearrange them.','en'),(3155,3112,'Layout editor mode','en'),(3156,3113,'Layout editor is','en'),(3157,3114,'disabled blocks','en'),(3158,3115,'Some','en'),(3159,3116,'Block is enabled','en'),(3160,3117,'Block is disabled','en'),(3161,3118,'Exit editor','en'),(3162,3119,'Layout editor is enabled','en'),(3163,3120,'Layout editor is disabled','en'),(3164,3121,'Layout editor allows you to change the position of the blocks in drag-n-drop fashion','en'),(3165,3122,'There are some custom CSS styles in your store. These styles may affect the look of the installed template. <a href=\"{{url}}\">Review the custom styles</a> and disable them if necessary.','en'),(3166,3123,'Entity was successfully saved','en'),(3167,3124,'Error on saving image','en'),(3168,3125,'Unable to save edited content. Errors: ','en'),(3169,3126,'Unknown temporary file','en'),(3170,3127,'Show all','en'),(3171,3128,'Flexy to twig converter','en'),(3172,3129,'Flexy template','en'),(3173,3130,'Twig template path','en'),(3174,3131,'Converted','en'),(3175,3132,'Search flexy templates','en'),(3176,3133,'Convert','en'),(3177,3134,'Remove flexy templates','en'),(3178,3135,'No flexy templates have been found.','en'),(3179,3136,'The flexy templates have been removed','en'),(3180,3137,'Some flexy templates cannot be removed. Please correct the file permissions or remove the templates manually:<br />{{list}}','en'),(3181,3138,'Check directory permissions','en'),(3182,3139,'This action will remove all the flexy templates. Are you sure you want to proceed?','en'),(3183,3140,'Cannot get flexy content','en'),(3184,3141,'Flexy template conversion failure. Check for syntax errors','en'),(3185,3142,'Back to Webmaster mode','en'),(3186,3143,'Converted files may not always work correctly because not all the changes can be handled automatically by conversion. Be sure to check your converted files manually to ensure that all the required changes have been implemented properly. More info about Flexy and Twig key differences is available at <a href=\"http://xcart.github.io/flexy-to-twig/\" target=\"_blank\">http://xcart.github.io/flexy-to-twig</a>','en'),(3187,3088,'Использовать свой CSS','ru'),(3188,1316,'Использовать свой JavaScript','ru'),(3189,3089,'В базе данных хранится другая версия пользовательского кода.','ru'),(3190,3090,'Просмотреть её.','ru'),(3191,3091,'Восстановить эту версию','ru'),(3192,3092,'Файл успешно сохранен','ru'),(3193,3093,'Theme tweaker','ru'),(3194,3094,'Выбор шаблона на основе элемента страницы','ru'),(3195,3095,'Измененные шаблоны','ru'),(3196,3096,'Режим веб-мастера','ru'),(3197,3097,'Шаблон','ru'),(3198,3098,'Вернуться к списку шаблонов','ru'),(3199,3099,'Режим веб-мастера позволяет редактировать внешний вид сайта по месту.<br /><br />Если после внесения изменений клиентская зона выглядит неправильно, попробуйте откатить изменения в секции \"Измененные шаблоны\". Больше информации об изменении дизайна сайта на X-Cart - в <a href=\"http://kb.x-cart.com/pages/viewpage.action?pageId=8224814\">Базе знаний X-Cart</a>.','ru'),(3200,3100,'Режим веб-мастера включен','ru'),(3201,3101,'Режим веб-мастера отключен','ru'),(3202,3102,'Шаблон обновлён','ru'),(3203,3103,'Шаблон добавлен','ru'),(3204,3104,'Вкл','ru'),(3205,3105,'Выкл','ru'),(3206,3110,'Новые картинки','ru'),(3207,3111,'Здесь можно <b>перетаскивать блоки</b>, меняя их порядок.','ru'),(3208,3112,'Режим разметки','ru'),(3209,3113,'Режим разметки','ru'),(3210,3114,'блоков отключено','ru'),(3211,3115,'Несколько','ru'),(3212,3116,'Блок включен','ru'),(3213,3117,'Блок отключен','ru'),(3214,3118,'Выйти','ru'),(3215,3119,'Режим разметки включен','ru'),(3216,3120,'Режим разметки отключен','ru'),(3217,3121,'Режим редактирования разметки позволяет менять положение и порядок блоков путем перетаскивания','ru'),(3218,3122,'Для сайта заданы пользовательские CSS стили. Эти стили могут оказывать влияние на внешний вид интерфейса покупателя. <a href=\"{{url}}\">Просмотрите пользовательские стили</a> и выключите их в случае необходимости.','ru'),(3219,3128,'Flexy to twig конвертор','ru'),(3220,3129,'Flexy-шаблон','ru'),(3221,3130,'Путь к Twig-шаблону','ru'),(3222,3131,'Сконвертирован','ru'),(3223,3132,'Найти flexy-шаблоны','ru'),(3224,3133,'Конвертировать','ru'),(3225,3134,'Удалить flexy-шаблоны','ru'),(3226,3135,'Flexy-шаблоны не найдены.','ru'),(3227,3136,'Flexy-шаблоны были удалены','ru'),(3228,3137,'Некоторые flexy-шаблоны не могут быть удалены. Скорректируйте права на файлы или удалите их самостоятельно:<br />{{list}}','ru'),(3229,3138,'Проверьте права на директорию','ru'),(3230,3139,'Это действие удалит все Flexy-шаблоны. Вы уверены, что хотите продолжить?','ru'),(3231,3140,'Не удалось получить содержимое Flexy-шаблона','ru'),(3232,3141,'Не удалось сконвертировать Flexy-шаблон. Проверьте его содержание на предмет синтаксических ошибок','ru'),(3233,3142,'Вернуться на страницу \"Режим веб-мастера\"','ru'),(3234,3143,'Сконвертированные файлы не всегда могут работать корректно поскольку не все изменения могут быть правильно выполнены при автоматической конвертации. Проверьте ваши сконвертированные файлы вручную, чтобы убедиться, что все изменения перенесены верно. Больше информации о Flexy-to-Twig конверторе доступно здесь: <a href=\"http://xcart.github.io/flexy-to-twig/\" target=\"_blank\">http://xcart.github.io/flexy-to-twig</a>','ru'),(3235,3144,'<b>UPS</b> module allows you to use online shipping rates calculation via <a href=\"http://www.ups.com\" target=\"_new\">UPS service</a>.<br/>To use UPS Rating API you need to register on <a href=\"http://www.ups.com/\" target=\"_new\">UPS.com</a> with a User ID and Password. Once you have registered you would need to obtain an Access Key from UPS.com that provides access to the Rating API. To obtain an Access Key an account number needs to be added or created in your UPS.com profile.','en'),(3236,3145,'UPS module supports \'Cash on delivery\' feature for shipments within European Union, within United States and Puerto Rico, within Canada and from Canada to the United States.<br/>To enable \'Cash on delivery\' payment option you should enable payment method \'Cash on delivery (UPS)\' at the <a href=\"{{URL}}\">Payment methods page</a>.','en'),(3237,3146,'Air service center','en'),(3238,3147,'Customer counter','en'),(3239,3148,'Daily Pickup','en'),(3240,3149,'Delivery confirmation - adult signature required','en'),(3241,3150,'Delivery confirmation - no signature','en'),(3242,3151,'Delivery confirmation - signature required','en'),(3243,3152,'Letter center','en'),(3244,3153,'No confirmation','en'),(3245,3154,'On call air','en'),(3246,3155,'One time pickup','en'),(3247,3156,'Suggested retail rates','en'),(3248,3157,'Related products','en'),(3249,3158,'Mutual link','en'),(3250,3159,'Related products page','en'),(3251,3160,'You cannot choose this product','en'),(3252,3161,'The product SKU#{{SKU}} is already set as related for the product','en'),(3253,3162,'Add related products','en'),(3254,3163,'Related products (Related Products module)','en'),(3255,3164,'The product SKU#\"X\" is already set as Related for the product','en'),(3256,3165,'News messages','en'),(3257,3165,'Новости','ru'),(3258,3166,'News message','en'),(3259,3166,'Новость','ru'),(3260,3167,'New news message','en'),(3261,3167,'Добавить новость','ru'),(3262,3168,'News','en'),(3263,3168,'Новости','ru'),(3264,3169,'Top News','en'),(3265,3169,'Последние новости','ru'),(3266,3170,'All news','en'),(3267,3170,'Все новости','ru'),(3268,3171,'Previous','en'),(3269,3171,'Предыдущая новость','ru'),(3270,3172,'Next','en'),(3271,3172,'Следующая новость','ru'),(3272,3173,'The news message has been updated','en'),(3273,3173,'Новость обновлена','ru'),(3274,3174,'The news message has been added','en'),(3275,3174,'Новость добавлена','ru'),(3276,3175,'Create news message','en'),(3277,3175,'Добавление новости','ru'),(3278,3176,'News page title','en'),(3279,3176,'Заголовок страницы новости','ru'),(3280,3177,'News title','en'),(3281,3177,'Заголовок новости','ru'),(3282,3178,'Leave blank to use news title as Page Title.','en'),(3283,3178,'Оставьте поле незаполненным чтобы использовать заголовок новости в качестве заголовка страницы.','ru'),(3284,3179,'Free','en'),(3285,3180,'Free shipping','en'),(3286,3181,'FREE SHIPPING','en'),(3287,3182,'Wrong free shipping format','en'),(3288,3183,'Wrong shipping freight value format','en'),(3289,3184,'This shipping method becomes available at checkout only if all the products in the cart are marked \"Free shipping\" and there are no other shipping methods available.','en'),(3290,3185,'Shipping freight','en'),(3291,3186,'This field can be used to set a fixed shipping fee for the product. Make sure the field value is a positive number (greater than zero).','en'),(3292,3187,'Shipping freight only','en'),(3293,3188,'Shipping freight + regular shipping rate','en'),(3294,3189,'This shipping method becomes available on checkout, only if all the products in the cart have defined shipping freight and there are no other shipping methods available.','en'),(3295,3190,'Freight fixed fee','en'),(3296,3191,'Freight','en'),(3297,3179,'БЕСПЛАТНО','ru'),(3298,3180,'Бесплатная доставка','ru'),(3299,3181,'БЕСПЛАТНАЯ ДОСТАВКА','ru'),(3300,3182,'Неправильный формат значения поля \"Бесплатная доставка\"','ru'),(3301,3183,'Неправильный формат значения поля \"freightFixedFee\"','ru'),(3302,3184,'Этот способ доставки становится доступным только если все продукты в корзине помечены как \"Бесплатная доставка\", и нет других доступных методов доставки.','ru'),(3303,3185,'Фиксированная стоимость доставки','ru'),(3304,3186,'В данном поле можно задать фиксированную стоимость доставки для редактируемого продукта. Убедитесь, что используемое значение является положительным числом (больше нуля).','ru'),(3305,3187,'указанному значению фиксированной стоимости доставки','ru'),(3306,3188,'сумме фиксированной стоимости доставки и стоимости доставки, рассчитанной стандартным способом','ru'),(3307,3189,'Этот способ доставки становится доступным на чекауте, если у всех продуктов в корзине задана фиксированная стоимость доставки, и нет других доступных методов доставки.','ru'),(3308,3191,'Фиксированная стоимость доставки','ru'),(3309,3017,'Продукт','ru'),(3310,44,'Предыдущий','ru'),(3311,45,'Следующий продукт','ru'),(3312,3192,'Sitemap','en'),(3313,3193,'Static pages','en'),(3314,3194,'Test ShippingCalc rates calculation','en'),(3315,3195,'Subscribe to AuctionInc\'s ShippingCalc Module','en'),(3316,3196,'Guide to AuctionInc ShippingCalc Settings','en'),(3317,3197,'ShippingCalc settings','en'),(3318,3198,'ShippingCalc','en'),(3319,3199,'ShippingCalc Package Data','en'),(3320,3200,'On-demand','en'),(3321,3201,'30 Day Trial of AuctionInc ShippingCalc Module.<br />Days Left: {{days}}','en'),(3322,3202,'30 Day Trial of AuctionInc ShippingCalc Module is over','en'),(3323,3203,'Update quantity','en'),(3324,3203,'Обновление количества','ru'),(3325,3204,'Products updated','en'),(3326,3204,'Обновлено товаров','ru'),(3327,3205,'The script found {{number}} problem(s) during update inventory','en'),(3328,3205,'В процессе обновления были обнаружены ошибки ({{number}})','ru'),(3329,3206,'Product with SKU \"{{value}}\" not found','en'),(3330,3206,'Товар с артикулом \"{{value}}\" не найден','ru'),(3331,3207,'Wrong product quantity value format (\"{{value}}\")','en'),(3332,3207,'Некорректный формат в поле qty (\"{{value}}\")','ru'),(3333,3208,'Products and product variants updated','en'),(3334,3208,'Обновлено товаров и вариантов товаров','ru'),(3335,3209,'Product or product variant with SKU \"{{value}}\" not found','en'),(3336,3209,'Товар или вариант товара с артикулом \"{{value}}\" не найдены','ru'),(3337,3210,'Update quantity import guide','en'),(3338,3210,'Руководство по обновлению количества','ru'),(3339,3211,'You have just added','en'),(3340,3211,'Вы добавили в корзину','ru'),(3341,3212,'Open comparison table','en'),(3342,3212,'Открыть таблицу сравнения','ru'),(3343,3213,'Please add another product to comparison','en'),(3344,3213,'Выберите еще один продукт для сравнения','ru'),(3345,3214,'high to low','en'),(3346,3214,'по убыванию','ru'),(3347,3215,'low to high','en'),(3348,3215,'по возрастанию','ru'),(3349,3216,'You have configured MailChimp as your primary email newsletter tool. New subscribers will be added directly to your MailChimp lists (this X-Cart list will be skipped). You can manage your subscriber lists under your MailChimp account <a href=\"{{link}}\" target=\"_blank\">here</a>','en'),(3350,3216,'Вы настроили MailChimp для использования в качестве основного инструмента отправки рассылки в адрес ваших подписчиков. Новые подписчики будут добавляться напрямую в списки на стороне MailChimp (минуя данный список в X-Cart). Вы можете управлять списками подписчиков через <a href=\"{{link}}\" target=\"_blank\">свой аккаунт</a> MailChimp.','ru'),(3351,3217,'To move your existing subscribers to MailChimp lists, <a href=\"{{link}}\" target=\"_blank\">export your subscribers data</a> from X-Cart and use the import feature under your MailChimp account.','en'),(3352,3217,'Для переноса существующих подписчиков в списки на стороне MailChimp, <a href=\"{{link}}\" target=\"_blank\">экспортируйте данные подписчиков</a> из X-Cart и используйте функцию импорта в вашем аккаунте MailChimp.','ru'),(3353,3218,'Connect your store to MailChimp','en'),(3354,3218,'Связать магазин с MailChimp','ru'),(3355,3219,'Sign up for {{companyName}} news','en'),(3356,3219,'Подписаться на новости {{companyName}}','ru'),(3357,3220,'Thank you for subscribing to the newsletter! We hope you enjoy shopping at {{companyName}}','en'),(3358,3220,'Спасибо за подписку на наши новости. Мы рады, что вы - наш читатель!','ru'),(3359,3221,'Subscribers','en'),(3360,3221,'Подписчики','ru'),(3361,3222,'Email or login','en'),(3362,3222,'Email или логин','ru'),(3363,3223,'Enter email address','en'),(3364,3223,'Введите email','ru'),(3365,3224,'Subscribers imported','en'),(3366,3225,'Any special needs?','en'),(3367,3226,'Fast Lane checkout','en'),(3368,3227,'Firstname','en'),(3369,3228,'Lastname','en'),(3370,3229,'One Page checkout','en'),(3371,3230,'Order note. Any special needs?','en'),(3372,3231,'Street address','en'),(3373,3232,'Zipcode','en'),(3374,3233,'Click to finish your order','en'),(3375,3234,'Order cannot be placed because some steps are not completed','en'),(3376,3235,'Click to proceed to the next step','en'),(3377,3236,'Some of the required fields were not completed. Please check the form and try again','en'),(3378,3237,'Bulk edit','en'),(3379,3238,'Click to specify','en'),(3380,3239,'Bulk edit all','en'),(3381,3240,'Inventory','en'),(3382,3241,'Price and membership','en'),(3383,3242,'Bulk edit has been processed successfully.','en'),(3384,3243,'Bulk edit processing has been interrupted.','en'),(3385,3244,'Bulk edit processing may take a while to complete. Please do not close this page until the process is fully completed. If the page has been closed, please re-open it to complete the process (The Bulk edit processing routine is executed only while the page stays open).','en'),(3386,3245,'Bulk Edit processing in progress...','en'),(3387,3246,'Replace with','en'),(3388,3247,'Back to products','en'),(3389,3248,'Bulk edit selected','en'),(3390,3249,'Product list','en'),(3391,3250,'Move to','en'),(3392,3251,'Not set','en'),(3393,3252,'Low stock warning on product page','en'),(3394,3253,'Low stock notification to admin','en'),(3395,3254,'Coming Soon','en'),(3396,3255,'This feature is not yet available. You will be redirected to the feature request page where you can vote to have this feature implemented in one of the upcoming versions.','en'),(3397,3238,'Щелкните, чтобы указать значение','ru'),(3398,3240,'Информация по наличию на складе','ru'),(3399,3241,'Цена и доступность для групп','ru'),(3400,1136,'Информация по доставке','ru'),(3401,3242,'Групповое редактирование завершено успешно.','ru'),(3402,3243,'Групповое редактирование было прервано.','ru'),(3403,3244,'Процесс группового редактирования может занять продолжительное время. Пожалуйста, не закрывайте эту страницу до полного завершения процесса. Если страница оказалась закрыта, откройте ее снова, чтобы завершить процесс (Процедура группового редактирования выполняется только пока страница остается открытой).','ru'),(3404,3245,'Идет групповое редактирование...','ru'),(3405,3247,'Назад к списку продуктов','ru'),(3406,2750,'Выбрано {{count}} продуктов','ru'),(3407,3239,'Редактировать все','ru'),(3408,3248,'Редактировать выбранные','ru'),(3409,3249,'К списку продуктов','ru'),(3410,3237,'Групповое редактирование','ru'),(3411,3250,'Переместить в','ru'),(3412,3246,'Заменить на','ru'),(3413,3251,'Не заданы','ru'),(3414,3252,'Предупреждение о низком остатке на странице товара','ru'),(3415,3253,'Уведомление администратору о низком остатке','ru'),(3416,3254,'Скоро','ru'),(3417,3255,'Данный пункт пока не доступен. Вы будете перенаправлены на страницу голосования за его реализацию в одной из ближайших версий X-Cart.','ru'),(3418,3256,'Showing results for','en'),(3419,3256,'Показаны результаты для','ru'),(3420,3257,'See details','en'),(3421,3257,'Подробнее','ru'),(3422,3258,'See more results for','en'),(3423,3258,'Показать больше результатов для','ru'),(3424,3259,'Suggestions','en'),(3425,3259,'Предложения','ru'),(3426,3260,'Products','en'),(3427,3260,'Товары','ru'),(3428,3261,'Categories','en'),(3429,3261,'Категории','ru'),(3430,3262,'Pages','en'),(3431,3262,'Страницы','ru'),(3432,3263,'Did you mean','en'),(3433,3263,'Возможно, вы имели в виду','ru'),(3434,3264,'If AustraliaPost returns shipping methods that do not exist in the available methods list, these methods will be created in the list automatically. You can specify whether these methods should be created as enabled and available to customers right away, or should be hidden from customers until you manually enable them on <a href=\"{{URL}}\">the shipping methods list page</a>.','en'),(3435,3265,'Before you can start configuring the Australia Post module, you must receive the available options for the configuration settings from Australia Post. Please click the button below.','en'),(3436,3266,'The option values have been successfully updated.','en'),(3437,3267,'API Login ID','en'),(3438,3268,'Transaction key','en'),(3439,3269,'It\'s recommended to limit the length of invoice prefix to 9 characters. Larger prefixes will be cut prior to transaction initialization.','en'),(3440,3270,'<strong>Skrill Quick Checkout</strong> enables you to take <strong>direct</strong> payment from credit cards, debit cards and over 80 other local payment options in over 200 countries as well as the Skrill eWallet. The highly competitive rates for this service are published on the Skrill website at <a href=\"//www.skrill.com/\" target=\"blank\">www.skrill.com</a>','en'),(3441,3271,'Don\'t have an account? <a href=\"{{url}}\" target=\"blank\">Sign up for free</a>','en'),(3442,3272,'Your activation request was sent on {{date}}. Please be aware that the verification process to use Skrill Quick Checkout could take up to 72 hours. You will be contacted by Skrill once the verification process has been completed. After activation, Skrill will give you access to a new section in your Skrill Account called Merchant Tools. Please set your secret word in the Merchant Tools (do NOT use your password for this) and also enter it in the section below to connect to Skrill. The secret word is the last step of your activation process; it is needed to encrypt your payments securely. After successful submission you will be ready to use all the direct payment options of Skrill.','en'),(3443,3273,'Contact Skrill at <a href=\"mailto:ecommerce@skrill.com\">ecommerce@skrill.com</a> or by phone +44 203 308 2519','en'),(3444,3274,'Email address of your Skrill account','en'),(3445,3275,'Skrill Customer ID','en'),(3446,3276,'Secret Word','en'),(3447,3277,'You can set an order id prefix that will be added to each order number in your shop to make it unique (each transaction id must be unique for a Skrill account)','en'),(3448,3278,'This option is relevant only if you share your Skrill account with other online shops.','en'),(3449,3279,'Do you have questions?','en'),(3450,3280,'Skrill settings','en'),(3451,3281,'To process your customers\\\' payments with Skrill, you need a Skrill account. If you do not have one yet, you can sign up for free at http://www.skrill.com','en'),(3452,3282,'Address for sales tax calculation','en'),(3453,3283,'Click here to specify tax rates that will apply only to shipping charges','en'),(3454,3284,'Discounted subtotal','en'),(3455,3285,'Discounted subtotal + Shipping cost','en'),(3456,3286,'General tax rates','en'),(3457,3287,'Individual settings for every rate','en'),(3458,3288,'New rate','en'),(3459,3289,'Subtotal + Shipping cost','en'),(3460,3290,'Tax rate has been deleted successfully','en'),(3461,3291,'Tax rate has not been deleted','en'),(3462,3292,'Taxable base','en'),(3463,3293,'Tax rates for shipping charges have not yet been created.','en'),(3464,3294,'Tax rates have not yet been created.','en'),(3465,3295,'Tax rates on shipping cost','en'),(3466,3296,'Use the same tax rates for all user membership levels','en'),(3467,3282,'Адрес для расчета налога с продаж','ru'),(3468,3283,'Нажмите здесь, чтобы задать ставки налогов на стоимость доставки','ru'),(3469,3284,'Сумма заказа с учетом скидки','ru'),(3470,3285,'Сумма заказа с учетом скидки + стоимость доставки','ru'),(3471,3286,'Основные ставки налогов','ru'),(3472,3287,'Индивидуальные настройки для каждой ставки налога','ru'),(3473,3288,'Новая ставка','ru'),(3474,3289,'Сумма заказа + стоимость доставки','ru'),(3475,3290,'Сумма налога успешно удалена','ru'),(3476,3291,'Сумма налога не удалена','ru'),(3477,3292,'Налогооблагаемая база','ru'),(3478,3293,'Ставки налога на стоимость доставки пока не созданы.','ru'),(3479,3294,'Ставки налога пока не созданы.','ru'),(3480,3295,'Ставки налогов на стоимость доставки','ru'),(3481,3296,'Использовать одни и те же ставки налога для всех групп покупателей','ru'),(3482,1104,'Налог с продаж','ru'),(3483,3297,'MD5 hash value','en'),(3484,3298,'Use of Restriction key must be disabled in your Quantum Gateway merchant center account at all times. Please log in to your account, go to the Processing Settings section and make sure the setting \"Use restriction key\" is disabled.','en'),(3485,3299,'Include response in hash','en'),(3486,3300,'This value must be set in exactly the same way as it is set on the payment gateway end.','en'),(3487,3301,'2Checkout.com account number','en'),(3488,3302,'Order prefix','en'),(3489,3303,'Pricing currency','en'),(3490,3304,'To set up the integration, go to the ','en'),(3491,3305,'\"Site management\"','en'),(3492,3306,' page on the 2Checkout site and make sure of the following:','en'),(3493,3307,'The \"Pricing currency\" value here in X-Cart must be exactly the same as on 2Checkout\'s Site management page.','en'),(3494,3308,'The \"Approved URL\" value on 2Checkout\'s Site management page must be set to this','en'),(3495,3309,'<strong>U.S.P.S.</strong> module allows to use online shipping rates calculation via <a href=\"http://www.usps.com/webtools\">USPS Web Tools Ecommerce API</a>.','en'),(3496,3310,'Note: To enable/disable the \"Cash on delivery\" payment option, you should enable/disable the payment method \"Cash on delivery (U.S.P.S.)\" on the <a href=\"{{URL}}\">Payment methods page</a>.','en'),(3497,3311,'Refresh list of available methods','en'),(3498,3312,'Wrong container type selected: {{value}}. For large package size only the following types are allowed: RECTANGULAR, NONRECTANGULAR, VARIABLE','en'),(3499,3313,'{{value}} is an invalid container type for a REGULAR package. Valid Container is: VARIABLE','en'),(3500,3309,'<strong>U.S.P.S.</strong> module allows to use online shipping rates calculation via <a href=\"http://www.usps.com/webtools\">USPS Web Tools Ecommerce API</a>.','ru'),(3501,3310,'Важно: Чтобы включить/отключить вариант оплаты \"Наложенный платеж\", необходимо включить/отключить способ оплаты \"Наложеный платеж (U.S.P.S.)\" на <a href=\"{{URL}}\">странице Способов оплаты</a>.','ru'),(3502,3311,'Обновить список доступных методов','ru'),(3503,3312,'Выбран неправильный тип контейнера: {{value}}. Для указанного размера LARGE допустимы следующие значения для типа контейнера: RECTANGULAR, NONRECTANGULAR, VARIABLE','ru'),(3504,3313,'{{value}} - неправильное значение для размера REGULAR. Допустимое значение: VARIABLE','ru'),(3505,3314,'Cards that can be used for your future orders in this shop. No real credit card data was saved, only a special token on the side of the payment processor that can be used in this store only.','en'),(3506,3315,'These payment methods were imported from your X-Payments. You can add them to your store at the ','en'),(3507,3316,'page.','en'),(3508,3317,'Re-import payment methods','en'),(3509,3318,'Import payment methods','en'),(3510,3319,'Click the button below to re-import payment methods from X-Payments.','en'),(3511,3320,'To be able to use the payment methods defined in X-Payments, you should import information about them from X-Payments. Click the button below, and X-Payments will return a list of payment methods available for this shopping cart.','en'),(3512,3321,'Request payment methods','en'),(3513,3322,'X-Payments returned the following payment methods for your shopping cart:','en'),(3514,3323,'X-Payments configuration ID','en'),(3515,3324,'Replace payment methods','en'),(3516,3325,'Cancel import and keep current payment methods','en'),(3517,3326,'X-Cart automatically checks the connection to X-Payments after the settings are saved.<br/> If the module is configured properly, a \"Test transaction completed successfully\" message is displayed at the top of the page.','en'),(3518,3327,'Once the connection is verified, you should proceed to the','en'),(3519,3328,'section.','en'),(3520,3329,'Use X-Payments configuration bundle','en'),(3521,3330,'Copy the value of the Configuration field from X-Payments Online Store Details page, paste the string here and click <b>Deploy</b>.<br/> All the connection settings will be specified automatically.','en'),(3522,3331,'Or fill in the settings manually','en'),(3523,3332,'Specify the URL of your X-Payments installation. <br/>Copy and paste the <b>Store ID</b>, <b>Public key</b>, <b>Private key</b> and <b>Private key password</b> from X-Payments Online Store Details page.','en'),(3524,3333,'Used credit cards','en'),(3525,3334,'Credit card','en'),(3526,3335,'Update default card','en'),(3527,3336,'Pay with previously used credit card','en'),(3528,3337,'Show all saved credit cards','en'),(3529,3338,'I want to use this credit card for my future orders in this shop.','en'),(3530,3339,'Configuration has been successfully deployed','en'),(3531,3340,'Your configuration string is not correct','en'),(3532,3341,'Test transaction completed successfully','en'),(3533,3342,'Test transaction failed. Please check the X-Payments Connector settings and try again. If all the settings are ok, review your X-Payments settings and make sure you have properly defined your shopping cart properties.','en'),(3534,3343,'There are no payment configurations for this store.','en'),(3535,3344,'An error occured during the requesting of payment methods from X-Payments. See log files for details.','en'),(3536,3345,'X-Payments transaction','en'),(3537,3346,'Save cards','en'),(3538,3347,'1.1 (X-Payments 1.0.5 and earlier)','en'),(3539,3348,'1.2 (X-Payments 2.0 and X-Payments 1.0.6)','en'),(3540,3349,'Add new credit card','en'),(3541,3350,'Saved credit cards','en'),(3542,3351,'Test transaction completed successfully for API version {{version}}','en'),(3543,3352,'Ok','en'),(3544,3353,'Save credit card','en'),(3545,3354,'Back to credit cards','en'),(3546,3355,'Important!','en'),(3547,3356,'We will authorize','en'),(3548,3357,'on your credit card in order to attach this credit card to your account. The amount will be released back to your card after a while.','en'),(3549,3358,'The transaction will be marked as','en'),(3550,3359,'Date, time','en'),(3551,3360,'Result payment status','en'),(3552,3361,'Transaction result','en'),(3553,3362,'The related payment has not been found. Apparently, it was deleted.','en'),(3554,3363,'KOUNT Antifraud screening result','en'),(3555,3364,'Score','en'),(3556,3365,'Rules triggered','en'),(3557,3366,'Authorize/charge the difference','en'),(3558,3367,'View payment information','en'),(3559,3368,'Go to payment details page','en'),(3560,3369,'Use one of the following cards to','en'),(3561,3370,'for this order','en'),(3562,3371,'Cards saved by the customer for future orders in this shop. No real credit cards were saved, only a special token on the side of the payment processor, which can be used in this store only.','en'),(3563,3372,'No active X-Payments payment methods, or saving credit cards is not activated.','en'),(3564,3373,'<b>Note:</b> No payment methods here because the module is not configured. Please finalize the settings at ','en'),(3565,3374,'Connection','en'),(3566,3375,'tab and get back here to configure methods.','en'),(3567,3376,'Start FREE Trial','en'),(3568,3377,'See how','en'),(3569,3378,'Open your X-Payments dashboard','en'),(3570,3379,'in','en'),(3571,3380,'X-Payments','en'),(3572,3381,'Configure your gateway','en'),(3573,3382,'Connect','en'),(3574,3383,'with','en'),(3575,3384,'Connect to X-Payments. Complete 3 easy steps.','en'),(3576,3385,'Open X-Payments dashboard to configure','en'),(3577,3386,'Connected!','en'),(3578,3387,'Conection with X-Payments is OK.','en'),(3579,3388,'Connection failed!','en'),(3580,3389,'Check the settings.','en'),(3581,3390,'Card saved','en'),(3582,3391,'Card has not been saved due to a payment processor error','en'),(3583,3392,'Payment methods have been imported successfully','en'),(3584,3393,'Do not use card setup','en'),(3585,3394,'Payment method for card setup','en'),(3586,3395,'1.3 (X-Payments 2.1)','en'),(3587,3396,'Authorize amount for card setup','en'),(3588,3397,'Description of the card setup payment','en'),(3589,3398,'Authorization period, days','en'),(3590,3399,'Charged amount','en'),(3591,3400,'Declined amount','en'),(3592,3401,'Difference','en'),(3593,3402,'Payment information','en'),(3594,3403,'Connection with X-Payments is OK.','en'),(3595,3404,'No addresses for the profile.','en'),(3596,3405,'Order status mapping rules','en'),(3597,3406,'Refer to on-line manual','en'),(3598,3407,'Save credit card setup','en'),(3599,3408,'Trying to use unaccepted template change.','en'),(3600,3409,'X-Payments Dashboard','en'),(3601,3410,'X-Payments considers this transaction as potentially fraudlent.','en'),(3602,3411,'You should accept the changes at the','en'),(3603,3412,'Note: In order to setup ePDQ essential payment gateway, you have to complete these steps: <ul><li>Log in to your ePDQ backoffice</li> <li>Open the \"Configuration\" -> \"Technical information\" page -> \"Global security parameters\" tab -> \"Hashing method\" section and select SHA-512 and UTF-8 options.</li> <li>Open the \"Configuration\" -> \"Technical information\" page -> \"Data and origin verification\" tab -> \"Checks for e-Commerce\" section and in the URL field enter this URL: <em>{{URL}}</em></li> <li>Define SHA-IN pass phrase in the corresponding section and further enter it here in X-Cart in the \"SHA-IN pass phrase\" field.</li> <li>Open the \"Configuration\" -> \"Technical information\" page -> \"Transaction feedback\" tab -> \"e-Commerce\" section and enable <em>I would like to receive transaction feedback parameters on the redirection URLs</em> option.</li> <li>Scroll down to the \"All transaction submission modes\" section and define SHA-OUT pass phrase and further enter it here in X-Cart in the \"SHA-OUT pass phrase\" field.</li></ul>','en'),(3604,3413,'PSPID','en'),(3605,3414,'SHA-IN pass phrase','en'),(3606,3415,'SHA-OUT pass phrase','en'),(3607,3416,'Currency','en'),(3608,3417,'Invoice number prefix','en'),(3609,3418,'Enable logging of ePDQ transactions','en'),(3610,3419,'Response from ePDQ is not trusted (SHA checking is failed)','en'),(3611,3420,'Unexpected result was received from ePDQ (transaction status is not set)','en'),(3612,3421,'Merchant ID','en'),(3613,3422,'SubID','en'),(3614,3423,'Public Certificate File','en'),(3615,3424,'Public Key','en'),(3616,3425,'Private Key','en'),(3617,3426,'Private Key Password','en'),(3618,3427,'Currency','en'),(3619,3428,'Invoice number prefix','en'),(3620,3429,'Enable logging of iDEAL transactions','en'),(3621,3430,'Something is wrong with the iDEAL payment module settings. Please try later or use a different payment option.','en'),(3622,3431,'Unexpected result was received from iDEAL (transaction status is not set)','en'),(3623,3432,'Payment return page requested without expected parameters','en'),(3624,3433,'Warning! This payment method requires OpenSSL extension. Please install and enable this extension in your PHP configuration.','en'),(3625,3434,'Warning! Please re-check public and private key values and private key password!','en'),(3626,3435,'Select issuer','en'),(3627,3436,'Unknown payment transaction','en'),(3628,3437,'The file with the certificate needs to be located in the directory {{certsDir}}','en'),(3629,3438,'<b>Canada Post</b> module allows you to use online shipping rates calculation via <a href=\"https://www.canadapost.ca\">Canada Post</a>.','en'),(3630,3439,'Products return {{return_number}}','en'),(3631,3440,'To request a return please complete the form below','en'),(3632,3441,'Return quantity','en'),(3633,3442,'Create return','en'),(3634,3443,'Deliver to Post Office','en'),(3635,3444,'There are no post offices available','en'),(3636,3445,'Tracking pins','en'),(3637,3446,'Delivery to Post Office','en'),(3638,3447,'No events found','en'),(3639,3448,'Attached files','en'),(3640,3449,'Created on','en'),(3641,3450,'Documents','en'),(3642,3451,'Parcel options','en'),(3643,3452,'In store currency (0 - do not use coverage)','en'),(3644,3453,'Parcel','en'),(3645,3454,'Shipment info','en'),(3646,3455,'Shipment ID','en'),(3647,3456,'Shipment status','en'),(3648,3457,'Tracking pin','en'),(3649,3458,'Return tracking pin','en'),(3650,3459,'PO Number','en'),(3651,3460,'Manifests','en'),(3652,3461,'Manifest ID','en'),(3653,3462,'Parcel characteristics','en'),(3654,3463,'Total items weight','en'),(3655,3464,'warning: parcel is overweight','en'),(3656,3465,'Box maximum weight','en'),(3657,3466,'Dimensions (cm)','en'),(3658,3467,'Parcel type','en'),(3659,3468,'Document','en'),(3660,3469,'Unpackaged','en'),(3661,3470,'Mailing tube','en'),(3662,3471,'Oversized','en'),(3663,3472,'On shipment','en'),(3664,3473,'On exception','en'),(3665,3474,'On delivery','en'),(3666,3475,'Test Canada Post rates calculation','en'),(3667,3476,'Please note that rates are calculated for shipping from Canadian locations only.','en'),(3668,3477,'Canada Post settings','en'),(3669,3478,'Merchant registration wizard','en'),(3670,3479,'To start the registration process for a Canada Post merchant account click on the \"Register\" button.','en'),(3671,3480,'If you want to enable merchant registration wizard once again, please click on the following link','en'),(3672,3481,'enable merchant wizard','en'),(3673,3482,'Administrator notes','en'),(3674,3483,'Not specified','en'),(3675,3484,'18 years','en'),(3676,3485,'19 years','en'),(3677,3486,'shipments are picked up by Canada Post','en'),(3678,3487,'deposit your items at a Post Office','en'),(3679,3488,'Counter - will return the regular price paid by retail consumers','en'),(3680,3489,'Commercial - will return the contracted price between Canada Post and the contract holder','en'),(3681,3490,'Card (hold) for pick up','en'),(3682,3491,'Leave at door','en'),(3683,3492,'Do not safe drop','en'),(3684,3493,'Parcel cannot be voided or transmitted - wrong quote type','en'),(3685,3494,'Parcel cannot be transmitted - wrong quote type','en'),(3686,3495,'Enter Return # or Order #','en'),(3687,3496,'Return products','en'),(3688,3497,'Void shipment','en'),(3689,3498,'Are you sure you want to void this shipment?','en'),(3690,3499,'Create shipment','en'),(3691,3500,'Transmit shipment','en'),(3692,3501,'Are you sure you want to transmit this shipment?','en'),(3693,3502,'Ordered qty','en'),(3694,3503,'Return qty','en'),(3695,3504,'Total weight','en'),(3696,3505,'Move item','en'),(3697,3506,'New parcel','en'),(3698,3507,'Return #','en'),(3699,3508,'CanadaPost settings','en'),(3700,3509,'Tracking details','en'),(3701,3510,'Search for returns','en'),(3702,3511,'The parcels have been successfully updated','en'),(3703,3512,'The shipment has been created with errors','en'),(3704,3513,'The shipment has been created successfully','en'),(3705,3514,'The shipment cannot be created','en'),(3706,3515,'The shipment has been voided with errors','en'),(3707,3516,'The shipment has been voided successfully','en'),(3708,3517,'The shipment cannot be voided','en'),(3709,3518,'The shipment has been transmitted with errors','en'),(3710,3519,'The shipment has been transmitted successfully','en'),(3711,3520,'The shipment cannot be transmitted','en'),(3712,3521,'Shipments','en'),(3713,3522,'Return','en'),(3714,3523,'The products return has been registered.','en'),(3715,3524,'No items have been selected for return.','en'),(3716,3525,'Vendor name','en'),(3717,3526,'Processing mode','en'),(3718,3527,'Encryption Password','en'),(3719,3528,'Invoice number prefix','en'),(3720,3529,'Pricing currency','en'),(3721,3530,'Don\'t have an account yet? <a href=\"https://support.sagepay.com/apply/default.aspx?PartnerID=653E8C42-AD93-4654-BB91-C645678FA97B\">Sign up</a> for SagePay now!','en'),(3722,3531,'You need to install the PHP mcrypt extension to use the Sage Pay integration','en'),(3723,3532,'Sage Pay is UK\'s leading independent payment service provider (PSP) and is one of the most trusted payment brands. Every year Sage Pay processes billions of pounds worth of secure payments for its 50,000+ customers and makes the process of accepting payments online, over the phone, or in person simpler, faster, safer and more profitable for businesses.<br /><br />Sage Pay is a subsidiary of FTSE 100 business management software and services company The Sage Group plc.','en'),(3724,3533,'Please enter your encryption password (This is different from your merchant password). More info on encryption passwords is available <a href=\'{{link}}\'  target=\'_blank\'>here</a>','en'),(3725,3534,'{{count}} items ({{total}})','en'),(3726,3534,'{{count}} продуктов ({{total}})','ru'),(3727,3535,'Token is empty','en'),(3728,3535,'Токен пустой','ru'),(3729,3536,'CVC verification: {{state}}','en'),(3730,3536,'Проверка подлинности кредитной карты (CVC): {{state}}','ru'),(3731,3537,'Address line verification: {{state}}','en'),(3732,3537,'Проверка адреса: {{state}}','ru'),(3733,3538,'Address zipcode verification: {{state}}','en'),(3734,3538,'Проверка почтового индекса: {{state}}','ru'),(3735,3539,'Requested transaction type: {{actual}}; real transaction type: {{real}}','en'),(3736,3539,'Запрашивалася транзакция типа {{actual}}, а реально была выполнена типа {{real}}','ru'),(3737,3540,'Requested amount: {{actual}}; real amount: {{real}}','en'),(3738,3540,'Запрашивалось к оплате {{actual}}, а реально было оплачено {{real}}','ru'),(3739,3541,'Requested currency: {{actual}}; real currency: {{real}}','en'),(3740,3541,'Запрашивалось к оплате сумма в валюте {{actual}}, а реально было оплачено в валюте {{real}}','ru'),(3741,3542,'Copy \"Webhook URL\" and go to <a href=\"https://manage.stripe.com/account/webhooks\" target=\"_blank\">Account settings</a>','en'),(3742,3542,'Скопируйте \"Webhook URL\" и перейдите в <a href=\"https://manage.stripe.com/account/webhooks\" target=\"_blank\">Account settings</a>','ru'),(3743,3543,'Go to your <strong>\"account settings\"</strong> on www.stripe.com','en'),(3744,3543,'Откройте страницу <strong>\"account settings\"</strong> на www.stripe.com','ru'),(3745,3544,'Choose <strong>\"Webhook tab\"</strong> and press <strong>\"+ add URL\"</strong> button','en'),(3746,3544,'Выберите вкладку <strong>\"Webhooks\"</strong> и нажмите кнопку <strong>\"+ add URL\"</strong>','ru'),(3747,3545,'Past <strong>\"Webhook URL\"</strong> to the field and press <strong>\"Create Webhook URL\"</strong> button','en'),(3748,3545,'Вставьте <strong>\"Webhook URL\"</strong> и нажмите кнопку <strong>\"Create Webhook URL\"</strong>','ru'),(3749,3546,'Disconnect','en'),(3750,3546,'Разъеденить','ru'),(3751,3547,'Status: <span>Connected</span> ({{mode}})','en'),(3752,3547,'Статус: <span>Соединено</span> ({{mode}})','ru'),(3753,3548,'Click \"Connect with Stripe\" to be redirected to Stripe.com','en'),(3754,3548,'Нажмите \"Connect with Stripe\" чтобы перейти на Stripe.com','ru'),(3755,3549,'<strong>Complete the form</strong> with your Company info to setup your account and start processing payments immedately.','en'),(3756,3549,'<strong>Заполняйте форму</strong>, имея на руках данные о Вашей компании. После регистрации Вы сможете сразу начать принимать платежи.','ru'),(3757,3550,'Refresh token','en'),(3758,3550,'Обновить токен','ru'),(3759,3551,'Your Stripe account is no longer accessible. Please connect with Stripe once again.','en'),(3760,3551,'Ваш Stripe аккаунт более недоступен. Пожалуста, пройдите соединение со Stripe еще раз.','ru'),(3761,3552,'Webhook URL is your store\'s URL through which Stripe informs your store about any changes in the order. For example, if you refund a payment transaction for a certain amount via Stripe backend, Stripe will send information about this refund to the store using a special request to the Webhook URL, and the store will update the order status to refunded. If Webhook URL is not specified, the store will not know that the order was updated in Stripe backend and the order status in the store will not be updated automatically.','en'),(3762,3552,'Webhook URL это URL Вашего магазина, через который Stripe оповещает магазин о изменениях в заказе. Например, если вы черезе Stripe backend сделаете refund плоатежной транзакции на некую сумму, то Stripe сообщит об этом магазину при помощи специального запроса к Webhook URL и магазин изменит состояние заказа на refunded. Иначе, если Webhook URL не указан, магазин об этом не узнает и закза не изменит свое состояние автоматически.','ru'),(3763,3553,'URL is copied','en'),(3764,3553,'URL скопирован','ru'),(3765,3554,'Show \"How to use\" instruction','en'),(3766,3554,'Показать инструкцию','ru'),(3767,3555,'Hide \"How to use\" instruction','en'),(3768,3555,'Спрятать инструкцию','ru'),(3769,3556,'Don\'t have an account?','en'),(3770,3557,'Publishable key','en'),(3771,3558,'Publishable key (test mode)','en'),(3772,3559,'Secret key (test mode)','en'),(3773,3560,'Ogone PSPID','en'),(3774,3561,'SHA-IN passphrase','en'),(3775,3562,'SHA-OUT passphrase','en'),(3776,3563,'Don\'t have an account? <a href=\"{{url}}\" target=\"blank\">Sign Up Now</a><br /><br />','en'),(3777,3564,'Note: In order to setup \'Ingenico Payment Services\' payment method, you have to complete these steps: <ul><li>Log in to your Ingenico Payment Services account</li> <li>Open the \"Configuration\" -> \"Technical information\" page -> \"Data and origin verification\" tab -> \"Checks for e-Commerce\" section and in the URL field enter this URL: <em>{{URL}}</em></li> <li>Define SHA-IN pass phrase in the corresponding section and further enter it here in X-Cart in the \"SHA-IN pass phrase\" field.</li> <li>Open the \"Configuration\" -> \"Technical information\" page -> \"Transaction feedback\" tab -> \"e-Commerce\" section and enable <em>I would like to receive transaction feedback parameters on the redirection URLs</em> option.</li> <li>Scroll down to the \"All transaction submission modes\" section and define SHA-OUT pass phrase and further enter it here in X-Cart in the \"SHA-OUT pass phrase\" field.</li></ul>','en'),(3778,3565,'Store ID','en'),(3779,3566,'HPP Key','en'),(3780,3567,'To set up the integration, go to the <a href=\"https://www3.moneris.com/mpg/\" target=\"_blank\">\"Site management\"</a> page on the eSelect site and make sure of the following:','en'),(3781,3568,'The \"Store ID\" and \"HPP Key\" value must be exactly the same as on it.','en'),(3782,3569,'The \"Approved URL\" value must be exactly as this:','en'),(3783,3570,'The \"Declined URL\" value must be exactly as this:','en'),(3784,3571,'Set the \"Response Method\" setting to \"Sent to your server as a POST\".','en'),(3785,3572,'Enable the \'Use \"Enhanced Cancel\"\' option.','en'),(3786,3573,'Approved URL','en'),(3787,3574,'Declined URL','en'),(3788,3575,'Amazon Order Ref ID','en'),(3789,3576,'Immediate Charge','en'),(3790,3577,'Pay with Amazon','en'),(3791,3578,'PayWithAmazon available actions','en'),(3792,3579,'Refresh status','en'),(3793,3580,'Refund status','en'),(3794,3581,'This operation will cancel order. Payment authorization will be voided. Please confirm to proceed.','en'),(3795,3582,'This operation will capture funds from customer. Please confirm to proceed.','en'),(3796,3583,'This operation will refund funds to customer. Please confirm to proceed.','en');
CREATE TABLE `xlite_language_labels` (
  `label_id` int(11) NOT NULL AUTO_INCREMENT,
  `name` varchar(255) CHARACTER SET utf8 COLLATE utf8_bin NOT NULL,
  PRIMARY KEY (`label_id`),
  UNIQUE KEY `name` (`name`)
) ENGINE=InnoDB DEFAULT CHARSET=utf8 COLLATE=utf8_unicode_ci;
INSERT INTO `xlite_language_labels` VALUES (3306,' page and make sure that:'),(2838,'\"Cash on delivery\" status'),(3305,'\"Site management\"'),(2003,'\"X product\" options'),(1154,'\"{{number}}\" tracking number is added'),(1155,'\"{{number}}\" tracking number is removed'),(1787,'\"{{product}} product\" attributes'),(1959,'# selected'),(1,'%'),(2975,'(disabled role)'),(2018,'(optional)'),(433,'+12130000000'),(1731,'- OR -'),(239,'-- No categories --'),(2536,'...Downloading {{entry}}...{{status}}'),(2534,'...Hooks {{hooksCount}}'),(2533,'...Hooks {{hooksCount}}, Items {{itemsCount}}...'),(2532,'...Invoke {{type}} hook for {{entry}}...'),(2535,'...Unpacking {{entry}}...{{status}}'),(3347,'1.1 (X-Payments 1.0.5 and earlier)'),(3348,'1.2 (X-Payments 2.0 and X-Payments 1.0.6)'),(3395,'1.3 (X-Payments 2.1)'),(429,'1000 Example street'),(387,'14days'),(3484,'18 years'),(3485,'19 years'),(3301,'2Checkout.com account number'),(3202,'30 Day Trial of AuctionInc ShippingCalc Module is over'),(3201,'30 Day Trial of AuctionInc ShippingCalc Module. Days Left: X'),(388,'30days'),(386,'7days'),(432,'90001'),(2537,'<span>X</span> items'),(1432,'A DB error occurred while uninstalling the module X'),(2174,'A new category will be created'),(437,'A new customer? Enter your e-mail'),(2171,'A new membership will be created'),(2172,'A new product class will be created'),(2170,'A new product will be created'),(2173,'A new tax class will be created'),(2842,'A single domain'),(438,'ABA routing number'),(3267,'API Login ID'),(2880,'API access password'),(2879,'API access username'),(2884,'API certificate'),(2883,'API certificate filename'),(2873,'API credentials for payments and post-checkout operations'),(2882,'API signature'),(375,'APRIL'),(379,'AUGUST'),(2410,'About X remaining'),(439,'Absolute'),(440,'Accept'),(2655,'Accept[TT]'),(441,'Accepted orders'),(443,'Access denied!'),(444,'Access information'),(445,'Access level'),(2674,'Access level cannot be changed (from {{prevValue}} to {{value}}) for existing profile ({{login}})'),(1885,'Access storefront via private link'),(446,'Account'),(447,'Account details'),(247,'Account settings'),(448,'Account status'),(449,'Account summary'),(2542,'Accounting'),(2325,'Action'),(1428,'Action X::Y, M'),(31,'Activate'),(29,'Activate existing key'),(28,'Activate free license'),(35,'Activate free license description'),(1611,'Activate key'),(450,'Activate license key'),(2444,'Activate purchased skin'),(2224,'Activate your X-Cart'),(2222,'Activate your X-Cart installation'),(2223,'Activate your X-Cart installation first'),(22,'Activate your license key'),(451,'Activate your paid module license'),(452,'Active'),(453,'Active from'),(454,'Active till'),(455,'Add'),(456,'Add Product'),(457,'Add alternative payment method'),(1857,'Add attribute'),(2626,'Add banner'),(458,'Add category'),(459,'Add child'),(2622,'Add comment here'),(2766,'Add countries'),(2824,'Add coupon'),(460,'Add discount'),(461,'Add featured products'),(2008,'Add featured products for \"X\"'),(2835,'Add featured products for the front page'),(462,'Add file'),(463,'Add image'),(134,'Add language'),(464,'Add markup'),(465,'Add new'),(466,'Add new address'),(467,'Add new country'),(2817,'Add new coupon'),(3349,'Add new credit card'),(468,'Add new exception'),(133,'Add new label'),(137,'Add new language'),(469,'Add new membership level'),(470,'Add new option'),(471,'Add new option group'),(472,'Add new state'),(473,'Add offline payment method'),(474,'Add payment method'),(2736,'Add product'),(1914,'Add products'),(1591,'Add rates'),(3162,'Add related products'),(3020,'Add review'),(475,'Add shipping method'),(1596,'Add state'),(1595,'Add states'),(476,'Add subcategory'),(2332,'Add to bag'),(41,'Add to cart'),(1157,'Add tracking number'),(477,'Add user'),(478,'Add your _products_'),(3040,'Add your own review'),(479,'Add zone'),(2351,'Add-on does not exist.'),(480,'Add-ons'),(481,'Add/update options'),(482,'Added'),(2823,'Added coupons'),(2139,'Added items'),(483,'Added to cart'),(2862,'Additional settings'),(484,'Address'),(485,'Address book'),(486,'Address details'),(487,'Address field'),(488,'Address fields'),(3282,'Address for sales tax calculation'),(1790,'Address has been deleted'),(1785,'Address is not selected'),(3537,'Address line verification: X'),(1786,'Address not found'),(489,'Address pattern'),(1784,'Address type has wrong value'),(3538,'Address zipcode verification: X'),(2498,'Address zone'),(1722,'Addresses list is empty'),(490,'Admin'),(1286,'Admin has requested a change of password for your account. Please change the password before you proceed.'),(491,'Administration Zone'),(492,'Administrator'),(1486,'Administrator Zone'),(2366,'Administrator account cannot be deleted via customer interface.'),(2263,'Administrator header'),(3482,'Administrator notes'),(2264,'Administrator signature'),(2267,'Administrator subject'),(2268,'Administrator text'),(2343,'Advanced Order Management'),(2840,'Advanced statistics with Google Analytics'),(2017,'After activation Skrill will give you access to a new section in your Skrill account called \"Merchant tools\". Please choose a secret word (do not use your password for this) and enter it into the merchant tools section and below.'),(1261,'After clicking this button, your hard/soft reset links will be regenerated. You need it in case old links were compromised.'),(1374,'After the problem has been fixed, try to connect again.'),(2680,'After the problem has been fixed, try to connect again.\', {\'clear_cache\': url(\'addons_list_marketplace'),(1458,'After the upgrade is completed please check your website. If you find that the site is inoperative, please try to do the following'),(1776,'Aggregation cache has been cleaned'),(3146,'Air service center'),(236,'All'),(660,'All Addresses (default zone)'),(353,'All Order Statuses'),(403,'All User Types'),(493,'All add-ons'),(2094,'All attributes'),(3004,'All classes from this category'),(1798,'All countries'),(494,'All customers'),(2681,'All items'),(2136,'All items cannot be removed from the order.'),(2071,'All levels'),(401,'All membership levels'),(495,'All memberships'),(2930,'All newest products'),(3170,'All news'),(2075,'All orders'),(2060,'All payment statuses'),(2604,'All payment transaction statuses'),(496,'All products on sale'),(1721,'All rights reserved.'),(497,'All shipping methods'),(2061,'All shipping statuses'),(498,'All shipping zones'),(2335,'All statuses'),(499,'All the products are in sufficient quantities'),(500,'All time'),(2931,'All upcoming products'),(2342,'All user types'),(3071,'All users'),(1727,'All words'),(3007,'Alphabetical'),(503,'Alphabetically'),(1627,'Already added'),(1666,'Already exists'),(504,'Already have an account?'),(2596,'Also the system has detected problems with the following modules'),(100,'Alt'),(505,'Alternative payment methods'),(506,'Alternative text'),(283,'Alternatively, upload file sqldump.sql.php to the var/backup/ sub-directory click on the \"Restore from server\" button'),(2682,'Although you can switch the store to use the secure protocol for the website pages, most Internet browsers will likely display a warning message scaring your website visitors away.'),(2557,'Amazon'),(3575,'Amazon Order Ref ID'),(507,'Amount'),(508,'Amount: high to low'),(509,'Amount: low to high'),(1809,'An attempt to update settings of unknown payment method'),(2288,'An error occurred while sending the request'),(2403,'An error occurred, please try again. If the problem persists, contact the administrator.'),(2404,'An error occurred, please try again. If the problem persists, contact the administrator. (txnNote)'),(1681,'An upgrade is a dangerous process that may result in a crashed website.'),(510,'An upgrade is a dangerous process that may result in a crashed website. It is strongly recommended to create a full back up of your shop (the code and the database) and download it to a local computer before proceeding to the next step.'),(1878,'Anonymous'),(2072,'Anonymous (access level)'),(208,'Anonymous Customer'),(209,'Anonymous Customer, _Registered User with the same email_'),(1969,'Anonymous Customers'),(3086,'Anonymous reviewer'),(2959,'Anonymous users only'),(511,'Another state'),(122,'Any availability status'),(407,'Any category'),(125,'Any class'),(512,'Any membership level'),(513,'Any product class'),(2480,'Any profile'),(3015,'Any rating'),(3225,'Any special needs?'),(408,'Any status'),(2119,'Any stock status'),(2958,'Any visitors'),(1728,'Any word'),(514,'Any zone'),(2554,'App type'),(515,'Appearance'),(2790,'Applied discount coupon'),(516,'Apply destination'),(517,'Apply price'),(1700,'Apply value changes globally'),(1699,'Apply value changes locally'),(3031,'Approve'),(3022,'Approve review'),(3573,'Approved URL'),(518,'Are you sure you want to continue?'),(519,'Are you sure you want to delete the selected user?'),(2571,'Are you sure you want to delete this filter?'),(1624,'Are you sure you want to delete this profile?'),(520,'Are you sure you want to disable this add-on?'),(2737,'Are you sure you want to enable https anyway?'),(521,'Are you sure you want to enable this add-on?'),(3501,'Are you sure you want to transmit this shipment?'),(2330,'Are you sure you want to uninstall selected add-ons?'),(522,'Are you sure you want to uninstall this add-on?'),(3498,'Are you sure you want to void this shipment?'),(523,'Are you sure you wish to delete the selected zones?'),(524,'Are you sure?'),(525,'Arrival date'),(527,'Ask.com'),(2385,'Assign entered Clean URL to this page anyway'),(528,'Assigned classes'),(526,'Asynchronous'),(3448,'Attached files'),(529,'Attachment is not deleted'),(530,'Attachments'),(531,'Attachments have been updated successfully'),(1527,'Attribute'),(18,'Attribute data will be lost. warning text'),(1526,'Attribute group'),(1523,'Attribute name'),(1518,'Attribute option'),(1524,'Attribute values'),(128,'Attributes'),(746,'Attributes block'),(323,'Attributes for X product class'),(1788,'Attributes have been successfully changed'),(1838,'Attributes have been updated successfully'),(1853,'Attributes imported'),(532,'Australia Post settings'),(2042,'Auth'),(2863,'Auth and Capture'),(2864,'Auth only'),(533,'Authentication'),(534,'Authentication code'),(535,'Author'),(1997,'Authorization and Capture'),(1998,'Authorization only'),(3398,'Authorization period, days'),(536,'Authorization then capture'),(3396,'Authorize amount for card setup'),(3366,'Authorize/charge the difference'),(2643,'Authorize[TT]'),(355,'Authorized'),(1777,'Authorized amount'),(537,'Auto'),(2683,'Autogenerate'),(1625,'Autogenerate Clean URL'),(2015,'Autogenerated'),(2547,'Automate shipping'),(2549,'Automate your shipping process with the services of our partners: print shipping labels, grab shipping orders info from eBay, ETSY, Amazon and other marketplaces; integrate with several shipping carriers in one spot and more.'),(538,'Availability'),(539,'Available for sale'),(2477,'Avalara, a leader in US sales tax automation, provides a solution that can make your life easier by providing accurate and up-to-date tax rates for products you sell.'),(3047,'Average rating'),(540,'B'),(251,'BEGIN - END of TOTAL'),(1765,'Back'),(1732,'Back to Login form'),(2601,'Back to Trial mode'),(3142,'Back to Webmaster mode'),(745,'Back to Zones list'),(3354,'Back to credit cards'),(541,'Back to file select'),(542,'Back to layout settings'),(543,'Back to methods'),(1733,'Back to modules'),(2271,'Back to notifications list'),(544,'Back to order list'),(3058,'Back to product details'),(3247,'Back to products'),(2524,'Back to shipping methods'),(3098,'Back to templates list'),(309,'Backend payment transaction X issued'),(2684,'Background export is in progress'),(545,'Backup'),(546,'Backup database'),(547,'Bank Account Number'),(2895,'Banner on Cart page'),(2893,'Banner on Category pages'),(2892,'Banner on Home page'),(2894,'Banner on Product details pages'),(2625,'Banner rotation'),(3049,'Based on'),(3070,'Be the first and leave a feedback.'),(1560,'Before editing attributes specific for the chosen type you should save the changes'),(2470,'Before enabling HTTPS protocol read this article:'),(2220,'Before installing a paid addon for this installation, you need to activate your X-Cart license.'),(3265,'Before you can start configure Australia Post module you should update available options from Australia Post. Please click button below.'),(548,'Benchmark completed in '),(549,'Benchmark result under 3000ms is considered good'),(550,'Bestsellers'),(2580,'Bill to'),(2770,'Billing'),(551,'Billing address'),(2028,'Billing address is not defined'),(552,'Billing address is not defined yet'),(1768,'Billing address is the same as Shipping'),(2774,'Billing to'),(553,'Bing'),(3117,'Block is disabled'),(3116,'Block is enabled'),(2006,'Blocked'),(2763,'Body'),(3465,'Box maximum weight'),(554,'Brief description'),(555,'Brief descrption'),(556,'Browse server'),(3245,'Bulk Edit processing in progress...'),(3237,'Bulk edit'),(3239,'Bulk edit all'),(3242,'Bulk edit has been processed successfully.'),(3243,'Bulk edit processing has been interrupted.'),(3244,'Bulk edit processing may take a while to complete. Please do not close this page until the process is fully completed.'),(3248,'Bulk edit selected'),(2149,'Buy'),(2419,'Buy Business Edition'),(557,'Buy more'),(2374,'Buy prolongation'),(1742,'C.O.D. fee included'),(558,'CLOSE'),(1949,'CM'),(559,'CSS & JavaScript'),(2320,'CSV delimiter'),(2100,'CSV file has the wrong filename format.'),(1929,'CSV or ZIP files, total max size: {{size}}'),(3536,'CVC verification: X'),(1753,'CVV2'),(2405,'Cache management'),(560,'Cache rebuild is already started, please wait'),(2408,'Calculate quick data'),(2409,'Calculate quick data help text'),(561,'Calculate rates'),(2411,'Calculating quick data...'),(431,'California'),(1755,'Call us: '),(2485,'Can be provided only for offline shipping methods.'),(2487,'Can be provided only for online shipping methods.'),(2874,'Can be set up later'),(562,'Can\'t be disabled. The module is required by:'),(563,'Can\'t connect to the Modules Marketplace server'),(1976,'Can\\\'t connect to the marketplace server'),(3438,'Canada Post module allows to use online shipping rates calculation via Canada Post'),(3477,'Canada Post settings'),(3508,'CanadaPost settings'),(149,'Cancel'),(3325,'Cancel import and keep current payment methods'),(2946,'Cancel sale'),(357,'Canceled'),(2611,'Canceled[S]'),(1844,'Cannot autogenerate clean URL for the product name \"{{name}}\". Please specify it manually.'),(2133,'Cannot create temporary order for modification'),(2274,'Cannot gather modules from the marketplace. Please try later.'),(3140,'Cannot get flexy content'),(288,'Cannot set X permissions for subdirectories:'),(2043,'Capture'),(2647,'Capture multiple[TT]'),(2646,'Capture partially[TT]'),(564,'Capture status'),(2645,'Capture[TT]'),(1778,'Captured amount'),(3490,'Card (hold) for pick up'),(2236,'Card number'),(3390,'Card saved'),(2233,'Card type'),(3391,'Card was not saved due to payment processor error'),(1748,'Cardholder name'),(3371,'Cards saved by the customer for the future orders in this shop. No real credit cards were saved, only special token on the side of the payment processor, that can be used in this store only.'),(3314,'Cards which can be used for your future orders in this shop. No real credit cards were saved, only special token on the side of the payment processor, that can be used in this store only.'),(1148,'Carrier'),(2521,'Carrier service'),(2522,'Carrier service name'),(2520,'Carrier services'),(2489,'Carrier-calculated rates'),(1763,'Cart'),(565,'Cart & checkout'),(2116,'Cart contains products with wrong quantity'),(2115,'Cart contains products with wrong quantity. Please correct this to proceed'),(218,'Cart is empty'),(2011,'Cash on delivery'),(566,'Catalog'),(567,'Categories'),(1854,'Categories imported'),(568,'Category'),(92,'Category icon'),(569,'Category info'),(570,'Category name'),(2679,'Category name should not be empty'),(571,'Category page title'),(572,'Change'),(573,'Change address'),(1754,'Change attributes'),(574,'Change method'),(575,'Change options'),(1376,'Change password'),(576,'Change payment info'),(577,'Change shipping info'),(2137,'Changed items'),(2138,'Changed options'),(1697,'Changes of attributes globally'),(1698,'Changes of attributes locally'),(2151,'Character set'),(3399,'Charged amount'),(1679,'Check again'),(578,'Check all'),(3138,'Check directory permissions'),(2460,'Check for available free disk space has failed'),(2738,'Check for updates'),(579,'Check number'),(3389,'Check the settings.'),(580,'Checking'),(581,'Checking integrity, please wait...'),(222,'Checkout'),(582,'Choose'),(3544,'Choose Webhook tab and press + add URL button'),(583,'Choose _payment methods_'),(2446,'Choose a new template'),(2235,'Choose card type'),(3006,'Choose classes...'),(584,'Choose file'),(585,'Choose from a variety of bundled payment solutions to accept credit cards and other methods of payment on your website'),(586,'Choose method'),(2776,'Choose shipping'),(587,'Choose shipping method'),(1735,'Choose the product options first'),(2418,'Choose the right plan'),(1571,'Choosing \"URLs\" will link the exported data to your public files (product and category images, downloadable files shown on product pages, and so on) through direct URLs'),(2234,'Chose credit card type'),(588,'City'),(2095,'Classes & Attributes'),(1805,'Classes & attributes'),(3003,'Classes for product filter'),(589,'Clean URL'),(641,'Clean URLs are disabled'),(639,'Clean URLs are disabled. More info'),(2685,'Clean URLs are disabled. More info\', {\'more_info_url\': url(\'settings\', \''),(640,'Clean URLs are enabled'),(643,'Clean URLs functionality may not be enabled. More info'),(594,'Clean aggregation cache'),(62,'Clean aggregation cache help text'),(595,'Clean widgets cache'),(63,'Clean widgets cache help text'),(596,'CleanURL'),(593,'Clean_urls_error_message'),(1482,'Cleanup'),(1479,'Cleanup queries'),(1739,'Clear all fields'),(597,'Clear bag'),(46,'Clear cart'),(120,'Clear search'),(3548,'Click Connect with Stripe to be redirected to Stripe.com'),(598,'Click here to access/add subcategories'),(3283,'Click here to specify tax rates that will apply only to shipping charges'),(599,'Click here to view states of country'),(1551,'Click if you do not want to add this value to new products or class’s assigns automatically'),(1552,'Click if you want to add this value to new products or class’s assigns automatically'),(3319,'Click the button below to re-import payment methods from X-Payments.'),(2150,'Click the link to increase product amount'),(1590,'Click to add rates'),(1594,'Click to add states'),(1658,'Click to close'),(1597,'Click to edit all this label translations'),(1589,'Click to edit rates'),(1593,'Click to edit states'),(3233,'Click to finish your order'),(1657,'Click to open'),(3235,'Click to proceed to the next step'),(3238,'Click to specify'),(600,'Click to unblock'),(187,'Clicking the Place order button you accept: Terms and Conditions'),(1510,'Clone'),(1509,'Clone this product'),(129,'Cloned products'),(364,'Close'),(601,'Close storefront'),(1887,'Closed'),(2555,'Cloud Service'),(602,'Code'),(2932,'Coming soon'),(2316,'Coming soon (title)'),(2943,'Coming soon...'),(1650,'Comma'),(603,'Comment'),(604,'Comments'),(1945,'Commercial'),(3489,'Commercial - will return the contracted price between Canada Post and the contract holder'),(2064,'Communication log'),(1872,'Compact view'),(605,'Company'),(606,'Company name'),(2027,'Compare'),(1756,'Compare products'),(1488,'Compare your result with other servers'),(1669,'Complete'),(1769,'Complete billing address'),(607,'Completed'),(608,'Component'),(3387,'Conection with X-Payments is OK.'),(609,'Configuration'),(3339,'Configuration has been successfully deployed'),(1585,'Configure'),(610,'Configure _shipping methods_'),(2841,'Configure the Google Analytics module to view the advanced statistics'),(3381,'Configure your gateway'),(611,'Configure your store'),(146,'Confirm deletion'),(612,'Confirm password'),(2425,'Confirmation'),(1667,'Confirmation does not match'),(168,'Congratulations! Your order has been placed successfully'),(3382,'Connect'),(3384,'Connect to X-Payments. Do 3 easy steps.'),(3218,'Connect your store to MailChimp'),(3386,'Connected!'),(2686,'Connecting to the marketplace...'),(3374,'Connection'),(3388,'Connection failed!'),(3403,'Connection with X-Payments is OK.'),(3273,'Contact Skrill on ecommerce@skrill.com or by phone +44 203 308 2519'),(2948,'Contact us'),(21,'Contact us trial notice'),(613,'Contacts'),(614,'Content'),(2967,'Content page title'),(615,'Continue'),(1770,'Continue as guest'),(47,'Continue shopping'),(60,'Continue...'),(2630,'Convert failed transactions into real orders'),(3133,'Convert templates'),(101,'Copy'),(3542,'Copy Webhook URL and go to Account settings'),(616,'Copy file to local server'),(3330,'Copy the value of the Configuration field from X-Payments Online Store Details page, paste the string here and click Deploy. All the connection settings will be specified automatically.'),(102,'Copy to clipboard'),(99,'Copy to file system'),(1637,'Core version'),(617,'Core version: '),(2977,'Could not add the discount because another discount already exists for the specified subtotal range and membership level'),(2400,'Could not assign upgrade access level to your license keys'),(2978,'Could not update the discount because another discount already exists for the specified subtotal range and membership level'),(2742,'Couldn\'t download the banner {{value}} from URL'),(2632,'Couldn\'t download the image {{value}} from URL'),(1982,'Couldn\'t move X images. See log for details.'),(1981,'Couldn\'t move image X'),(1477,'Count'),(3488,'Counter - will return the regular price paid by retail consumers'),(618,'Countries'),(2244,'Countries information has been successfully updated'),(619,'Countries, states and zones'),(620,'Country'),(621,'Country is not selected'),(2819,'Coupon'),(2827,'Coupon cannot be combined with other coupons'),(622,'Coupon code'),(2797,'Coupon discount'),(2815,'Coupon discount can be limited to customers with these membership levels'),(2814,'Coupon discount can be limited to these product classes'),(623,'Coupons'),(624,'Create'),(626,'Create SQL file'),(627,'Create a backup'),(628,'Create account'),(629,'Create an account for later use'),(630,'Create category'),(2359,'Create label'),(631,'Create new account'),(1926,'Create new items and update existing items'),(3175,'Create news message'),(625,'Create profile'),(3442,'Create return'),(3499,'Create shipment'),(1272,'Create zone'),(632,'Created'),(3449,'Created on'),(3334,'Credit card'),(1749,'Credit card number'),(2243,'Credit card security code (if present)'),(1924,'Critical error'),(1461,'Critical errors have been detected in the files you are trying to import. Please correct the errors and try again.'),(1645,'Curl options'),(1644,'Curl version'),(633,'Currency'),(2132,'Current price for the selected configuration and quantity: X'),(2439,'Current template'),(2016,'Custom'),(634,'Custom CSS'),(90,'Custom HTML title'),(635,'Custom JavaScript'),(1934,'Custom attributes'),(636,'Custom images'),(1861,'Custom offline shipping'),(2490,'Custom table rates'),(637,'Custom translation'),(207,'Customer'),(2070,'Customer access level'),(3147,'Customer counter'),(2261,'Customer header'),(2134,'Customer information'),(3033,'Customer name'),(206,'Customer note'),(3059,'Customer reviews'),(2262,'Customer signature'),(2265,'Customer subject'),(2266,'Customer text'),(638,'Customer zip/postal code'),(1490,'Customer zone is closed for maintenance.'),(1850,'Customers'),(1851,'Customers imported'),(2933,'Customers who bought this product also bought'),(2934,'Customers who viewed this product bought'),(383,'DECEMBER'),(2558,'DHL'),(1950,'DM'),(3148,'Daily Pickup'),(1462,'Data has not been found'),(645,'Data have been deleted successfully'),(646,'Data have been saved successfully'),(647,'Database backup created successfully'),(1826,'Database restored successfully!'),(648,'Date'),(1738,'Date range'),(395,'Date range should less than %d days'),(394,'Date range should longer than %d days'),(2810,'Date when customers can start using the coupon'),(2811,'Date when the coupon expires'),(3359,'Date, time'),(2935,'Date: newest first'),(2936,'Date: oldest first'),(649,'Day'),(363,'Days'),(650,'Dear'),(301,'Dear X'),(651,'Dear customer'),(652,'Decline'),(2656,'Decline[TT]'),(653,'Declined'),(3574,'Declined URL'),(3400,'Declined amount'),(654,'Default'),(655,'Default customer address'),(1859,'Default for admins'),(656,'Default for customer zone and can not disabled or deleted'),(657,'Default for customer zone and cannot be disabled or deleted'),(1858,'Default for customers'),(2605,'Default image settings'),(658,'Default images settings'),(1520,'Default option'),(126,'Default tax class'),(1561,'Default value'),(420,'Default zone tooltip text'),(1068,'Default-sort-option'),(661,'Define classes'),(148,'Delete'),(157,'Delete Language'),(662,'Delete SQL file'),(2365,'Delete account'),(663,'Delete all'),(1559,'Delete all files'),(2570,'Delete filter option'),(59,'Delete item'),(664,'Delete profile'),(665,'Delete selected'),(666,'Delete selected profile'),(1465,'Delete temporary files after the import is completed'),(667,'Delete the image'),(668,'Delete this address?'),(3443,'Deliver to Post Office'),(50,'Delivery'),(3149,'Delivery confirmation - adult signature required'),(3150,'Delivery confirmation - no signature'),(3151,'Delivery confirmation - signature required'),(669,'Delivery methods'),(2482,'Delivery time'),(3446,'Delivery to Post Office'),(265,'Depending on the size of your data file, importing may take some time.'),(2046,'Deploy'),(42,'Description'),(3397,'Description of the card setup payment'),(1990,'Destination address'),(670,'Destination zone'),(671,'Details'),(2306,'Developers docs'),(3401,'Difference'),(3466,'Dimensions (cm)'),(672,'Directories and files permissions'),(344,'Directory X does not have permissions to write. Please set necessary permissions to directory X.'),(1856,'Directory does not have permissions to write'),(1649,'Directory is empty'),(153,'Disable'),(673,'Disable all modules in the system'),(674,'Disable suspicious modules'),(675,'Disabled'),(1554,'Disabled in catalog'),(156,'Disabled language can not be set as default for customer zone'),(1843,'Disabled language cannot be default.'),(676,'Disabled language cannot be set as default for customer zone'),(2054,'Disabled modules hooks message body'),(2053,'Disabled modules hooks message head'),(765,'Disables all addons except ones that are provided by X-Cart Team & Qualiteam (soft reset)'),(764,'Disables all addons except ones that are provided by X-Cart Team (hard reset)'),(1164,'Disables all modules except ones that were downloaded from marketplace (soft reset)'),(3546,'Disconnect'),(677,'Discount'),(678,'Discount amount'),(679,'Discount type'),(3284,'Discounted subtotal'),(3285,'Discounted subtotal + Shipping cost'),(680,'Display \'inc/ex VAT\' labels next to prices'),(2885,'Display the \"Buy Now with PayPal\" button'),(681,'Display type'),(1867,'Displays the number of labels translated to the language'),(682,'Do not close this page!'),(1686,'Do not replace selected files and ignore their newer versions'),(3492,'Do not safe drop'),(2078,'Do not see your payment method? Find it on our Marketplace'),(2687,'Do not see your payment method? Find it on our Marketplace\', {\'url\': url(\'addons_list_marketplace\', \'\', {\'tag\': \'Payment processing'),(2118,'Do not select anything if you want to make the product visible to all customers.'),(683,'Do not show at startup anymore'),(3005,'Do not show the filter'),(3393,'Do not use card setup'),(1464,'Do not verify images to increase speed of the process'),(3279,'Do you have questions?'),(2539,'Do you really want to close storefront?'),(684,'Do you really want to delete selected items?'),(3468,'Document'),(3450,'Documents'),(2589,'Does not match license type (requires {{list}} edition)'),(2906,'Don\'t have account yet?'),(3530,'Don\'t have account yet? Sign up for SagePay now!'),(3556,'Don\'t have an account?'),(3271,'Don\'t have an account? Sign up for free'),(685,'Dont have account yet?'),(1659,'Double quote'),(1930,'Download CSV files'),(686,'Download SQL file'),(1572,'Download all files in a single archive'),(2641,'Download error file'),(687,'Downloaded components'),(688,'Downloading updates'),(689,'Downloading updates, please wait...'),(690,'Drag and drop me to the bag'),(1463,'Drop existing items before import'),(691,'Drop items here to shop'),(692,'Drupal frontend'),(322,'Duplicated clean URL: X'),(270,'During the import was recorded X errors. You can get them by downloading the log files.'),(1757,'E-Mail'),(2871,'E-Mail address to receive PayPal payment'),(693,'E-mail'),(694,'E-mail is not defined yet'),(2923,'EACHRECEIVER'),(2559,'ETSY'),(1592,'Edit'),(1628,'Edit attribute'),(1550,'Edit attribute values'),(1496,'Edit attributes'),(695,'Edit charges for:'),(2442,'Edit custom options'),(158,'Edit label'),(159,'Edit labels'),(410,'Edit labels (X)'),(697,'Edit page'),(696,'Edit payment method data'),(1587,'Edit product'),(698,'Edit profile'),(426,'Edit rates (X)'),(3021,'Edit review'),(415,'Edit states (X)'),(349,'Edit subcategories (X)'),(3039,'Edit your review'),(3095,'Edited templates'),(311,'Editing attribute groups on this page won\'t affect other product classes which use these groups'),(699,'Email'),(700,'Email &amp; password'),(2782,'Email Address'),(224,'Email address'),(3274,'Email address of your Skrill account'),(1971,'Email again'),(701,'Email body'),(2257,'Email notifications'),(3222,'Email or login'),(702,'Email settings'),(1977,'Empty \"class\" parameter is passed to the {{method}}'),(154,'Enable'),(703,'Enable HTTPS'),(590,'Enable clean URL'),(642,'Enable clean URLs'),(3572,'Enable the Use Enhanced Cancel option.'),(2383,'Enable the option \"Assign entered Clean URL to this page anyway\" to dissociate the entered Clean URL from the page it is currently used for and assign it to the page of the object being edited.'),(2771,'Enable this if you would like us to use your shipping address as your billing address'),(704,'Enabled'),(2259,'Enabled for administrator'),(2260,'Enabled for customer'),(1553,'Enabled in catalog'),(352,'Enter OrderID or email'),(3495,'Enter Return # or Order #'),(709,'Enter X more characters to start search'),(190,'Enter a correct email'),(2382,'Enter a different Clean URL value for this page'),(2746,'Enter a keyword to search.'),(195,'Enter a negative number'),(192,'Enter a number'),(194,'Enter a positive number'),(191,'Enter an integer'),(2818,'Enter code'),(705,'Enter coupon code'),(354,'Enter date range'),(2853,'Enter description of the purchase that will be displayed on PayPal payment page.'),(3223,'Enter email address'),(2569,'Enter filter name'),(400,'Enter keyword'),(706,'Enter keywords'),(707,'Enter license key'),(1907,'Enter pattern here'),(2688,'Enter product name or SKU'),(1910,'Enter search pattern'),(708,'Enter shipping address'),(2852,'Enter the email address associated with your PayPal account.'),(1741,'Enter the shipping address to see delivery methods available to you'),(1771,'Enter your e-mail'),(30,'Enter your license key here'),(3123,'Entity was successfully saved'),(710,'Environment'),(711,'Environment info'),(712,'Error'),(591,'Error code explanation:'),(3344,'Error had occured during the requesting of payment methods from X-Payments. See log files for details.'),(2743,'Error of banner loading. Make sure the \"images\" directory has write permissions.'),(2193,'Error of image loading. Make sure the \"images\" directory has write permissions.'),(2633,'Error of image verification ({{value}}). Make sure you have specified the correct image file or URL.'),(1822,'Error of uploading file.'),(3124,'Error on saving image'),(2639,'Errors'),(713,'Estimate shipping cost'),(714,'Estimate your server performance'),(715,'Estimated for'),(36,'Evaluation notice'),(716,'Everything you need'),(1726,'Exact phrase'),(717,'Example'),(430,'Example city'),(718,'Examples'),(719,'Exception'),(2479,'Existing Avalara user?'),(1743,'Existing Customer?'),(3118,'Exit editor'),(2373,'Exp. date'),(720,'Expand the functionality of your store by installing and using add-on modules'),(1873,'Expanded view'),(1751,'Expiration date'),(358,'Expired'),(721,'Export'),(2689,'Export all'),(1579,'Export cannot be started because it is disabled or there is another running export process'),(1573,'Export completed'),(1577,'Export failed'),(1580,'Export in CSV'),(1578,'Export not started'),(2543,'Export orders'),(2092,'Export product data with'),(722,'Export products'),(1568,'Export public files as'),(1567,'Export settings'),(343,'Exported in X'),(1574,'Exporting data...'),(723,'Extensions'),(373,'FEBRUARY'),(369,'FR'),(3179,'FREE'),(3181,'FREE SHIPPING'),(2448,'FREE quote'),(2552,'FREE trial'),(724,'Facebook'),(725,'Failed'),(726,'Failed to add detailed image'),(727,'Failed to add the attachment'),(728,'Failed to add the attachment. The file download is forbidden'),(1834,'Failed to update category image'),(2953,'Failed to update page image'),(1855,'Failed write to file'),(345,'Failed write to file X. There may not be enough disc-space. Please check if there is enough disc-space.'),(729,'Failed/Declined'),(2610,'Failed[S]'),(1680,'Failure'),(1747,'Failure reason:'),(3141,'Failure to convert flexy-template. Check for syntax errors'),(1538,'Failure: File has the wrong format.'),(3226,'Fast Lane checkout'),(2950,'Favicon'),(1614,'Fax'),(2836,'Featured'),(730,'Featured products'),(2560,'FedEx'),(2837,'FedEx module allows to use online shipping rates calculation via FedEx.'),(731,'Field is required!'),(2662,'File can not be uploaded'),(2357,'File is not an image'),(2358,'File is not uploaded'),(1814,'File not found'),(290,'File size exceeds the maximum size'),(732,'File title'),(2690,'File was successfully uploaded'),(3437,'File with certificate should be located in the directory {{certsDir}}'),(2530,'Files cannot be updated'),(3549,'Fill out the form with your Company info to setup your account and start processing payments immedately'),(2573,'Filter has been removed'),(2572,'Filter has been successfully saved'),(2417,'Filter transactions by status'),(1908,'Find countries'),(2079,'Find in Marketplace'),(1245,'Find language in marketplace'),(1909,'Find states'),(2415,'Find transactions by ID'),(733,'Find us on'),(734,'Find us on Facebook'),(2476,'Finished operating as user'),(735,'First name'),(3227,'Firstname'),(736,'Flat markup'),(2516,'Flat shipping charge per item ordered.'),(2518,'Flat shipping charge per weight unit ordered (for example, per pound or per kilogram - depending on the weight units used by your store).'),(2515,'Flat shipping charge. This value will be added to the shipping rate regardless of the weight, price and number of items ordered.'),(3136,'Flexy templates have been removed'),(3128,'Flexy to twig converter'),(3129,'Flexy-template'),(3143,'Flexy-to-twig converter warning'),(737,'Footer menu'),(1974,'For any emergency you can use the hard, soft and restore-state links'),(1635,'For details refer to'),(19,'For details refer to X-Cart license'),(738,'For the period'),(2050,'Force customer to choose product options before the product can be added to cart'),(1724,'Forgot password'),(739,'Forgot password?'),(1494,'Forgot your password?'),(740,'Format'),(2242,'Four-digit number on the front side of your card'),(55,'Free'),(741,'Free add-ons'),(2108,'Free license is activated successfully'),(2113,'Free license key for this email is already registered'),(3180,'Free shipping'),(3184,'Free shipping tooltip text'),(3191,'Freight'),(3190,'Freight fixed fee'),(742,'From'),(96,'From computer'),(747,'From email'),(1774,'Front page'),(2783,'Full Name'),(748,'Full description'),(749,'Full name'),(1963,'G'),(750,'General'),(751,'General Settings'),(752,'General info'),(753,'General settings'),(3286,'General tax rates'),(2997,'Generate cache on the fly'),(2300,'Generate resized images'),(2301,'Generate resized images help text'),(2984,'Generate sitemap'),(1545,'Get CSV'),(2976,'Get X off for order amount over Y'),(2661,'Get a more customizeable PDF invoice solution for your store'),(2658,'Get a more powerful banner system for your store'),(2654,'Get information[TT]'),(2491,'Get shipping rates from major shipping carrier companies.'),(754,'Give buyers a way to pay by adding an alternative payment method.'),(755,'Give buyers another way to pay by adding an alternative payment method'),(1831,'Global'),(2093,'Global & Classes attributes'),(1830,'Global attributes'),(756,'Go to Marketplace'),(757,'Go to checkout'),(38,'Go to checkout as a New customer'),(3212,'Go to comparison table'),(3368,'Go to payment details page'),(3543,'Go to your account settings on www.stripe.com'),(53,'Grand total'),(2756,'Greeting'),(180,'Greetings, X'),(758,'Grid'),(759,'Group options'),(2205,'Group {{value}} does not exists and will be created'),(3196,'Guide to AuctionInc ShippingCalc Settings'),(3566,'HPP Key'),(760,'HTML title (\'title\' tag)'),(761,'HTTPS check'),(1846,'HTTPS option has been disabled'),(1845,'HTTPS option has been successfully enabled'),(762,'HTTPS settings'),(2486,'Handling fee'),(1711,'Hard reset (disables all modules and runs application)'),(2389,'Hash file for installed entry \"{{entry}}\" doesn\'t exist or is not readable'),(766,'Have a discount coupon?'),(2789,'Have more coupons?'),(2550,'Haven\'t found what you\'re looking for? View more shipping modules'),(2758,'Header'),(2754,'Header, greeting & signature'),(1994,'Height'),(767,'Height (px)'),(235,'Hello, user'),(113,'Help'),(768,'Help zone'),(769,'Here are shown only the methods enabled on the configuration page'),(770,'Here you can define how your payment methods will look in customer area'),(1499,'Here you can define how your payment methods will look in customer area.'),(2510,'Here you can provide general information about the shipping method and configure a table defining how shipping rates for this method should be calculated.'),(3001,'Hidden from products filter'),(771,'Hide'),(3555,'Hide \"How to use\" instruction'),(2638,'Hide all warnings/errors'),(2691,'Hide and make them available only via a direct link'),(772,'Hide trailing zeros in fractional part'),(3214,'High - Low'),(773,'History'),(774,'Home'),(2748,'Hotfixes mode'),(2458,'How do I move X-Cart?'),(3054,'How do you rate this item?'),(775,'How to back up your store database'),(2511,'How to define shipping rates'),(776,'How to define shipping zones'),(2386,'Human readable and SEO friendly web address for the page.'),(186,'I accept Terms and Conditions'),(2890,'I agree with PayPal terms & conditions'),(2231,'I confirm that I have created backups of my store\'s files and database before upgrading the store'),(3338,'I want to use this credit card for my future orders in this shop.'),(1951,'IN'),(2869,'IPN HTTP error'),(2868,'IPN verification failed'),(777,'Icons'),(778,'Identity'),(779,'If there are some critical errors occurred you can do the following'),(780,'If you choose the second option, you can download the file from the server later on and delete it from the server by clicking on the \'Delete SQL file\' button.'),(1504,'If you choose to create SQL file, you will be able to download the file from the server later and after that delete it from the server by clicking on the \"Delete SQL file\" button.'),(781,'If you do not have an account, you can easily'),(782,'If you don\'t have a moneybookers account yet, please sign up for a free moneybookers account at: http://www.skrill.com'),(783,'If you have a license key for a commercial module, you can enter it here to register the purchase of the appropriate module.'),(784,'If you have a plugin in the .tar format, you can install it by uploading it here'),(1517,'If you have multiple products sharing the same set of attributes, it makes sence to make them to be of the same product type and create the attributes on the product type level.'),(2445,'If you purchased a template but do not see it here, activate the license key that was provided to you.'),(299,'If you store product images in the database, they are included in the SQL dump file'),(2828,'If you want the coupon discount to be applied only to products from specific categories, specify these categories here.'),(3480,'If you want to enable merchant registration wizard once again, please click on the following link'),(1979,'If your store is crashed after upgrade, you can recover it'),(2692,'Ignore membership'),(785,'Image'),(198,'Image X'),(786,'Image border will not be displayed in customer\'s frontend'),(2086,'Image resized: X out of Y'),(2090,'Image resized: X out of Y with errors'),(127,'Images'),(2298,'Images resized'),(2314,'Images resized: {{count}}'),(3576,'Immediate Charge'),(787,'Import'),(788,'Import / Export'),(1474,'Import by CSV'),(789,'Import from file'),(2091,'Import has been cancelled.'),(2361,'Import language'),(1911,'Import language from CSV file'),(266,'Import mechanism does not know the field of X and it can not be imported'),(1925,'Import mode'),(1928,'Import mode comment'),(3318,'Import payment methods'),(2693,'Import results'),(1466,'Import settings'),(790,'Import/Export'),(2322,'Import/Export guide'),(791,'Important'),(3355,'Important!'),(2292,'Imported'),(2293,'Importing data...'),(263,'Importing will overwrite the existing product information. This operation cannot be undone.'),(2218,'In advanced mode you can choose specific modules for upgrade.'),(792,'In category'),(1500,'In order to accept credit cards payments you should install the necessary payment module from our Marketplace.'),(2606,'In progress[S]'),(793,'In stock'),(2996,'In stock only'),(3452,'In store currency (0 - do not use coverage)'),(2388,'In this section you can review the recent payment transactions that have taken place at your store'),(794,'Inactive'),(2588,'Inactive license key ({{key}})'),(795,'Incl. X'),(3299,'Include response in hash'),(256,'Including X'),(1531,'Including subcategories'),(1668,'Incomplete'),(796,'Incompleted'),(287,'Incorrect owner of X directory'),(289,'Incorrect owner of X file'),(2424,'Incorrect password. Please try again.'),(2668,'Incorrect permissions'),(3287,'Individual settings for every rate'),(2694,'Info'),(2114,'Information about free license key has been sent'),(2607,'Initialized[S]'),(2695,'Initializing...'),(797,'InnoDB engine support enabled'),(2065,'Input data'),(798,'Install'),(799,'Install add-on'),(2739,'Install anyway'),(1913,'Install modules'),(800,'Install updates'),(2363,'Installation date'),(801,'Installation directory'),(2465,'Installation warnings'),(802,'Installed'),(803,'Installed Modules'),(804,'Installed modules'),(1605,'Installed version'),(805,'Installing updates, please wait...'),(2548,'Integration with'),(806,'Invalid login or password'),(3240,'Inventory'),(1847,'Inventory has been successfully updated'),(807,'Inventory status'),(808,'Inventory tracking'),(809,'Inventory tracking for this product is'),(2696,'Inventory tracking is'),(2117,'Inventory tracking options'),(810,'Invoice'),(1783,'Invoice #{{orderId}}, {{time}}'),(214,'Invoice X'),(1999,'Invoice number prefix'),(1752,'Issue no'),(811,'It is impossible to delete or create user accounts because your store currently works as an integration with Drupal and shares users with Drupal. Deleting/creating user accounts is possible via Drupal administrator interface.'),(812,'It is impossible to edit some user profile fields because your store currently works as an integration with Drupal and shares users with Drupal. Modifying these fields is possible via Drupal administrator interface.'),(1454,'It\'s impossible to detect valid SSL certificate availability on your server because curl extension is not installed.'),(3269,'It\'s recommended to limit the length of invoice prefix to 9 characters'),(1874,'Item'),(813,'Item description'),(814,'Item has been deleted from cart'),(1793,'Item has not been deleted from cart'),(2747,'Item list'),(815,'Item name'),(2165,'Item not found ({{keys}})'),(220,'Items'),(816,'Items per page'),(2501,'Items range'),(372,'JANUARY'),(378,'JULY'),(377,'JUNE'),(817,'Join forces with your bank'),(818,'K'),(1962,'KG'),(3363,'KOUNT Antifraud screening result'),(1429,'Key is validated, but the module X was not found'),(114,'Knowledge Base'),(1960,'LB'),(1868,'Label'),(144,'Label name'),(1860,'Labels'),(819,'Language'),(820,'Language labels'),(151,'Language name in X'),(108,'Language options'),(1534,'Language:'),(112,'Languages'),(1692,'Last 24 hours'),(1693,'Last 7 days'),(821,'Last logged in'),(822,'Last login'),(1694,'Last month'),(823,'Last name'),(2241,'Last three numbers on the back side of your card'),(2392,'Last week'),(2394,'Last year'),(3228,'Lastname'),(2888,'Launch PayPal'),(2154,'Layout'),(3112,'Layout editor'),(3121,'Layout editor allows you to change the position of the blocks in drag-n-drop fashion'),(3113,'Layout editor is'),(3120,'Layout editor is disabled'),(3119,'Layout editor is enabled'),(2449,'Layout has been changed. Review the updated storefront.'),(2441,'Layout type'),(2250,'Learn More'),(3491,'Leave at door'),(2438,'Leave blank to use category name as Page Title.'),(3178,'Leave blank to use news title as Page Title.'),(2968,'Leave blank to use page name as Page Title.'),(2426,'Leave blank to use product name as Page Title.'),(1992,'Length'),(1521,'Length x Width x Height'),(2697,'Length x Width x Height (in)'),(1729,'Less search options'),(3152,'Letter center'),(20,'License activation is not available'),(1435,'License is not received'),(2372,'License key'),(2369,'License key has been successfully verified and activated for \"{{name}}\" module by \"{{author}}\" author. But this key has expired and do not allow upgrade store.'),(824,'License key has been successfully verified for \"{{name}}\" module by \"{{author}}\" author'),(2591,'License key is missing'),(2587,'License warning'),(2362,'License: trial version'),(825,'Lifetime'),(2805,'Limit number of uses'),(826,'Limit the number of uses'),(2083,'Lines checked: X out of Y'),(2084,'Lines imported: X out of Y'),(2088,'Lines imported: X out of Y with errors'),(2087,'Lines verified: X out of Y with errors'),(827,'Link'),(828,'List'),(829,'List of states'),(1940,'Live'),(2023,'Live mode'),(1825,'Loading the database from file .'),(830,'Loading...'),(831,'Localization'),(2031,'Locked'),(2353,'Log files not found'),(832,'Log in'),(2660,'Log in as this admin'),(246,'Log off'),(833,'Log out'),(834,'Logged as'),(2960,'Logged in users only'),(245,'Logged in!'),(835,'Login'),(1744,'Login Here'),(2356,'Login dates'),(836,'Login here'),(837,'Login history'),(2698,'Login is locked out'),(2972,'Login with'),(1877,'Login/E-mail'),(2949,'Logo'),(2962,'Logo & Favicon'),(838,'Look & Feel'),(1639,'Loopback test'),(3215,'Low - High'),(327,'Low inventory products'),(839,'Low limit notification for this product is'),(840,'Low limit quantity'),(841,'Low stock'),(2393,'Low stock info'),(3253,'Low stock notification to admin'),(3252,'Low stock warning on product page'),(842,'M'),(374,'MARCH'),(376,'MAY'),(3297,'MD5 hash value'),(1948,'MM'),(365,'MO'),(2237,'MONTH'),(3470,'Mailing tube'),(132,'Main categories'),(843,'Maintenance'),(844,'Maintenance and operation'),(2434,'Make a discount available to all customers or only to specific membership levels;'),(845,'Make back-up of your store database'),(1823,'Making backup of the current database state ... '),(853,'Manage admins'),(1820,'Manage attribute groups'),(846,'Manage catalog'),(847,'Manage categories'),(350,'Manage category (X)'),(848,'Manage customer and administrator accounts'),(1630,'Manage groups'),(849,'Manage layout'),(850,'Manage orders'),(851,'Manage orders placed at your store'),(1516,'Manage product classes'),(852,'Manage users'),(854,'Manage your product inventory'),(2699,'Manage zones'),(855,'Mandatory fields are marked with an asterisk'),(3461,'Manifest ID'),(3460,'Manifests'),(3008,'Manual'),(856,'Manually defined shipping methods'),(857,'Mark, the search engines you want to inform of the structure of your site using the site map'),(858,'Market price'),(2700,'Marketing'),(859,'Marketplace'),(860,'Marketplace [check_addon_key]: the \"{{url}}\" URL requested'),(861,'Marketplace [check_for_updates]: the \"{{url}}\" URL requested'),(862,'Marketplace [check_for_updates]: valid response received'),(863,'Marketplace [get_hosting_score]: response has an invalid format'),(864,'Marketplace [get_hosting_score]: the \"{{url}}\" URL requested'),(2225,'Marketplace-Vendor'),(865,'Markup per item'),(866,'Markup per weight unit'),(1725,'Max'),(2751,'Maximum items in box'),(1522,'Maximum number of items per box'),(2806,'Maximum number of uses'),(2801,'Maximum order subtotal must be greater than minimum order subtotal'),(2813,'Maximum order subtotal the coupon can be applied to'),(284,'Maximum size of the file to upload is N'),(1821,'Measuring productivity in manual mode failed.'),(867,'Membership'),(868,'Membership access'),(869,'Membership levels'),(870,'Membership name'),(871,'Memberships'),(2029,'Menu'),(2952,'Menu links help text'),(872,'Menus'),(2858,'Merchant login'),(3478,'Merchant registration wizard'),(213,'Merge with Registered'),(873,'Message'),(2780,'Message has been sent'),(94,'Meta desc'),(874,'Meta description'),(875,'Meta keywords'),(93,'Meta tags'),(2346,'Method name'),(876,'Methods'),(2800,'Minimum order subtotal must be less than maximum order subtotal'),(2812,'Minimum order subtotal the coupon can be applied to'),(2701,'Minimum value is X'),(1519,'Modifiers'),(877,'Modify'),(878,'Modify \"{{name}}\" option group'),(879,'Modify category'),(880,'Modify option groups exceptions'),(881,'Modify root category (the front shop page)'),(2321,'Module Marketplace. Terms of use'),(140,'Module available editions 3'),(141,'Module available editions 4'),(882,'Module has been successfully installed'),(1816,'Module packing is available in the DEVELOPER mode only. Check etc/config.php file'),(2331,'Module page'),(1449,'Module with ID X is not found'),(1610,'Module\'s page'),(2702,'Modules'),(883,'Modules Marketplace'),(1440,'Modules have been successfully installed'),(1848,'Modules license agreements'),(391,'Month'),(1764,'More'),(1915,'More actions for selected'),(884,'More add-ons'),(2538,'More attributes'),(885,'More details'),(1980,'More info is available in X-Cart\'s Knowledge Base article \'What to do if you cannot access your store...\''),(592,'More information about clean urls in X-Cart is available in '),(644,'More information on Clean URL problems on your system'),(1730,'More search options'),(886,'Most Popular'),(887,'Most Rated'),(888,'Move'),(3505,'Move item'),(3250,'Move to'),(1956,'Mr.'),(1958,'Mrs.'),(1957,'Ms.'),(2844,'Multiple top-level domains'),(3158,'Mutual link'),(889,'My account'),(890,'MySQL server'),(136,'N it.'),(106,'N items found'),(135,'N items total'),(382,'NOVEMBER'),(891,'Name'),(1865,'Name asc'),(1866,'Name desc'),(892,'Name of address field'),(893,'Name of bank at which account is maintained'),(894,'Name of purchaser'),(895,'Name under which the account is maintained at the bank'),(1515,'Name, e.g. Apparel'),(1018,'Name-sort-option'),(152,'Native language name'),(2898,'Near \"Add to cart\" button'),(2899,'Near \"Checkout\" button'),(32,'Need a license key?'),(2447,'Need custom design? We can modify this template or create a completely unique design for you'),(1632,'Need license key?'),(1501,'Need more payment methods?'),(896,'Never'),(1564,'New Export'),(2333,'New access codes were generated.'),(897,'New access key will also be sent to the Site administrator\'s email address'),(2312,'New account'),(1493,'New address'),(898,'New address field'),(2937,'New arrivals'),(1629,'New attribute'),(130,'New category'),(2621,'New customer note'),(899,'New discount coupon'),(1563,'New group'),(900,'New image'),(3110,'New images'),(1460,'New import'),(901,'New item'),(121,'New membership'),(2057,'New module version available for core versions X'),(2396,'New modules'),(3167,'New news message'),(902,'New page'),(3506,'New parcel'),(903,'New product class'),(904,'New product has been added successfully'),(3081,'New product reviews'),(905,'New rate'),(906,'New role'),(1709,'New safe mode access key has been generated'),(3288,'New sale tax rate'),(2131,'New staff note'),(2986,'New tab'),(1271,'New tax class'),(2478,'New to Avalara?'),(37,'New to our store?'),(1690,'New user registered'),(1562,'New value'),(176,'New zone has been created successfully'),(2938,'New!'),(907,'Newest'),(908,'Newest first'),(3168,'News'),(3166,'News message'),(3165,'News messages'),(3176,'News page title'),(3177,'News title'),(909,'Next'),(3172,'Next news'),(910,'Next page'),(45,'Next product'),(89,'Next wizard'),(911,'No'),(1369,'No Curl extension for PHP error'),(1370,'No OpenSSL extension for PHP error'),(1368,'No Phar extension for PHP error'),(2546,'No accounting system has been selected yet. Choose your accounting system below and configure it.'),(3372,'No active X-Payments payment methods, or saving credit cards is not activated.'),(3404,'No addresses for the profile.'),(1529,'No attributes'),(1631,'No attributes are defined for the product class yet.'),(1530,'No attributes assigned'),(1806,'No category defined'),(2105,'No class'),(3153,'No confirmation'),(912,'No countries found'),(1946,'No delimiter'),(3447,'No events found'),(913,'No featured products defined for this category'),(3135,'No flexy-templates found.'),(1528,'No group'),(914,'No image'),(915,'No images uploaded'),(2337,'No items found'),(916,'No items found.'),(3524,'No items have been selected for return.'),(402,'No membership'),(917,'No merchant account required'),(502,'No merchant account required. Simple onboarding for you and easy checkout for your customers.'),(2338,'No model selected'),(1601,'No modules found'),(107,'No modules found for search_string'),(918,'No order have been placed yet'),(334,'No order on last day'),(337,'No order on last lifetime'),(336,'No order on last month'),(335,'No order on last week'),(338,'No orders'),(919,'No orders have been placed yet'),(111,'No other languages defined'),(1796,'No payment method selected'),(1797,'No payment methods found based on the selected criteria'),(920,'No payment modules installed'),(1514,'No product class assigned'),(1603,'No products found'),(2993,'No products matching your criteria found. Please try again with different parameters.'),(921,'No products sold yet'),(1604,'No profiles found'),(2275,'No promotion modules installed'),(2459,'No region'),(2745,'No results found.'),(3068,'No reviews.'),(922,'No states found'),(1495,'No such user'),(923,'No tax rate defined'),(1152,'No tracking numbers are defined'),(1602,'No users found'),(924,'Non-administrator'),(237,'None'),(1641,'Not detected'),(1975,'Not enough disk space. Required: {{req}} (+{{reserve}} reserve). Available: {{avail}}'),(925,'Not finished'),(926,'Not numeric'),(3069,'Not rated yet'),(2544,'Not seeing your accounting software here? Let us know'),(1546,'Not selected'),(3251,'Not set'),(3483,'Not specified'),(927,'Note'),(3373,'Note: No payment methods here because the module is not configured. Please finalize settings at '),(1991,'Note: a new window will be opened'),(928,'Notes'),(2270,'Notification'),(2305,'Notification headers and signatures can be set using variables. A list of supported variables and their respective values is provided in the table below'),(2761,'Notification state'),(2635,'Notify administrator if the stock quantity of this product goes below a certain limit'),(2146,'Notify customer'),(1676,'Now disabled'),(1536,'Number of ignored rows:'),(381,'OCTOBER'),(1621,'OR'),(1961,'OZ'),(2924,'Obtaining your live PayPal credentials'),(929,'Off'),(930,'Official website'),(931,'Offline methods'),(3560,'Ogone PSPID'),(3564,'Ogone settings note'),(3563,'Ogone signup'),(3352,'Ok'),(2620,'Old customer note'),(932,'Old price'),(2130,'Old staff note'),(933,'On'),(934,'On all catalog pages'),(3154,'On call air'),(3474,'On delivery'),(3473,'On exception'),(3060,'On moderation'),(935,'On product details only'),(2947,'On sale'),(3472,'On shipment'),(2755,'On this page you can edit the header, greeting and signature used by all the email notifications sent by your store (separately for admin and customer users).'),(3200,'On-demand'),(1260,'Once links are regenerated, they will be sent to store administrator email.'),(3327,'Once the connection is verified, you should proceed to the'),(3229,'One Page checkout'),(2158,'One column'),(2843,'One domain with multiple subdomains'),(3155,'One time pickup'),(936,'Online catalog structure setup'),(442,'Online methods'),(2076,'Online orders'),(2636,'Only X left in stock'),(3065,'Only customers who purchased this product can leave feedback on this product'),(124,'Only disabled'),(123,'Only enabled'),(1815,'Only enabled modules can be packed'),(937,'Only small letter, digits and undescore sign are allowed'),(1884,'Open'),(938,'Open Graph meta tags'),(3385,'Open X-Payments dashboard to configure'),(2964,'Open graph image'),(939,'Open graph tags'),(940,'Open storefront'),(3378,'Open your X-Payments dashboard'),(2472,'Operate as user'),(941,'Operating system'),(942,'Option group'),(3266,'Option values has been successfully updated.'),(2703,'Options'),(943,'Options have been successfully changed'),(2327,'Options:'),(3331,'Or fill in the settings manually'),(2910,'Or register with'),(2909,'Or sign in the classic way'),(2913,'Or use your social account'),(944,'Order'),(945,'Order #'),(272,'Order #X, Y'),(1906,'Order #{{id}}'),(1916,'Order #{{id}} details'),(946,'Order ID'),(2582,'Order QTY'),(947,'Order Total'),(306,'Order Total X'),(273,'Order X'),(1475,'Order by'),(1772,'Order can not be placed because not all required fields are completed. Please check the form and try again.'),(3234,'Order cannot be placed because some steps are not completed'),(2704,'Order cannot be placed because there is no shipping methods available.'),(2147,'Order changes cannot be saved due to negative total value'),(2619,'Order customer notes changed by {{user}}'),(2579,'Order date'),(948,'Order date from'),(949,'Order date through'),(950,'Order details'),(2364,'Order failed'),(1871,'Order history'),(951,'Order id'),(2870,'Order id prefix'),(325,'Order is placed'),(2141,'Order item attributes are out-of-date and cannot be edited'),(952,'Order items'),(1795,'Order not found'),(953,'Order note'),(3230,'Order note. Any special needs?'),(1737,'Order number'),(2705,'Order number or email'),(1723,'Order payment'),(2062,'Order payment status changed from {{oldStatus}} to {{newStatus}}'),(3302,'Order prefix'),(954,'Order review'),(2063,'Order shipping status changed from {{oldStatus}} to {{newStatus}}'),(2618,'Order staff notes changed by {{user}}'),(955,'Order statistics'),(956,'Order status'),(2048,'Order status changed from {{oldStatus}} to {{newStatus}}'),(3405,'Order status mapping rules'),(1149,'Order tracking information'),(2142,'Order will be delivered to the billing address.'),(2678,'OrderBy position number must be specified as a non-negative integer.'),(3502,'Ordered qty'),(957,'Orders'),(958,'Orders count'),(2585,'Orders has been deleted successfully'),(2315,'Orders list'),(2565,'Origin address'),(234,'Other'),(171,'Other items'),(119,'Our Blog'),(1762,'Out of Stock'),(959,'Out of stock'),(3471,'Oversized'),(1643,'PHP \'gd\' extension is not installed.'),(3459,'PO Number'),(1051,'PO number'),(2077,'POS orders'),(2925,'PRIMARYRECEIVER'),(960,'Pack it'),(1616,'Package'),(2014,'Package dimensions (inches)'),(2009,'Package properties'),(1986,'Package subtotal'),(1987,'Package subtotal (X)'),(1984,'Package weight'),(1985,'Package weight (X)'),(2013,'Packaging'),(2578,'Packing date'),(2576,'Packing slip'),(961,'Page'),(962,'Page URL'),(963,'Page name'),(964,'Page not found'),(965,'Pages'),(966,'Paid'),(3453,'Parcel'),(3462,'Parcel characteristics'),(3494,'Parcel is cannot be transmitted - wrong quote type'),(3493,'Parcel is cannot be voided or transmitted - wrong quote type'),(3451,'Parcel options'),(3467,'Parcel type'),(3511,'Parcels have been successfully updated'),(967,'Parent category'),(361,'Partially refunded'),(2856,'Partner name'),(225,'Password'),(385,'Past'),(3545,'Past Webhook URL to the field and press Create Webhook URL button'),(3106,'Path for using in custom CSS'),(968,'Pattern search'),(3577,'Pay with Amazon'),(3336,'Pay with previously used credit card'),(2915,'PayPal'),(2900,'PayPal API (Merchant API) will work for most merchants; however, some merchants may have access only to Payflow API.'),(2889,'PayPal Credit is'),(2851,'PayPal ID / Email'),(2891,'PayPal account email'),(501,'PayPal all-in-one solutions'),(2860,'PayPal recommends entering a User Login here instead of your Merchant Login'),(3578,'PayWithAmazon available actions'),(2919,'PayerID value was not returned by PayPal. Please try again. If the problem persists, contact the administrator.'),(2878,'Payflow API'),(2777,'Payment'),(975,'Payment data ({{method}})'),(969,'Payment gateways'),(2903,'Payment has been captured successfully'),(2901,'Payment has been refunded successfully'),(2902,'Payment has been voided successfully'),(970,'Payment info'),(3402,'Payment information'),(971,'Payment instructions'),(2318,'Payment is not required'),(972,'Payment method'),(974,'Payment method data'),(3394,'Payment method for card setup'),(2463,'Payment method has been added'),(1819,'Payment method has been added successfully'),(319,'Payment method has been disabled successfully'),(318,'Payment method has been enabled successfully'),(320,'Payment method has been removed successfully'),(321,'Payment method has not been configured properly'),(2278,'Payment method is disabled'),(2277,'Payment method is enabled'),(2354,'Payment method settings'),(2464,'Payment method was not added'),(973,'Payment methods'),(315,'Payment methods appearance description'),(3392,'Payment methods have been imported successfully'),(3535,'Payment processed with errors. Please, try again or ask administrator'),(3432,'Payment return page requested without expected parameters'),(976,'Payment settings'),(2058,'Payment status'),(977,'Payment transaction ID'),(308,'Payment transaction X issued'),(978,'Payment transactions'),(307,'Payment was not finished'),(979,'Payments'),(2877,'Paypal API'),(2876,'Paypal API solution'),(2926,'Paypal Credit'),(2917,'Paypal capture warning message'),(980,'Pending'),(241,'Pending membership'),(981,'Pending memberships'),(2609,'Pending[S]'),(982,'Per item markup'),(983,'Per weight unit markup'),(984,'Percent'),(2979,'Percent discount value cannot exceed 100%'),(985,'Percent markup'),(986,'Percent off'),(987,'Perform order search'),(988,'Performance'),(2799,'Period end date must be later than period start date'),(2798,'Period start date must be sooner than period end date'),(989,'Permissions'),(990,'Permissions checking failed'),(991,'Personal info'),(1287,'Personal info: The new password must not coincide with the current password for your account.'),(992,'Phone'),(993,'Pick address from address book'),(3094,'Pick template from page element'),(2850,'Pin It'),(994,'Place order'),(188,'Place order X'),(2125,'Placed by NAME EMAIL'),(2124,'Placed by _NAME_ EMAIL'),(1620,'Placed on'),(2123,'Placed on DATE'),(304,'Placed on X by Y'),(305,'Placed on X by Y link'),(1869,'Plain field'),(1599,'Please'),(995,'Please accept the Terms and Conditions to continue'),(3213,'Please add another product to comparison'),(996,'Please choose the appropriate action'),(1537,'Please confirm if you want proceed with the import otherwise cancel the operation.'),(1252,'Please contact the module developers to make sure that these modules are compatible with the upcoming upgrade'),(2066,'Please create a new password'),(997,'Please enable JavaScript in your web browser.'),(2779,'Please enter the correct captcha'),(1664,'Please enter the correct file location or set correct file permissions.'),(3533,'Please enter your encryption password (This is different from your merchant password). More info on encryption passwords is available <here>'),(998,'Please identify yourself'),(1485,'Please make sure that \"min weight\", \"min total\", \"min items\", \"shipping zone\", \"shipping method\" fields do not overlap with other shipping rates.'),(1543,'Please make sure your file format is as described.'),(3476,'Please note that rates are calculated for shipping from Canadian locations only.'),(999,'Please note that some of these modules are definitely incompatible with the upcoming upgrade and will be disabled in order to prevent the system crash'),(2311,'Please note that the following modules will also be enabled'),(1000,'Please run the benchmark test in order to estimate your server performance'),(1001,'Please save the soft reset and hard reset links so that you can use them later in case the website crash happens'),(399,'Please select a date range'),(398,'Please select a date range between %d and %d days'),(397,'Please select a date range less than %d days'),(396,'Please select a date range longer than %d days'),(1002,'Please select one'),(404,'Please select one ...'),(1789,'Please select other attribute'),(2245,'Please select the countries first'),(2584,'Please select the orders first'),(1775,'Please select the products first'),(3078,'Please select the reviews first'),(2112,'Please select the states first'),(3037,'Please sign in to add review'),(160,'Please specify a pattern to find the required labels'),(1431,'Please specify non-empty key'),(139,'Please specify text labels for each language'),(2219,'Please take your attention that it is not guaranteed the correct site operation after upgrade if you select to not upgrade all.'),(2706,'Please wait'),(232,'Please, clarify your search request or search in Marketplace'),(231,'Please, clarify your search request. Suggest your idea or contact us to get free quote for custom service'),(1671,'Please, enter a valid IP address'),(1670,'Please, enter a valid e-mail address'),(1654,'Please, enter unique membership name'),(1581,'Please, make sure that the following modules are installed and enabled:'),(1609,'Popularity'),(1003,'Pos'),(1004,'Pos.'),(1005,'Pos.:'),(1006,'Position'),(2101,'Possible import file names are:'),(2103,'Possible reasons of data not found in import file'),(1989,'Postal Code'),(1995,'Postal/ZIP Code'),(1009,'Pre upgrade disabled modules hooks message body'),(1012,'Pre upgrade disabled modules hooks message footer'),(1008,'Pre upgrade disabled modules hooks message head'),(2529,'Pre-upgrade hooks cannot be run'),(1011,'Pre-upgrade off'),(1010,'Pre-upgrade on'),(1007,'Prefix'),(2104,'Premium license modules warning'),(1013,'Prev'),(1511,'Preview product page'),(389,'Previous'),(3171,'Previous news'),(1014,'Previous page'),(44,'Previous product'),(229,'Price'),(3241,'Price and membership'),(1863,'Price asc'),(1864,'Price desc'),(1015,'Price modifier'),(2995,'Price range'),(1017,'Price-sort-option'),(1016,'Price: Not a numeric'),(2707,'Prices & Inventory'),(3303,'Pricing currency'),(1019,'Primary menu'),(1941,'Print'),(2551,'Print Shipping labels'),(1020,'Print invoice'),(2577,'Print packing slip'),(1942,'Print selected'),(2052,'Priority'),(2004,'Private'),(1469,'Proceed import'),(2772,'Proceed to payment'),(189,'Proceed to payment X'),(1021,'Processed'),(1022,'Processed/Completed'),(2297,'Processing products...'),(3017,'Product'),(1717,'Product ID'),(1023,'Product Name'),(1024,'Product SKU'),(1025,'Product Title'),(1026,'Product added to bag'),(2096,'Product attributes values'),(2098,'Product attributes values (Plain text) has been imported'),(2099,'Product attributes values (Textarea) has been imported'),(2097,'Product attributes values (Yes/No) has been imported'),(2336,'Product attributes values has been imported'),(1027,'Product class'),(1839,'Product class have been updated successfully'),(1840,'Product class name is empty'),(2204,'Product class {{value}} does not exists and will be created'),(1028,'Product classes'),(1029,'Product has been added to cart'),(1792,'Product has not been added to cart'),(1030,'Product images'),(1031,'Product info'),(1032,'Product info has been updated successfully'),(1033,'Product is out of stock'),(3249,'Product list'),(230,'Product name'),(1034,'Product on sale'),(1035,'Product options'),(3209,'Product or product variant with SKU \"{{value}}\" not found'),(1036,'Product page title'),(1037,'Product prices are defined including this tax calculated for'),(3018,'Product reviews'),(2989,'Product tabs'),(2198,'Product with SKU \"{{value}}\" does not exists'),(3206,'Product with SKU \"{{value}}\" not found'),(2128,'Product with selected properties cannot be purchased'),(3030,'Product, SKU or customer info'),(1841,'Product-Specific'),(1842,'Product-Specific attributes'),(2197,'ProductSKU is empty'),(1038,'Products'),(3208,'Products and product variants updated'),(1478,'Products found'),(1852,'Products imported'),(1039,'Products in bag'),(2360,'Products information has been successfully deleted'),(1040,'Products information has been successfully updated'),(2296,'Products processed'),(2085,'Products processed: X out of Y'),(2089,'Products processed: X out of Y with errors'),(2313,'Products processed: {{count}}'),(3439,'Products return X'),(3019,'Products reviews'),(2628,'Products search'),(3204,'Products updated'),(1041,'Products with low inventory'),(1042,'Profile'),(2971,'Profile does not have any email address. Please sign in the classic way.'),(1043,'Profile has been created successfully'),(1044,'Profile has been deleted successfully'),(1903,'Profile has been modified successfully'),(1045,'Profile has been updated successfully'),(2969,'Profile is disabled'),(2069,'Profile is not defined'),(2339,'Profile is not selected'),(1046,'Profile settings'),(2375,'Prolongate keys'),(1047,'Promotions'),(1048,'Properties'),(2344,'Public ID'),(2345,'Public id'),(3557,'Publishable key'),(3558,'Publishable key (test mode)'),(3036,'Published'),(1049,'Purchase'),(1050,'Purchase SSL certificate'),(2022,'Purchase description'),(2586,'Purchase license'),(27,'Purchase premium license'),(1607,'Purchased'),(2945,'Put up for sale'),(1052,'Put up selected for sale'),(1053,'Qty'),(1054,'Qty.'),(216,'Quantity'),(1055,'Quantity: high to low'),(1056,'Quantity: low to high'),(392,'Quarter'),(1476,'Query'),(1057,'Queued'),(1058,'Quick and easy setup'),(2769,'Quick view'),(2473,'Quit'),(2328,'RSS feed'),(1059,'Rate'),(3063,'Rate asc'),(3064,'Rate desc'),(3062,'Rate sort'),(1060,'Rates'),(1061,'Rates / Conditions'),(3028,'Rating'),(3044,'Rating of votes'),(3082,'Ratings and Reviews of X'),(3074,'Ratings only'),(1062,'Raw online rate (on-line rate)'),(1063,'Re-build cache'),(2602,'Re-check'),(2406,'Re-deploy the store'),(2407,'Re-deploy the store help text'),(1064,'Re-generate access key'),(1525,'Re-generate links'),(3317,'Re-import payment methods'),(1065,'Re-order'),(2376,'Re-validate license keys'),(3061,'Read all reviews about the product'),(2144,'Recalculate this value automatically'),(2708,'Recalculate totals'),(1066,'Recent open orders'),(1067,'Recent orders'),(2709,'Recent orders only'),(2355,'Recently installed modules'),(2939,'Recently viewed'),(1862,'Recommended'),(226,'Recover password'),(2820,'Redeem'),(3406,'Refer to on-line manual'),(1069,'Referer'),(3311,'Refresh list of available methods'),(3579,'Refresh status'),(3550,'Refresh token'),(2045,'Refund'),(2653,'Refund multiple[TT]'),(2652,'Refund partially[TT]'),(359,'Refund requested'),(3580,'Refund status'),(2651,'Refund[TT]'),(360,'Refunded'),(1779,'Refunded amount'),(2553,'Refunds'),(1070,'Register'),(1703,'Register user'),(2911,'Register with'),(2908,'Register with PayPal or go to checkout as a New customer'),(1071,'Registered'),(2073,'Registered (access level)'),(210,'Registered Customer'),(211,'Registered Customer, _Anonymous Customer with the same email_'),(1968,'Registered Customers'),(3072,'Registered users only'),(3066,'Registered users who purchased product'),(2927,'Registering your application with PayPal'),(3087,'Reject'),(3157,'Related products'),(3159,'Related products page'),(34,'Removal of this message is allowed only through activation of a free or premium license.'),(1072,'Remove'),(2998,'Remove cache when attribute, tag or product data is changed'),(2148,'Remove data'),(3134,'Remove flexy-templates'),(3000,'Remove product filter cache'),(2999,'Remove product filter cache tooltip'),(2599,'Remove unlicensed modules'),(2822,'Removed coupons'),(2140,'Removed items'),(1558,'Removing this attribute will affect all the products. Leave this blank to hide this option for the product.'),(1636,'Removing this message without buying a Full license is prohibited and will result in legal proceedings.'),(1684,'Replace all modified files with the unmodified newer versions'),(3324,'Replace payment methods'),(3246,'Replace with'),(116,'Report a bug'),(2286,'Request for upgrade'),(3321,'Request payment methods'),(2019,'Request type must be POST'),(3540,'Requested amount: X; real amount: Y'),(3541,'Requested currency: X; real currency: Y'),(3539,'Requested transaction type: X; real transaction type: Y'),(1912,'Requested zone does not exists'),(1375,'Require to change password on next log in'),(1073,'Required'),(1655,'Required field'),(268,'Required field X is not defined or empty'),(1074,'Requires registered merchant account'),(2629,'Requires shipping'),(2590,'Requires {{list}} edition'),(1075,'Rerun benchmark'),(2992,'Reset filter'),(1944,'Residential'),(2299,'Resizing images...'),(2384,'Resolve the conflict'),(3419,'Response from ePDQ is not trusted (SHA checking is failed)'),(1076,'Response from marketplace is not received'),(1077,'Response from marketplace: '),(1430,'Response from marketplace: X'),(1078,'Restore'),(1079,'Restore database'),(1080,'Restore from server'),(1081,'Restore last backup'),(1082,'Restore links'),(3091,'Restore this version'),(763,'Restores to current state of active addons (use in case of emergency)'),(1828,'Restoring database from the backup .'),(2381,'Result'),(1672,'Result pages'),(3360,'Result payment status'),(3522,'Return'),(3507,'Return #'),(3496,'Return products'),(3503,'Return qty'),(3441,'Return quantity'),(1083,'Return to Drupal'),(1829,'Return to admin interface'),(3458,'Return tracking pin'),(1470,'Reupload files'),(1084,'Revenue'),(3076,'Review'),(2627,'Review & Submit order'),(3023,'Review has been created'),(3024,'Review has been deleted'),(3025,'Review has not been created since product is not found'),(3026,'Review has not been updated since product is not found'),(3090,'Review it.'),(1085,'Review statistics on various aspects of your store\'s operation'),(3027,'Reviewer'),(3051,'Reviews'),(3080,'Reviews about product'),(3073,'Reviews and ratings'),(3016,'Reviews for product'),(3029,'Reviews imported'),(3075,'Reviews only'),(3052,'Reviews: X'),(1086,'Role'),(1087,'Roles'),(2673,'Roles cannot be changed for your profile via import'),(1088,'Root Level'),(1089,'Root access'),(1622,'Root categories'),(1090,'Root category'),(2081,'Root category listings format'),(238,'Root level'),(1922,'Row {{number}}'),(1923,'Row(s) {{numbers}}'),(3365,'Rules triggered'),(1091,'Run Benchmark again'),(1092,'Run benchmark'),(370,'SA'),(2928,'SECONDARYONLY'),(2929,'SENDER'),(3084,'SEO'),(380,'SEPTEMBER'),(3561,'SHA-IN passphrase'),(3562,'SHA-OUT passphrase'),(2519,'SHIPPING = flat + ITEMS*per_item + SUBTOTAL*(% of subtotal)/100 + WEIGHT*per_weight;'),(43,'SKU'),(2340,'SKU is not selected'),(2710,'SKU length must be less then {{length}}'),(2711,'SKU or SKU1, SKU2'),(1093,'SKU: a-z'),(1094,'SKU: z-a'),(1095,'SMTP server'),(1813,'SQL file was deleted successfully'),(1371,'SSL Error'),(1096,'STORE SETUP'),(371,'SU'),(1097,'SYSTEM SETTINGS'),(1098,'Safe mode'),(1099,'Safe mode access key'),(1807,'Safe mode access key has been re-generated'),(1972,'Safe mode links were emailed'),(3527,'Sage Pay password'),(3529,'Sage Pay pricing currency'),(3526,'Sage Pay processing mode'),(3525,'Sage Pay vendor name'),(3528,'Sage pay invoice number prefix'),(3532,'SagePay Form admin description'),(1100,'Sale'),(1101,'Sale price'),(2390,'Sale statistics'),(1102,'Sale statistics from the opening of the store'),(2644,'Sale[TT]'),(1103,'Sales'),(2785,'Sales asc'),(2616,'Sales calculation'),(2786,'Sales desc'),(2784,'Sales sort'),(1104,'Sales tax'),(1468,'Samples of the file structures'),(138,'Save'),(2961,'Save & Close'),(1105,'Save as new'),(3346,'Save cards'),(1106,'Save changes'),(3353,'Save credit card'),(3407,'Save credit card setup'),(2568,'Save filter'),(2145,'Save the existing value without re-calculating'),(1107,'Save zone details'),(3350,'Saved credit cards'),(1108,'Savings'),(2762,'Scheme'),(3364,'Score'),(3067,'Score: X. Votes: Y'),(88,'Search'),(3132,'Search flexy-templates'),(1109,'Search for modules'),(1110,'Search for orders'),(3510,'Search for returns'),(2416,'Search for transactions by date'),(1111,'Search for users'),(1112,'Search for users that are'),(409,'Search in'),(1113,'Search in subcategories'),(2080,'Search items...(customer header search form)'),(405,'Search keywords'),(406,'Search payment method'),(1114,'Search product'),(1115,'Search profiles'),(1116,'Search result'),(1117,'Search results'),(2074,'Search total'),(2744,'Searching...'),(3276,'Secret Word'),(2047,'Secret key'),(3559,'Secret key (test mode)'),(2032,'Secret word'),(1118,'Secure connection cannot be established.'),(2232,'Secure credit card payment'),(1119,'Security'),(2240,'Security code'),(2395,'Security issue'),(1120,'Security settings'),(1767,'See comparison chart'),(3377,'See how'),(2106,'See log file for details'),(298,'Select a country or a state from a list, specify the zone'),(1688,'Select all'),(1121,'Select country'),(103,'Select file'),(3435,'Select issuer'),(110,'Select language'),(2712,'Select language to edit'),(233,'Select one'),(1122,'Select options'),(1804,'Select products from the list'),(3085,'Select the review that should be included into the rich snippet shown for the page of this product when the page appears in search results by Google and other major search engines'),(744,'Selected countries:'),(3077,'Selected reviews have been deleted'),(3079,'Selected reviews have been updated'),(362,'Selected:'),(1651,'Semicolon'),(1123,'Send'),(1124,'Send test email'),(1151,'Send tracking info'),(2713,'Separate box'),(1125,'Service name'),(1126,'Service name of address field'),(1127,'Set'),(2435,'Set a single discount or add multiple volume discounts.'),(2433,'Set absolute or %-based discount rates;'),(3571,'Set the Response Method setting to Sent to your server as a POST.'),(1128,'Set the sale price'),(155,'Set this language as default for customer zone'),(1129,'Settings'),(1130,'Setup _address zones_ and _taxes_'),(2126,'Setup store price: X'),(2583,'Ship QTY'),(1507,'Ship in a separate box'),(2581,'Ship to'),(3455,'Shipment ID'),(3514,'Shipment cannot be created'),(3520,'Shipment cannot be transmitted'),(3517,'Shipment cannot be voided'),(3513,'Shipment has been created successfully'),(3512,'Shipment has been created with errors'),(3518,'Shipment has been tranmitted with errors'),(3519,'Shipment has been transmitted successfully'),(3516,'Shipment has been voided successfully'),(3515,'Shipment has been voided with errors'),(3454,'Shipment info'),(2010,'Shipment options'),(3456,'Shipment status'),(3521,'Shipments'),(356,'Shipped'),(2951,'Shipping'),(1131,'Shipping & Taxes'),(1273,'Shipping / Payment info'),(1132,'Shipping address'),(1782,'Shipping address is invalid'),(1133,'Shipping address is not completly defined yet'),(1134,'Shipping address is not defined'),(1135,'Shipping address is not defined yet'),(2517,'Shipping charge based on a percentage of the order subtotal.'),(1492,'Shipping charges'),(54,'Shipping cost'),(3185,'Shipping freight'),(3188,'Shipping freight + regular shipping rate'),(3187,'Shipping freight only'),(3189,'Shipping freight tooltip text'),(1615,'Shipping has been calculated based on the following split of the products into packages:'),(1136,'Shipping info'),(1137,'Shipping markup has been created successfully'),(1138,'Shipping markups have been updated'),(1139,'Shipping method'),(2714,'Shipping method / cost'),(1140,'Shipping method has been added'),(2481,'Shipping method is not configured.'),(2492,'Shipping method name'),(1141,'Shipping methods'),(1142,'Shipping methods are not available'),(173,'Shipping methods have been updated'),(1484,'Shipping rate cannot be added'),(1483,'Shipping rate has been added successfully'),(1143,'Shipping rates'),(2513,'Shipping rates are calculated by the following formula:'),(1144,'Shipping settings'),(2059,'Shipping status'),(2773,'Shipping to'),(1145,'Shipping zones'),(3198,'ShippingCalc'),(3199,'ShippingCalc Package Data'),(3197,'ShippingCalc settings'),(1159,'Shopping bag'),(2990,'Shopping options'),(384,'Shortcuts'),(1970,'Show'),(3554,'Show \"How to use\" instruction'),(91,'Show Category title'),(2896,'Show above products'),(3127,'Show all'),(105,'Show all labels'),(2994,'Show all products in this category'),(3337,'Show all saved credit cards'),(2637,'Show all warnings/errors'),(2897,'Show below products'),(205,'Show filter options'),(2715,'Show in all the sections'),(2634,'Show low stock warning on product page'),(2716,'Show only in categories and search listings'),(2991,'Show products'),(1160,'Show social buttons'),(2717,'Show:'),(2251,'Sign Up'),(2907,'Sign Up Now'),(1161,'Sign in'),(2768,'Sign in / sign up'),(1162,'Sign out'),(3219,'Sign up for {{companyName}} news'),(2759,'Signature'),(26,'Simplify tax compilance process and reduce the sales tax audit risk with AvaTax Sales Tax Automation'),(1660,'Single quote'),(2981,'Site map has not been registred in X'),(2982,'Site map successfully registred on X'),(3192,'Sitemap'),(1163,'Size'),(3275,'Skrill Customer ID'),(3270,'Skrill Quick Checkout enables you to take direct payment from credit cards, debit cards and over 80 other local payment options in over 200 countries as well as the Skrill eWallet.'),(3280,'Skrill settings'),(2718,'Soft and Hard reset links for your store'),(1712,'Soft reset (disables all modules except ones that were downloaded from marketplace)'),(3115,'Some'),(1682,'Some files are modified'),(3137,'Some flexy-templates cannot be removed. Please correct file permissions or remove them manually'),(3236,'Some of the required fields were not completed. Please check the form and try again'),(271,'Some products could have been imported incorrectly'),(3430,'Something wrong in the iDEAL payment module settings. Please try later or use other payment option.'),(2830,'Sorry, the coupon has expired'),(2831,'Sorry, the coupon use limit has been reached'),(2832,'Sorry, the coupon you entered cannot be applied to the items in your cart'),(2829,'Sorry, the coupon you entered is invalid. Make sure the coupon code is spelled correctly'),(2833,'Sorry, the coupon you entered is not valid for your membership level. Contact the administrator'),(2826,'Sorry, this coupon cannot be combined with the coupon already applied. Revome the previously applied coupon and try again.'),(2575,'Sorry, your order cannot be placed as there are no shipping methods available.'),(1745,'Sorry, your order payment is canceled.'),(1746,'Sorry, your order payment is failed.'),(240,'Sort by'),(2719,'Sort by:'),(2720,'Sort settings'),(2276,'Sorting & Descriptions'),(1988,'Source address'),(1947,'Space'),(435,'Specification'),(3332,'Specify the URL of your X-Payments installation. Copy and paste Store ID, Public key, Private key and Private key password from X-Payments Online Store Details page.'),(1165,'Specify your _store information_'),(2721,'Specify your _store information_\', {\'URL\': url(\'settings\', \''),(2143,'Staff note'),(2561,'Stamps.com'),(2440,'Standard'),(1566,'Start Export'),(3376,'Start FREE Trial'),(1459,'Start Import'),(2872,'Start accepting Express Checkout payments immediately by simply plugging in the email address where you would like to receive payments.'),(1750,'Start date'),(1166,'Start selling!'),(3034,'Start typing customer email or name'),(3032,'Start typing product name or SKU'),(1167,'State'),(1447,'State cannot be created with unknown country code X'),(1168,'States'),(1169,'States have been deleted successfully'),(1170,'States have been updated successfully'),(2111,'States information has been successfully deleted'),(3193,'Static pages'),(1171,'Statistics'),(1172,'Status'),(2341,'Status is not defined'),(3547,'Status: Connected'),(341,'Steps to complete your store for real sales'),(1876,'Stock'),(3565,'Store ID'),(1173,'Store Maintenance'),(1174,'Store currency'),(1175,'Store info'),(1176,'Store is closed'),(1177,'Store is open'),(1695,'Store lifetime'),(1178,'Store setup'),(1179,'Storefront'),(1883,'Storefront is closed'),(1886,'Storefront is open'),(3231,'Street address'),(131,'Subcat'),(1180,'Subcategories'),(351,'Subcategories for'),(1181,'Subject'),(2966,'Submenu'),(48,'Submit'),(2767,'Subscribe'),(3195,'Subscribe to AuctionIncs ShippingCalc Module'),(3221,'Subscribers'),(3224,'Subscribers imported'),(1182,'Substring'),(56,'Subtotal'),(3289,'Subtotal + Shipping cost'),(2499,'Subtotal range'),(1183,'Subtotal range (begin)'),(1184,'Subtotal range (end)'),(1613,'Success'),(2608,'Success[S]'),(1185,'Successfully imported X new products'),(1186,'Successfully imported X new products and upgraded Y old products'),(1187,'Successfully upgraded Y old products'),(1188,'Suffix'),(115,'Suggest an idea'),(3156,'Suggested retail rates'),(1457,'Support'),(1189,'Synchronous'),(1190,'System settings'),(1799,'System will download and install this module from marketplace. Continue?'),(368,'TH'),(366,'TU'),(1652,'Tab'),(1191,'Table'),(2493,'Table based on'),(2985,'Tabs'),(5,'Tags'),(2167,'Tags are not allowed in the column \"{{column}}\" and will be stripped'),(57,'Tax'),(1512,'Tax class'),(1836,'Tax classes'),(1192,'Tax disabled'),(1193,'Tax enabled'),(1194,'Tax has been disabled successfully'),(1195,'Tax has been enabled successfully'),(3290,'Tax rate has been deleted successfully'),(3291,'Tax rate has not been deleted successfully'),(3293,'Tax rates for shipping charges have not yet been created.'),(1196,'Tax rates have been updated successfully'),(3294,'Tax rates have not yet been created.'),(3295,'Tax rates on shipping cost'),(1197,'Tax title'),(3292,'Taxable base'),(1198,'Taxes'),(1199,'Teaser'),(3097,'Template'),(3131,'Template is converted'),(2963,'Terms and conditions'),(1445,'Terms and conditions text'),(1943,'Test'),(3475,'Test Canada Post rates calculation'),(3194,'Test ShippingCalc rates calculation'),(1200,'Test email configuration'),(1704,'Test email notification'),(1705,'Test email notification:'),(2012,'Test mode'),(2121,'Test mode: Live'),(2120,'Test mode: Test'),(2523,'Test rates'),(1201,'Test shipping rates'),(3341,'Test transaction completed successfully'),(3351,'Test transaction completed successfully for API version X'),(3342,'Test transaction failed. Please check the X-Payment Connector settings and try again. If all options is ok review your X-Payments settings and make sure you have properly defined shopping cart properties.'),(2021,'Test/Live mode'),(2657,'Test[TT]'),(1202,'Tester'),(1203,'Text'),(77,'Text labels have been deleted'),(73,'Text labels have been updated successfully'),(78,'Text labels have not been deleted: no text labels have been found or specified'),(75,'Text labels have not been updated successfully: the default application language has been set as the translation language'),(76,'Text labels have not been updated successfully: the translation language has not been found'),(74,'Text labels have not been updated successfully: the translation language has not been specified'),(3035,'Text of review'),(1870,'Textarea'),(250,'Thank you for registering a customer account, your profile has been created successfully'),(3220,'Thank you for subscribing to the newsletter! We hope you enjoy shopping at {{companyName}}'),(202,'Thank you for using company services'),(1204,'Thank you for your order'),(302,'Thank you for your order FOOTER'),(3041,'Thank your for sharing your opinion with us!'),(3308,'The \"Approved URL\" value must be exact as this'),(3307,'The \"Pricing currency\" value must be exactly the same as on it.'),(2741,'The \"{{file}}\" file is not allowed and was not uploaded. Allowed extensions are: {{extensions}}'),(2965,'The \"{{file}}\" file is not allowed image and was not uploaded. Allowed images are: {{extensions}}'),(1773,'The \"{{file}}\" file was not uploaded'),(1811,'The \"{{file}}\" is not CSV or archive'),(2164,'The \"{{value}}\" category does not exist'),(2195,'The \"{{value}}\" group is not created'),(2163,'The \"{{value}}\" image does not exist'),(2160,'The \"{{value}}\" membership does not exist'),(2161,'The \"{{value}}\" product class does not exist'),(2162,'The \"{{value}}\" tax class does not exist'),(3569,'The Approved URL value must be exact as this:'),(2379,'The Clean URL entered is a redirect to object.'),(2378,'The Clean URL entered is already in use.'),(3570,'The Declined URL value must be exact as this:'),(2051,'The English language cannot be removed as it is primary language for all texts.'),(1219,'The HTTPS protocol is enabled for your website'),(1205,'The SSL certificate installed for your custom website domain is not valid.'),(1206,'The SSL certificate installed on your server is not valid. Although you can switch the store to use the secure protocol for the website pages, most Internet browsers will likely display a warning message scaring your website visitors away.'),(3568,'The Store ID and HPP Key value must be exactly the same as on it.'),(274,'The X field is empty'),(1207,'The X language has been added and enabled successfully'),(66,'The X language has been added successfully'),(68,'The X language has been deleted successfully'),(71,'The X language has been disabled successfully'),(72,'The X language has been enabled successfully'),(165,'The X module has been installed incorrectly. Please see the logs for more information'),(163,'The X module has been installed successfully'),(164,'The X module has been installed with errors: the DB has not been modified correctly'),(166,'The X module has been installed, but the module has a wrong module control class'),(1895,'The address field has been added'),(1894,'The address field has been updated'),(1208,'The attachment has been added successfully'),(1889,'The attribute group has been added'),(1888,'The attribute group has been updated'),(1897,'The attribute has been added'),(1896,'The attribute has been updated'),(1891,'The attribute option has been added'),(1890,'The attribute option has been updated'),(201,'The benchmark evaluates server environment'),(2258,'The body template may include other templates to generate the email notification. To customize it, please, copy appropriate templates to \"skins/theme_tweaker/mail/\"'),(2127,'The button is inactive either because no changes have been detected on the current page or because the order totals need to be recalculated before the order can be updated.'),(2614,'The calculation completed'),(2613,'The calculation failed'),(2413,'The calculation of quick data has been completed successfully.'),(2414,'The calculation of quick data has been stopped.'),(1893,'The category has been added'),(1892,'The category has been updated'),(1209,'The changes will be applied to all selected products'),(2380,'The clean URL will be generated automatically.'),(2348,'The common notification fields has been updated'),(203,'The confirmation URL link was mailed to email'),(2067,'The confirmation URL link will be emailed to you shortly'),(2677,'The count of categories specified for a product and the count of orderBy position numbers describing the position of the product within these categories must be the same.'),(1817,'The countries list for zone is empty. Please specify it.'),(2803,'The coupon has been added'),(2796,'The coupon has been applied to your order'),(2804,'The coupon has been updated'),(1827,'The database has not been restored because of the errors'),(3089,'The database stores different version of the custom changes.'),(70,'The default interface language cannot be disabled'),(1210,'The detailed image has been added successfully'),(1211,'The detailed image has been deleted'),(1837,'The detailed image has not been deleted'),(1212,'The detailed images have been updated successfully'),(1506,'The directory \'var/backup/\' does not exist or is not writable.'),(3109,'The directory {{dir}} does not exist or is not writable.'),(2802,'The discount should be less than 100%'),(2574,'The download should start automatically. Click the link if does not start.'),(85,'The edited language has not been found'),(204,'The email with your account information was mailed to email'),(1213,'The exceptions have been updated successfully'),(1713,'The export is complete.'),(2541,'The file extension is forbidden'),(2667,'The file extension is forbidden ({{file}}'),(291,'The file was not loaded because of a failure on the server'),(1835,'The file was not loaded because of a failure on the server.'),(3108,'The file {{file}} does not exist or is not writable.'),(1215,'The following add-on(s) must be disabled'),(1214,'The following add-on(s) must be enabled'),(1216,'The following categories were selected to be removed'),(1217,'The following dependent add-ons will be disabled  automatically'),(1451,'The following expected input data have wrong format or empty: X'),(1565,'The following files are too large to be included in the archive'),(2281,'The following modules currently do not have a version compatible with the X-Cart version to which you are upgrading'),(142,'The following modules will be disabled'),(2310,'The following selected modules cannot be disabled due to architecture limitations'),(2307,'The following selected modules cannot be disabled or uninstalled as they have dependent modules'),(2308,'The following selected modules cannot be enabled as they depend on disabled modules which cannot be enabled'),(1803,'The form could not be identified as a form generated by X-Cart'),(1902,'The front page has been updated'),(2302,'The generation of resized images has been completed successfully.'),(2303,'The generation of resized images has been stopped.'),(1218,'The image has been updated'),(2304,'The image resizing process may take a while to complete. Please do not close this page until the process is fully completed.'),(1220,'The import is in progress'),(1221,'The importing starts immediately upon selecting the data file. No additional confirmation prompts will appear.'),(1539,'The language CSV file should be a text file which contains 3 columns per row (columns are separated by comma:'),(86,'The language data has been saved'),(69,'The language has not been found'),(1533,'The language labels have been successfully imported:'),(65,'The language you want to add has already been added'),(64,'The language you want to add has not been found'),(67,'The language you want to delete has not been found'),(1222,'The language you want to delete is the default application language and cannot be deleted'),(1223,'The language you want to delete is the default interface language and cannot be deleted'),(2787,'The length of X field must be greater than Y'),(2788,'The length of X field must be less than Y'),(2169,'The length of value for the column \"{{column}}\" exceeds length of field and will be cut'),(61,'The link was copied to your clipboard'),(87,'The maximum file size that can be uploaded: X'),(1224,'The maximum number of uses'),(2834,'The maximum number of uses per user'),(1653,'The membership name cannot contain such symbols as \\, \' and \". Also, it cannot exceed 32 characters.'),(2956,'The menu has been added'),(2955,'The menu has been updated'),(1780,'The method is not configured and cannot be used'),(1433,'The module X has been uninstalled successfully'),(1225,'The module has been partially uninstalled'),(162,'The module has been uninstalled successfully'),(1678,'The module is incompatible with the new core version going to be installed'),(1226,'The module is not released for your X-Cart version'),(2309,'The module may not be disabled due to the limitations of the module architecture.'),(161,'The module to uninstall has not been found'),(2056,'The module version is incompatible with your core version and cannot be enabled. Minimum core version required for this module is X.'),(2055,'The module version is incompatible with your core version and cannot be installed. Minimum core version required for this module is X.'),(167,'The modules have been updated'),(2187,'The name is empty'),(3174,'The news message has been added'),(3173,'The news message has been updated'),(2349,'The notification has been updated'),(2166,'The number of values in the row does not match the number of column headers for this CSV file'),(1781,'The only remaining active administrator profile cannot be deleted.'),(1880,'The order subtotal exceeds the maximum allowed value ({{max_order_amount}})'),(1931,'The order subtotal exceeds the maximum allowed value ({{max_order_amount}}), please remove some items from the cart.'),(1881,'The order subtotal less than the minimum allowed value ({{min_order_amount}})'),(1932,'The order subtotal less than the minimum allowed value ({{min_order_amount}}), please add some items to the cart.'),(1227,'The page has been added'),(2957,'The page has been updated'),(1701,'The password is the one you specified during checkout.'),(1702,'The password is the one you specified.'),(346,'The process of export is complete. You can follow this_link to check the results and download the files containing data.'),(1576,'The process of export may take much time. Please do not close this page until the export is complete'),(1575,'The process of export may take much time. You may close the page, the operation will be in progress as background. If the operation takes long enough, we will send you a notification when it is complete.'),(1472,'The process of import may take much time. Please do not close this page until the import is complete'),(1471,'The process of import may take much time. You may close the page, the operation will be in progress as background. If the operation takes long enough, we will send you a notification when it is complete.'),(2412,'The process of quick data calculation may take a while to complete. Please do not close this page until the process is fully completed.'),(2615,'The process of sales calculation may take a while to complete. Please do not close this page until the process is fully completed.'),(3164,'The product SKU#\"X\" is already set as Related for the product'),(2007,'The product SKU#\"X\" is already set as featured for the category'),(3161,'The product SKU#\"X\" is already set as related for the product'),(1899,'The product class has been added'),(1898,'The product class has been updated'),(2540,'The product for which you attempted to upload an attachment has not been found'),(2350,'The product has been added'),(2107,'The product has been updated'),(1228,'The product option group has been added successfully'),(1229,'The product option group has been updated successfully'),(1230,'The product option groups have been updated successfully'),(1231,'The product option groups have not been successfully updated'),(1901,'The product selection has been added'),(1900,'The product selection has been updated'),(2988,'The product tab has been added'),(2987,'The product tab has been updated'),(2159,'The product with \"{{value}}\" SKU does not exist'),(3523,'The products return has been registered.'),(1444,'The profile has been registered. The password has been sent to the user\'s email address'),(1443,'The profiles have been merged'),(1532,'The provided file contains the following language labels:'),(3362,'The related payment not found. Apparently it was deleted.'),(1232,'The requested page could not be found.'),(1233,'The restoration procedure is irreversible and erases all data tables from your store database. It is highly recommended that you back your present database data up before restoring one of the previous states from a back-up.'),(2974,'The role has been added'),(2973,'The role has been updated'),(1234,'The same as shipping'),(1921,'The script found {{number}} errors during import'),(3205,'The script found {{number}} errors during update inventory'),(1920,'The script found {{number}} errors during verification'),(2722,'The secure protocol for your website is disabled.'),(2723,'The secure protocol for your website is enabled.'),(2457,'The secure protocol is enabled for your website. But X-Cart hasn\'t found the valid SSL certificate on your server.'),(1802,'The selected payment method is obsolete or invalid. Select another payment method'),(1235,'The selected shipping markups have been deleted successfully'),(172,'The selected shipping method has been deleted successfully'),(174,'The selected zones have been deleted successfully'),(2122,'The service name X is reserved and cannot be used for an address field.'),(2760,'The settings in this section determine the content of email notifications sent to admin.'),(2757,'The settings in this section determine the content of email notifications sent to customer.'),(1810,'The settings of payment method successfully updated'),(2129,'The specified amount of product exceeds maximum amount of product in stock'),(1236,'The state has been added successfully'),(267,'The string is different from that of the title number of columns - X instead of Y'),(2324,'The system detects that some updates are available for enabled modules. It is strongly recommended to have all enabled modules updated to latest version for better compatibility before the install new ones from Marketplace.'),(2436,'The system has been restored to the selected snapshot of X'),(2592,'The system has detected one or more problems with some of the modules at your store:'),(1683,'The system has detected that some custom modifications were made by editing core and module files, not by writing new modules. In order to proceed with the upgrade you should decide what to do with the modifications'),(2600,'The system has detected that the license key that was activated for your store is invalid.'),(2437,'The system has failed to restore because there was no snapshot of X'),(1905,'The tax class has been added'),(1904,'The tax class has been updated'),(3103,'The template has been added'),(3102,'The template has been updated'),(83,'The text label has been added successfully'),(79,'The text label has been deleted'),(84,'The text label has been modified successfully'),(81,'The text label has not been added, because its name has not been specified'),(1237,'The text label has not been added, because its translation to the default application language has not been specified'),(1238,'The text label has not been added, because its translation to the default interface language has not been specified'),(82,'The text label has not been added, because such a text label already exists'),(80,'The text label has not been deleted: it has been either not found or not specified'),(1239,'The text label has not been modified, because its translation to the default application language has not been specified'),(1240,'The text label has not been modified, because its translation to the default interface language has not been specified'),(3358,'The transaction will be marked as'),(1241,'The upgrade is completed. Please, do not close this page until you check your web site and check that everything works properly'),(212,'The user will be registered; a password will be sent to the user via email'),(2168,'The value in the column \"{{column}}\" will be adjusted according to HTML specification to prevent potential XSS attack'),(2642,'The value must be greater than the current maximum order number in the order list'),(1656,'The value must be in range'),(277,'The value of the X field has an incorrect format'),(275,'The value of the X field must be greater than Y'),(276,'The value of the X field must be less than Y'),(278,'The value of the X field should not be longer than Y'),(1489,'The values are average'),(3093,'Theme tweaker'),(2370,'There are expired license keys'),(2371,'There are expired license keys activated in store'),(2401,'There are no activated license keys'),(1242,'There are no categories'),(1513,'There are no images loaded for this product'),(1448,'There are no labels translated to X'),(1243,'There are no markups selected'),(3343,'There are no payment configurations for this store.'),(2669,'There are no permissions to import user access level'),(2671,'There are no permissions to import user roles'),(1244,'There are no rates available for specified source/destination and/or package measurements/weight.'),(3057,'There are no reviews for this product yet'),(1740,'There are no shipping methods available'),(1588,'There are no shipping methods defined for this carrier'),(3122,'There are some custom CSS styles in your store. These styles may affect the look of the installed template. Review the custom styles and disable them if necessary.'),(2455,'There are unsaved changes on the page. If you choose to continue, these changes will be lost. Do you want to proceed?'),(1147,'There is a maximum purchase limit of MaxQuantity'),(1146,'There is a minimum purchase limit of MinQuantity'),(184,'There is already an account with your email address. You can sign in or continue as guest'),(2794,'There is no such a coupon, please check the spelling: X'),(1246,'There is no user with specified email address'),(1247,'There were no orders placed'),(414,'There\'s no payment method available'),(3444,'There\'s no post offices available'),(2849,'These Open Graph meta tags were generated automatically based on general product information.'),(1937,'These attributes can be applied to all the products in the store.'),(1935,'These attributes can be applied to the \"{{name}}\" product class.'),(1936,'These attributes can only be applied to this particular product.'),(1248,'These components require your attention'),(1249,'These components will be updated'),(1250,'These instructions will appear below the order invoice on the page which customers see after they confirm their order.'),(1251,'These links were already provided to you after this store was installed and will be emailed to you again after you start the upgrade process'),(1973,'These links were already provided to you after this store was installed and will be emailed to you again after you start the upgrade process.'),(3315,'These payment methods were imported from your X-Payments. You can add them to your store at the '),(3139,'This action will remove all flexy-templates. Are you sure to proceed?'),(1758,'This address was used as a'),(1253,'This address was used as a billing address during the recent purchase'),(1254,'This address was used as a shipping address during the recent purchase'),(2816,'This comment will be visible to shop administrators only'),(1255,'This component is automatically calculated by shipping add-on module and cannot be edited'),(2825,'This coupon cannot be combined with other coupons'),(1256,'This e-mail address is already in use by another user.'),(1257,'This email address is used for an existing account. Enter another email address or sign in'),(2387,'This feature is available only for paid (non-free) X-Cart license plans'),(3255,'This feature is not yet available. You will be redirected to the feature request page where you can vote to have this feature implemented in one of the upcoming versions.'),(3186,'This field can be used to set a fixed shipping fee for the product. Make sure the field value is a positive number (greater than zero).'),(196,'This field is required'),(2778,'This field is required.'),(1258,'This is a default zone which covers all addresses. It\'s impossible to edit this zone\'s countries, states etc'),(228,'This is a demo store with powerful X-Cart engine inside'),(2859,'This is the login name you created when signing up for PayPal Payments Advanced.'),(2866,'This is the login name you created when signing up for Payflow.'),(2867,'This is the password you created when signing up for PayPal Payflow or the password you created for API calls.'),(2861,'This is the password you created when signing up for PayPal Payments Advanced or the password you created for API calls.'),(411,'This language is added by module and cannot be removed.'),(1583,'This method does not support the current store currency and is not available for customers'),(2617,'This method is displayed because you are logged in as admin and operating as another user'),(1584,'This method is in test mode'),(326,'This module is available for X-Cart hosted stores only.'),(1983,'This module uses PHP\'s cURL functions which are disabled on your web server'),(1259,'This month'),(1736,'This operation is irreversible. Are you sure you want to proceed?'),(3581,'This operation will cancel order. Payment authorization will be voided. Please confirm to proceed.'),(3582,'This operation will capture funds from customer. Please confirm to proceed.'),(3583,'This operation will refund funds to customer. Please confirm to proceed.'),(3278,'This options is relevant only if you share your Skrill account with other online shops.'),(2724,'This order was not checked by the AntiFraud service!'),(2269,'This page allows you to adjust the types of email notifications your store sends to users'),(1491,'This page allows you to configure Shipping methods, zones and charges.'),(1498,'This page allows you to edit global attributes, which are available for all products in your store, and attributes specific for classes of your products.'),(2427,'This page is intended for the creation and management of discount coupons.'),(2432,'This page is intended for the management of volume discounts based on the order subtotal.'),(1586,'This payment method cannot be enabled until you configure it'),(2246,'This payment method is Active.'),(2247,'This payment method is Inactive.'),(2725,'This payment method is not configured.'),(177,'This product has been added to your bag'),(51,'This product is out of stock or it has been disabled for sale'),(2941,'This product will be shown in coming soon section'),(2940,'This product will be shown in new arrivals'),(1266,'This quarter'),(1262,'This section displays 10 top-selling products for today, this week and this month'),(1263,'This section displays order placement statistics'),(1487,'This section displays order processing statistics'),(2886,'This setting determines whether or not the \"Buy Now with PayPal\" button should be displayed on product list pages (in list view) and product details pages.'),(2525,'This shipping method is'),(2526,'This shipping method is not configured.'),(2865,'This should be the same partner name that is used when logging into your PayPal Payflow account.'),(1264,'This site requires JavaScript to function properly.'),(2422,'This tool allows you to get rid of any content that might have been created in your store for testing purposes and which you no longer need.'),(185,'This user name is used for an existing account. Enter another user name or sign in'),(3300,'This value must be set in exactly the same way as it is set on the payment gateway end.'),(1265,'This week'),(347,'This will increase the shipping cost by XX'),(1267,'This year'),(2157,'Three columns'),(1268,'Through'),(1269,'Thumbnail'),(2726,'Time left'),(1372,'Timeout error'),(1270,'Title'),(23,'To activate your X-Cart license, enter your secret key into the field below and click Activate.'),(24,'To activate your X-Cart or commercial module license, enter your license key into the field below and click Activate.'),(3320,'To be able to use the payment methods defined in X-Payments you should import information about them from X-Payments. Click the button below and X-Payments will return a list of payment methods available for this shopping cart.'),(279,'To boost your sales try to use Discounts coupons, Sale, Product Advisor, Volume discounts addons. Also you may be interested in all Marketing extensions from our Marketplace'),(1708,'To change the password, log into your company account and use the \'Modify profile\' link'),(1547,'To change the roles of your profile, contact the store administrator'),(1274,'To contact us please fill the form below'),(1275,'To email'),(340,'To enable secure protocol for your website pages you need a valid SSL certificate purchased for the website domain and installed on your server.'),(2922,'To enable this payment method, you need <Multi-vendor> module installed.'),(2921,'To enable this payment method, you need Multi-vendor module installed.'),(281,'To fix this problem, do the following: 3 points'),(264,'To get the format of the import data you can export your products to a file'),(1497,'To have attributes specific for product classes, define product classes first.'),(339,'To make the online store use the secure protocol you need an SSL certificate purchased for the website domain and installed on your server.'),(2450,'To make your changes visible in the customer area, cache rebuild is required. It will take several seconds. You don’t need to close the storefront, the operation is executed in the background.'),(3217,'To move your existing subscribers to MailChimp lists, <export your subscribers data> from X-Cart and use the import feature under your MailChimp account.'),(1276,'To place the order please accept Terms and Conditions'),(1277,'To place the order please complete the previous steps first'),(3281,'To process your customers\' payments with Skrill, you need a Skrill account. If you do not have one yet, you can sign up for free at http://www.skrill.com'),(1278,'To recover your password, please type in the valid e-mail address you use as a login'),(3440,'To request a return please fill the form below'),(3304,'To set up the integration you should follow '),(3567,'To set up the integration, go to the _Site management_'),(25,'To setup Tax Rates, find and install the appropriate addons from Marketplace'),(2727,'To setup Tax Rates, find and install the appropriate addons from Marketplace\', {\'url\': url(\'addons_list_marketplace\', \'\', {\'tag\': \'Taxes'),(3479,'To start registration process for Canada Post merchant account click on the \"Register\" button.'),(2808,'To use the coupon, your order subtotal must be at least X'),(2807,'To use the coupon, your order subtotal must be between X and Y'),(2809,'To use the coupon, your order subtotal must not exceed Y'),(1279,'Today'),(2980,'Too large value for absolute discount'),(2603,'Tools'),(3169,'Top News'),(199,'Top X products'),(1280,'Top sellers'),(1281,'Top selling products'),(217,'Total'),(3463,'Total items weight'),(3504,'Total weight'),(1714,'Totals'),(1150,'Track package'),(3509,'Tracking details'),(1158,'Tracking information has been sent'),(2347,'Tracking number'),(1156,'Tracking number is changed from \"{{old_number}}\" to \"{{new_number}}\"'),(1153,'Tracking numbers'),(3457,'Tracking pin'),(3445,'Tracking pins'),(2845,'Traditional'),(2352,'Transaction'),(2728,'Transaction ID'),(2026,'Transaction amount mismatch'),(3268,'Transaction key'),(3361,'Transaction result'),(1996,'Transaction type'),(2566,'Transactions details'),(1282,'Translation driver'),(117,'Translations'),(3500,'Transmit shipment'),(310,'Trial period X days'),(1939,'Trial period expires today'),(1938,'Trial period is expired'),(1734,'Try search-as-you-type feature...'),(1800,'Try to change the search criteria or find the needed solution in marketplace'),(2729,'Try to change the search criteria or find the needed solution in marketplace\', {\'URL\': url(\'addons_list_marketplace\', \'\', {\'tag\': \'Payment processing'),(1801,'Try to search worldwide or find the needed solution in marketplace'),(2730,'Try to search worldwide or find the needed solution in marketplace\', {\'URL\': url(\'addons_list_marketplace\', \'\', {\'tag\': \'Payment processing'),(1411,'Try to unpack them manually'),(280,'Trying to access the shop at X'),(2531,'Trying to run pre-upgrade hooks while not all archives were unpacked'),(3408,'Trying to use unaccepted template change.'),(2848,'Tweet'),(3130,'Twig-template path'),(1283,'Twitter'),(2156,'Two columns with left sidebar'),(2155,'Two columns with right sidebar'),(1284,'Type'),(1285,'Type of Account'),(3309,'U.S.P.S. module allows to use online shipping rates calculation via USPS Web Tools Ecommerce API.'),(2562,'UPS'),(3144,'UPS module allows to use online shipping rates calculation via UPS service.'),(3107,'URL'),(3553,'URL is copied'),(1569,'URLs'),(2563,'USPS'),(1812,'Unable to delete file'),(1434,'Unable to delete module X files: some dirs have no writable permissions: Y'),(2665,'Unable to download the contents of {{url}}'),(2666,'Unable to get at the contents of {{url}}'),(285,'Unable to install module X because some modules, which it depends on, have not been installed or activated yet'),(3125,'Unable to save edited content. Errors: '),(2664,'Unable to write data to file {{file}}'),(2598,'Unallowed modules will be disabled automatically on the next visit any page in the administrator interface.'),(2005,'Unavailable'),(1288,'Uncheck all'),(104,'Undelete'),(1289,'Understanding Online Payments'),(1290,'Unexpected error: version value is not passed'),(3420,'Unexpected result was received from ePDQ (transaction status is not set)'),(3431,'Unexpected result was received from iDEAL (transaction status is not set)'),(2905,'Unfortunately, your API credentials could not be obtained from your PayPal account automatically.'),(1291,'Uninstall'),(1292,'Units & Formats'),(1293,'Units of measurement'),(2846,'Universal Analytics'),(1294,'Unknown'),(1452,'Unknown language: X'),(3436,'Unknown payment transaction'),(2109,'Unknown payment. If you see this message after returning from the payment page, please contact the store administrator for information about the status of your payment.'),(3126,'Unknown temporary file'),(2030,'Unlimited'),(3469,'Unpackaged'),(1295,'Unpacking archives, please wait...'),(1689,'Unselect all'),(1296,'Unset'),(52,'Update'),(3335,'Update default card'),(1297,'Update exceptions'),(1927,'Update existing items, but skip new items'),(1298,'Update module'),(2740,'Update modules'),(1299,'Update product'),(1300,'Update profile'),(3203,'Update quantity'),(3210,'Update quantity import guide'),(1301,'Updated components'),(1302,'Updates are available'),(1303,'Updates for the X-Cart core and/or installed modules are available'),(1304,'Updates for your version ({{version}})'),(2749,'Updates mode'),(2731,'Updating data from the marketplace...'),(1305,'Upgrade'),(2402,'Upgrade access level cannot be changed for default free license'),(2398,'Upgrade access level has been successfully assigned to your license keys'),(2399,'Upgrade access level tooltip message'),(1306,'Upgrade available'),(1307,'Upgrade core'),(1675,'Upgrade for X-Cart core is available'),(1308,'Upgrade module'),(2752,'Upgrade not allowed'),(2280,'Upgrade note'),(1309,'Upgrade to version {{version}}'),(1310,'Upload'),(1311,'Upload add-on'),(1312,'Upload and restore'),(1313,'Upload file'),(1467,'Upload files'),(98,'Upload via URL'),(2881,'Use PayPal authentication method'),(3329,'Use X-Payments configuration bundle'),(1314,'Use a merchant account from your financial institution or choose a bundled payment solution to accept credit cards and other methods of payment on your website.'),(1315,'Use a merchant account from your financial institution to accept online payments'),(3088,'Use custom css'),(1316,'Use custom js'),(1317,'Use default logo'),(2916,'Use existing PayPal account'),(2914,'Use existing account from'),(3298,'Use of Restriction key must be disabled in your Quantum Gateway merchant center account at all times.'),(3369,'Use one of the following cards to'),(1318,'Use the category name'),(1710,'Use the following key to access safe mode'),(2221,'Use the form below to provide your license information.'),(1319,'Use the navigation bar above this dialog to navigate through the catalog categories'),(3296,'Use the same tax rates for all user membership levels'),(1320,'Use this section to back the database of your online store up. Please note that the database backup procedure can take up to several minutes.'),(1503,'Use this section to back up the database of your online store. Please note that the database backup procedure can take up to several minutes.'),(1321,'Use this section to define shipping zones.'),(1322,'Use this section to define your store\'s shipping methods.'),(1323,'Use this section to manage the list of existing countries. This list is used in the shipping settings and calculations, and in the registration form at the Customer Front-end.'),(1324,'Use this section to manage the lists of counties, provinces, regions and states of different countries. The lists are used in shipping settings and calculations, and in the registration form at the Customer Front-end.'),(1325,'Use this section to restore the database of your online store. Please note that the database restoration procedure can take up to several minutes'),(1326,'Use this section to review the list of existing membership levels and add new ones'),(3333,'Used credit cards'),(2024,'User'),(248,'User X is logged in'),(1673,'User activity'),(1716,'User filled in Contact Us form'),(1327,'User membership'),(1328,'User type'),(1329,'Username or e-mail'),(1330,'Users'),(1331,'Uses count'),(1332,'Uses left'),(2595,'Using the modules with this type of license violation is illegal'),(2238,'VALID THRU'),(1333,'VAT'),(1334,'Validate key'),(1335,'Value'),(1473,'Verification results'),(2294,'Verified'),(2295,'Verifying data before importing...'),(1336,'Version'),(1337,'Version change'),(97,'Via URL'),(1696,'View all low inventory products'),(1882,'View all modules'),(1338,'View all open orders'),(2082,'View all ordered items'),(223,'View cart'),(95,'View image'),(1608,'View in list'),(1339,'View logs'),(2397,'View more addons in Marketplace'),(2624,'View order history'),(3367,'View payment information'),(1340,'View profile'),(2317,'View storefront'),(1341,'View system logs'),(1342,'View update log'),(2954,'Visible for'),(3002,'Visible in products filter'),(1343,'Visit module details page'),(1344,'Visit storefront'),(2443,'Visit the template store'),(2044,'Void'),(2650,'Void multiple[TT]'),(2649,'Void partially[TT]'),(3497,'Void shipment'),(2612,'Void[S]'),(2648,'Void[TT]'),(1345,'Volume discounts'),(1623,'WARNING! There are no more available administrators\' profiles. You will not be able to manage your store after you delete this profile.'),(367,'WE'),(2847,'Want help with SEO? Ask X-Cart Guru'),(2545,'Want to change or add another accounting system? Choose the accounting system you require below and configure it.'),(1346,'Warning'),(1642,'Warning!'),(1662,'Warning! CSV file was not specified.'),(1640,'Warning! InnoDB engine is not supported. It is required for software operation'),(1598,'Warning! Installing this module will overwrite all language labels translated to the appropriate language.'),(3434,'Warning! Please re-check public and private key values!'),(1665,'Warning! The file you have specified in the \'File (CSV) for upload\' field has not been uploaded to the server.'),(1663,'Warning! The file you have specified in the \'File (CSV) local\' field does not exist or cannot be read.'),(2423,'Warning! The selected types of content data will be deleted permanently.'),(1347,'Warning! There is not enough product items in stock to process the order'),(3433,'Warning! This payment method requires OpenSSL extension. Please install and enable this extension in your PHP configuration.'),(1502,'Warning: The restoration procedure is irreversible and erases all the data tables from the store database. It is highly recommended that you back up your current database before restoring one of the previous states from a back-up.'),(1348,'Warning: this operation can not be reverted!'),(2640,'Warnings'),(316,'Watch this short video and learn the basics of how online payment processing works'),(1349,'Watch video'),(1450,'We are already aware of this problem and working on it. If you would like to get in touch, feel free to contact us via our Help center at _URL_'),(1456,'We have found a valid SSL certificate installed on the server. Now you can switch the store to use the secure protocol for the store back-end and checkout, sign-in and profile pages.'),(3053,'We use this email in case we need additional information on your review. We do not use it for any kind of mailing lists or spam subscriptions'),(2970,'We were unable to process this request'),(3356,'We will authorize'),(1350,'Web server'),(3552,'Webhook URL is your store\'s URL through which Stripe informs your store about any changes in the order'),(3099,'Webmaster Mode allows you to change the storefront design in click-and-edit mode'),(3096,'Webmaster mode'),(3101,'Webmaster mode is disabled'),(3100,'Webmaster mode is enabled'),(1691,'Website'),(390,'Week'),(39,'Weight'),(40,'Weight X'),(1351,'Weight modifier'),(2500,'Weight range'),(1549,'Welcome'),(215,'Welcome to X-Cart'),(1352,'What is benchmark?'),(1555,'What to export'),(2488,'What type of shipping rates would you like to use?'),(312,'What\'s new'),(3264,'When AustraliaPost returns shipping methods which does not exists in the available methods list, these methods will be created in the list automatically'),(1353,'When the export is completed, you will be prompted to download the product data file'),(1832,'Widgets cache has been cleaned'),(1833,'Widgets cache has not been cleaned completely'),(1993,'Width'),(1354,'Width (px)'),(2329,'Will be deleted:'),(1677,'Will be installed'),(2326,'Will be updated if core update is selected'),(2556,'Win app'),(3055,'Write your review'),(2201,'Wrong \"default\" format ({{value}}). Value should be one of \"Yes\" or \"No\"'),(2200,'Wrong \"owner\" format ({{value}}). Value should be one of \"Yes\" or \"No\"'),(2202,'Wrong \"priceModifier\" format ({{value}}). Correct examples: +1, +1%, -1, -1%'),(2199,'Wrong \"type\" value ({{value}}). This should be \"C\", \"S\" or \"T\"'),(2203,'Wrong \"weightModifier\" format ({{value}}). Correct examples: +1, +1%, -1, -1%'),(2670,'Wrong access level format'),(2208,'Wrong added format'),(2180,'Wrong arrival date format'),(2215,'Wrong billing address format'),(2190,'Wrong box height format'),(2189,'Wrong box length format'),(2188,'Wrong box width format'),(3312,'Wrong container type selected: {{value}}. For large package size only the following types are allowed: RECTANGULAR, NONRECTANGULAR, VARIABLE'),(2216,'Wrong country code format'),(2181,'Wrong date format'),(2176,'Wrong enabled format'),(2209,'Wrong first login date format'),(2192,'Wrong format of Clean URL value (allowed alpha-numeric, \"_\" and \"-\" chars)'),(2377,'Wrong format: Field contains unallowed characters'),(3182,'Wrong free shipping format'),(3183,'Wrong freight fixed fee format'),(2183,'Wrong inventory tracking format'),(2191,'Wrong items per box format'),(2213,'Wrong language format'),(2210,'Wrong last login date format'),(2207,'Wrong login format'),(2186,'Wrong low limit level format'),(2185,'Wrong low stock notification format'),(1355,'Wrong method_id specifed'),(2194,'Wrong position format'),(2175,'Wrong price format'),(3207,'Wrong product quantity value format (\"{{value}}\")'),(2212,'Wrong referer format'),(2672,'Wrong role format'),(2178,'Wrong shippable format'),(2214,'Wrong shipping address format'),(2206,'Wrong show title format'),(2217,'Wrong state id format'),(2211,'Wrong status format'),(2184,'Wrong stock level format'),(2918,'Wrong token of Express Checkout. Please try again. If the problem persists, contact the administrator.'),(2196,'Wrong type format'),(2182,'Wrong update date format'),(2179,'Wrong use separate box format'),(3009,'Wrong useClasses format'),(1356,'Wrong value is specified for arrival date field. The field was not updated.'),(2177,'Wrong weight format'),(255,'X GB'),(150,'X Language (Code: Y)'),(254,'X MB'),(324,'X attributes in group'),(252,'X bytes'),(2793,'X code is already used for other coupon, please specify a different code'),(2792,'X coupon(s) has been created'),(2791,'X coupon(s) has been removed'),(259,'X days'),(297,'X entities has been created'),(296,'X entities has been removed'),(2110,'X expired shopping cart(s) have been successfully removed'),(197,'X field is required'),(1441,'X file type'),(260,'X hours'),(269,'X image unable to load'),(219,'X item'),(292,'X item available'),(169,'X item in bag'),(181,'X items'),(3534,'X items ($)'),(293,'X items available'),(170,'X items in bag'),(2750,'X items selected'),(253,'X kB'),(109,'X labels'),(413,'X language labels have been removed'),(412,'X languages have been removed'),(317,'X methods available'),(261,'X minutes'),(200,'X module settings'),(2282,'X module will be disabled'),(2284,'X module will be upgraded'),(1446,'X module(s) selected'),(2421,'X modules selected'),(2283,'X modules will be disabled'),(2285,'X modules will be upgraded'),(258,'X months'),(2821,'X off'),(244,'X orders'),(328,'X orders on last day'),(330,'X orders on last month'),(329,'X orders on last week'),(295,'X product(s) has been created'),(294,'X product(s) has been removed'),(348,'X products'),(249,'X products found'),(242,'X results found'),(331,'X revenue on last day'),(333,'X revenue on last month'),(332,'X revenue on last week'),(262,'X seconds'),(424,'X shipping methods have been created'),(425,'X shipping methods have been removed'),(3014,'X star_1'),(3013,'X stars_2'),(3012,'X stars_3'),(3011,'X stars_4'),(3010,'X stars_5'),(416,'X states have been removed'),(417,'X states have been successfully created'),(257,'X years'),(418,'X zones have been removed'),(419,'X zones have been successfully created'),(342,'X, including images and file attachments'),(1357,'X-Cart'),(118,'X-Cart News'),(3326,'X-Cart automatically checks the connection to X-Payments after the settings are saved.<br/> If the module is configured properly, a \"Test transaction completed successfully\" message is displayed at the top of the page.'),(2469,'X-Cart could not find a valid SSL certificate on your server X.'),(2468,'X-Cart could not find a valid SSL certificate on your server.'),(2467,'X-Cart could not find a valid SSL certificate on your server. Although you can switch the store to use the secure protocol for the website pages, most Internet browsers will likely display a warning message scaring your website visitors away.'),(2102,'X-Cart could not find data in your file.'),(2456,'X-Cart found some issues with installed SSL certificate'),(2367,'X-Cart license key has been successfully verified'),(2368,'X-Cart license key has been successfully verified and activated. But this key has expired and do not allow upgrade store.'),(1358,'X-Cart online store builder'),(1359,'X-Cart shopping cart software'),(2753,'X-Cart v5.3 requires PHP version 5.4 or better. Please update the PHP version installed on your server before you proceed.'),(3380,'X-Payments'),(3409,'X-Payments Dashboard'),(3323,'X-Payments configuration ID'),(3410,'X-Payments considers this transaction as potentially fraudlent.'),(3322,'X-Payments returned the following payment methods for your shopping cart:'),(3345,'X-Payments transaction'),(1360,'XML parser'),(1361,'XML sitemap'),(2983,'XML sitemap URL: X'),(2239,'YEAR'),(1362,'Yahoo!'),(1363,'Yandex'),(393,'Year'),(2049,'Year when store started its operation'),(1364,'Yes'),(1365,'Yes, I agree with License agreement'),(2323,'Yes, I agree with License agreements'),(1875,'Yes/No'),(2391,'Yesterday'),(147,'You are going to delete the X language'),(2475,'You are logged in as: user'),(1366,'You are not allowed to access this resource!'),(3111,'You are now in layout editing mode'),(2471,'You are operating as:'),(2474,'You are operating as: user'),(1719,'You are sure to clear your cart?'),(2597,'You can also contact our CR department for help with this issue'),(1634,'You can build your web-site during FREE evaluation, but you cannot use this installation for real sales without buying a license.'),(2153,'You can change the CSV delimiter for all subsequent imports and exports using this link'),(2152,'You can change the charset for all subsequent imports and exports using this link'),(300,'You can choose if to download your database data'),(2854,'You can define an order id prefix, which would precede each order number in your shop, to make it unique'),(3277,'You can define an order id prefix, which would precede each order number in your shop, to make it unique (each transaction id must be unique for a Skrill account)'),(2514,'You can define the following values:'),(2567,'You can find the failed transaction here'),(2466,'You can get more information using this service: '),(143,'You can install these updates after purchasing and activating your X-Cart license key'),(1707,'You can now use the following credentials to access your account'),(2732,'You can purchase AntiFraud Service subscription'),(2512,'You can set up different shipping rates depending on the weight, price or quantity of items in the order.'),(282,'You can upload the database data directly from your local computer'),(3160,'You cannot choose this product'),(1505,'You cannot save database data to a file on the web server (\'var/backup/sqldump.sql.php\').'),(2676,'You cannot update administrator profile ({{value}}). Row is skipped'),(2675,'You cannot update administrator profile ({{value}}). Row will be skipped'),(3038,'You have already reviewed this product'),(2795,'You have already used the coupon'),(1794,'You have an unpaid order #{{ORDER}}'),(3216,'You have configured MailChimp as your primary email newsletter tool. New subscribers will be added directly to your MailChimp lists (this X-Cart list will be skipped). You can manage your subscriber lists under your MailChimp account <here>'),(1582,'You have no payment methods enabled in your shop'),(1367,'You have selected to delete your profile. Please, confirm you want to proceed'),(3272,'You have sent a request for activation on the X.'),(1548,'You have the following roles:'),(3211,'You just added'),(33,'You must register your installation before you can use it for real sales'),(1978,'You need hard and soft reset links in case some 3rd party module crashes your web-store'),(2733,'You need these links in case you want to recover your store'),(3531,'You need to install the PHP mcrypt extension to use the Sage Pay integration'),(3411,'You should accept the changes at the'),(2462,'You should check available free disk space yourself before continuing installation'),(2461,'You should check available free disk space yourself before continuing upgrade'),(2279,'You should confirm that you have created backup before upgrading the store.'),(1791,'You tried to buy more items of \"{{product}}\" product {{description}} than are in stock. We have {{amount}} item(s) only. Please adjust the product quantity.'),(1508,'You will be able to provide additional product info (images, attributes, etc.) after you submit this form.'),(2068,'Your \"Password reset key\" has expired. Please enter the email address associated with your user account to get a new \"Password reset key\".'),(2904,'Your API credentials have been successfully obtained from your PayPal account and saved for use by your X-Cart store.'),(1766,'Your Account'),(2781,'Your Message'),(2875,'Your PayPal Publisher ID is X'),(3551,'Your Stripe account is no longer accessible. Please connect with Stripe once again.'),(1633,'Your X-Cart installation is licensed for evaluation purposes only.'),(313,'Your account email is X.'),(1377,'Your account information will be e-mailed to you shortly'),(1378,'Your account information will be e-mailed to you shortly.'),(314,'Your account password is X.'),(2855,'Your account settings'),(2920,'Your address data was not received from PayPal. Please try again. If the problem persists, contact the administrator.'),(227,'Your cart'),(3340,'Your configuration string is not correct'),(3092,'Your custom file is successfully saved'),(1379,'Your e-mail'),(3045,'Your email'),(427,'Your first name'),(428,'Your last name'),(1380,'Your name'),(1706,'Your new password'),(1917,'Your order details will be sent to your e-mail address'),(2857,'Your partner name is PayPal'),(3042,'Your product rating is saved. Thank you!'),(1381,'Your products will be exported as a CSV file.'),(1715,'Your profile modified'),(2287,'Your request has been sent successfully'),(3056,'Your review'),(3043,'Your review has been updated. Thank your for sharing your opinion with us!'),(178,'Your shopping bag - X item'),(179,'Your shopping bag - X items'),(1382,'Your shopping bag is empty'),(1383,'Your state'),(1384,'Your store'),(1455,'Your store is configured to use the secure protocol for the store back-end and checkout, sign-in and profile pages.'),(1385,'Your store is currently unable to calculate taxes'),(2291,'Your version (X) can be upgraded to'),(193,'Zero cannot be used'),(1386,'Zip code'),(1387,'Zip/postal code masks'),(3232,'Zipcode'),(1388,'Zone'),(423,'Zone address masks help'),(422,'Zone city masks help'),(175,'Zone details have been updated successfully'),(1389,'Zone name'),(1442,'Zone not found (X)'),(421,'Zone zipcode masks help'),(1390,'Zones'),(2319,'Zoom image'),(2025,'\\\'RESULT\\\' argument not found'),(2020,'\\\'status\\\' request argument can not found'),(182,'_X_ item'),(183,'_X_ items'),(2000,'a side box'),(2944,'a2cp-source-code-PAB'),(3163,'a2cp-source-code-REL'),(1761,'address during the recent purchase'),(2036,'always'),(1391,'and'),(1720,'attributes'),(1759,'billing'),(1392,'by'),(1373,'cURL error'),(1646,'cannot create directory'),(286,'cannot set X permissions'),(2273,'checkbox.onoff.off'),(2272,'checkbox.onoff.on'),(1953,'cm'),(3261,'cs_categories'),(3263,'cs_did_you_mean'),(3262,'cs_pages'),(3260,'cs_products'),(3257,'cs_see_details'),(3258,'cs_see_more_results_for'),(3256,'cs_showing_results_for'),(3259,'cs_suggestions'),(3046,'customers'),(2038,'daily'),(1544,'default'),(659,'default-meta-description'),(1453,'deleted'),(2483,'deliveryTime.help'),(3487,'deposit your items at a Post Office'),(1393,'details'),(1618,'dimensions'),(1394,'disabled'),(3114,'disabled blocks'),(1954,'dm'),(1824,'done'),(1395,'downloads'),(2564,'eBay'),(3416,'ePDQ Currency'),(3418,'ePDQ Enable logging of ePDQ transactions'),(3417,'ePDQ Invoice number prefix'),(3413,'ePDQ PSPID'),(3414,'ePDQ SHA-IN pass phrase'),(3415,'ePDQ SHA-OUT pass phrase'),(3412,'ePDQ settings note'),(2034,'each'),(1556,'editable'),(434,'email@example.com'),(2255,'emailNotificationAdminHeader'),(2256,'emailNotificationAdminSignature'),(2252,'emailNotificationCustomerHeader'),(2254,'emailNotificationCustomerSignature'),(2253,'emailNotificationGreeting'),(1661,'empty'),(3481,'enable merchant wizard'),(1396,'enabled'),(2942,'expected on'),(2002,'expired'),(2839,'fedex.CODStatusOptionComment'),(1648,'file does not exist'),(2502,'flat rate'),(3370,'for this order'),(743,'from'),(1397,'from URL'),(1398,'from local computer'),(1399,'from local server'),(1967,'g'),(1400,'hard reset'),(2290,'hide list'),(2037,'hourly'),(3427,'iDEAL Currency'),(3429,'iDEAL Enable logging of iDEAL transactions'),(3428,'iDEAL Invoice number prefix'),(3421,'iDEAL Merchant ID'),(3425,'iDEAL Private Key'),(3426,'iDEAL Private Key Password'),(3423,'iDEAL Public Certificate File'),(3424,'iDEAL Public Key'),(3422,'iDEAL SubID'),(1612,'if you have any questions'),(2454,'imgsize-category-Default'),(2451,'imgsize-product-Default'),(2452,'imgsize-product-LGThumbnailGrid'),(2453,'imgsize-product-LGThumbnailList'),(3379,'in'),(1401,'in description'),(1402,'in title'),(2593,'inactive license key(s);'),(1955,'inches'),(2594,'installed module(s) not allowed by the type of X-Cart license activated at your store.'),(1436,'invalid module ID passed: X'),(1403,'is available'),(1619,'item(s)'),(1718,'item(s) in stock'),(221,'items'),(1404,'items available'),(1966,'kg'),(1541,'label name,'),(1542,'label translation.'),(3254,'label.coming_soon'),(1535,'labels count:'),(1540,'language code,'),(1964,'lbs'),(1405,'less'),(1570,'local files'),(1952,'mm'),(1438,'module version X is not equal to the core one (Y)'),(4,'module-sort-Alphabetically'),(2,'module-sort-Most popular'),(3,'module-sort-Newest'),(1406,'modules'),(2040,'monthly'),(2623,'more'),(1407,'ms'),(1557,'multi value'),(58,'n/a'),(2659,'na_admin'),(2631,'na_customer'),(1408,'never'),(2135,'no comments'),(1409,'none'),(1410,'not all archives were unpacked'),(436,'not all upgrade packs were downloaded'),(1412,'not available for sale'),(1413,'not installed'),(1414,'not ready to download packs. Please, try again'),(2765,'notification.section.administrator'),(2764,'notification.section.customer'),(1674,'now disabled'),(1415,'of'),(3357,'on your credit card in order to attach this credit card to your account. The amount will be released back to your card after a while.'),(1416,'options'),(1417,'or'),(2912,'or go to checkout as a New customer'),(2734,'or use the form below'),(3048,'out of'),(1606,'outdated'),(1965,'oz'),(3316,'page.'),(2248,'paymentStatus.Active'),(2249,'paymentStatus.Inactive'),(2887,'paypal_welcome_text'),(2503,'per item'),(243,'per page'),(2504,'per weight unit'),(303,'percent X off'),(2226,'price-All'),(2228,'price-Free'),(2227,'price-Paid'),(1626,'products'),(1418,'proxy'),(1879,'requested for'),(1481,'requested once or twice'),(1480,'requested only once'),(145,'required'),(3083,'reviewMetaDescription'),(1419,'sale'),(2775,'same as shipping'),(2035,'save'),(3328,'section.'),(3486,'shipments are picked up by Canada Post'),(1760,'shipping'),(2509,'shippingFormula.Free'),(2506,'shippingFormula.Items'),(2505,'shippingFormula.Shipping'),(2507,'shippingFormula.Subtotal'),(2508,'shippingFormula.Weight'),(2527,'shippingStatus.Active'),(2528,'shippingStatus.Inactive'),(2497,'shippingTableType.All'),(2496,'shippingTableType.Items'),(2494,'shippingTableType.Subtotal'),(2495,'shippingTableType.Weight'),(1420,'should be performed manually'),(2334,'show list'),(1421,'soft reset'),(1647,'subdirectories problems'),(49,'submit_restore_pass'),(3375,'tab and get back here to configure methods.'),(2484,'tableType.help'),(7,'tag-Accounting'),(8,'tag-Administration'),(6,'tag-All'),(2229,'tag-Catalog Management'),(9,'tag-Delivery'),(10,'tag-Development'),(11,'tag-Fulfillment'),(12,'tag-Marketing'),(13,'tag-Payment processing'),(2230,'tag-Search and Navigation'),(14,'tag-Statistics'),(15,'tag-Translation'),(16,'tag-User experience'),(17,'tag-Website design'),(2430,'the categories and product classes to which the coupon may be applied;'),(1685,'the custom modifications will be lost'),(2428,'the dates the coupon should be valid for;'),(2001,'the main column'),(2429,'the order subtotal range for which the coupon can be used;'),(2735,'the same as billing'),(1422,'trying to install a non-marketplace module: X'),(1423,'trying to unpack non-downloaded archives'),(1437,'unable to add module entry to the installation list: X'),(1424,'unable to install: not all archives were unpacked. Please, try again'),(1425,'unable to test files: not all archives were unpacked'),(1439,'unable to upload module'),(2420,'unavailable'),(2033,'units'),(1426,'unknown'),(1818,'unknown error'),(1600,'upgrade core'),(3145,'ups.CODStatusOptionComment'),(3310,'usps.CODStatusOptionComment'),(1638,'verified version'),(2289,'view list'),(3050,'votes'),(3464,'warning: parcel is overweight'),(3105,'webmasterMode.Disabled'),(3104,'webmasterMode.Enabled'),(2039,'weekly'),(1617,'weight'),(2431,'whether the coupon may be used by everyone or only by users with specific memberships.'),(3383,'with'),(2041,'yearly'),(1427,'you save'),(1687,'your web site may crash'),(1918,'{{count}} created'),(1919,'{{count}} updated'),(2663,'{{file}} file could not be copied to a new location {{newPath}}'),(1849,'{{module}} license agreement'),(1933,'{{name}} attributes'),(1808,'{{paymentMethod}} settings'),(3313,'{{value}} is an invalid container type for a REGULAR package. Valid Container is: VARIABLE');
CREATE TABLE `xlite_language_translations` (
  `label_id` int(11) NOT NULL AUTO_INCREMENT,
  `id` int(11) DEFAULT NULL,
  `name` varchar(64) COLLATE utf8_unicode_ci NOT NULL,
  `code` char(2) COLLATE utf8_unicode_ci NOT NULL,
  PRIMARY KEY (`label_id`),
  KEY `IDX_610C29E2BF396750` (`id`),
  KEY `ci` (`code`,`id`),
  CONSTRAINT `FK_610C29E2BF396750` FOREIGN KEY (`id`) REFERENCES `xlite_languages` (`lng_id`) ON DELETE CASCADE
) ENGINE=InnoDB DEFAULT CHARSET=utf8 COLLATE=utf8_unicode_ci;
INSERT INTO `xlite_language_translations` VALUES (1,1,'Afar','en'),(2,2,'Abkhazian','en'),(3,3,'Afrikaans','en'),(4,4,'Akan','en'),(5,5,'Albanian','en'),(6,6,'Amharic','en'),(7,7,'Arabic','en'),(8,8,'Aragonese','en'),(9,9,'Armenian','en'),(10,10,'Assamese','en'),(11,11,'Avaric','en'),(12,12,'Avestan','en'),(13,13,'Aymara','en'),(14,14,'Azerbaijani','en'),(15,15,'Bashkir','en'),(16,16,'Bambara','en'),(17,17,'Basque','en'),(18,18,'Belarusian','en'),(19,19,'Bengali','en'),(20,20,'Bihari','en'),(21,21,'Bislama','en'),(22,22,'Bosnian','en'),(23,23,'Breton','en'),(24,24,'British','en'),(25,25,'Bulgarian','en'),(26,26,'Burmese','en'),(27,27,'Catalan','en'),(28,28,'Chamorro','en'),(29,29,'Chechen','en'),(30,30,'Chinese','en'),(31,31,'Church Slavic','en'),(32,32,'Chuvash','en'),(33,33,'Cornish','en'),(34,34,'Corsican','en'),(35,35,'Cree','en'),(36,36,'Czech','en'),(37,37,'Danish','en'),(38,38,'Divehi','en'),(39,39,'Dutch','en'),(40,40,'Dzongkha','en'),(41,41,'English','en'),(42,42,'Esperanto','en'),(43,43,'Estonian','en'),(44,44,'Ewe','en'),(45,45,'Faroese','en'),(46,46,'Fijian','en'),(47,47,'Finnish','en'),(48,48,'French','en'),(49,49,'Western Frisian','en'),(50,50,'Fulah','en'),(51,51,'Georgian','en'),(52,52,'German','en'),(53,53,'Gaelic','en'),(54,54,'Irish','en'),(55,55,'Galician','en'),(56,56,'Manx','en'),(57,57,'Greek','en'),(58,58,'Guarani','en'),(59,59,'Gujarati','en'),(60,60,'Haitian','en'),(61,61,'Hausa','en'),(62,62,'Hebrew','en'),(63,63,'Herero','en'),(64,64,'Hindi','en'),(65,65,'Hiri Motu','en'),(66,66,'Croatian','en'),(67,67,'Hungarian','en'),(68,68,'Igbo','en'),(69,69,'Icelandic','en'),(70,70,'Ido','en'),(71,71,'Sichuan Yi','en'),(72,72,'Inuktitut','en'),(73,73,'Interlingue','en'),(74,74,'Interlingua','en'),(75,75,'Indonesian','en'),(76,76,'Inupiaq','en'),(77,77,'Italian','en'),(78,78,'Javanese','en'),(79,79,'Japanese','en'),(80,80,'Kalaallisut','en'),(81,81,'Kannada','en'),(82,82,'Kashmiri','en'),(83,83,'Kanuri','en'),(84,84,'Kazakh','en'),(85,85,'Khmer or Cambodian','en'),(86,86,'Kikuyu','en'),(87,87,'Kinyarwanda','en'),(88,88,'Kirghiz','en'),(89,89,'Komi','en'),(90,90,'Kongo','en'),(91,91,'Korean','en'),(92,92,'Kuanyama','en'),(93,93,'Kurdish','en'),(94,94,'Lao','en'),(95,95,'Latin','en'),(96,96,'Latvian','en'),(97,97,'Limburgan','en'),(98,98,'Lingala','en'),(99,99,'Lithuanian','en'),(100,100,'Luxembourgish','en'),(101,101,'Luba-Katanga','en'),(102,102,'Ganda','en'),(103,103,'Macedonian','en'),(104,104,'Marshallese','en'),(105,105,'Malayalam','en'),(106,106,'Maori','en'),(107,107,'Marathi','en'),(108,108,'Malay','en'),(109,109,'Malagasy','en'),(110,110,'Maltese','en'),(111,111,'Mongolian','en'),(112,112,'Nauru','en'),(113,113,'Navajo','en'),(114,114,'Ndebel','en'),(115,115,'Ndebel','en'),(116,116,'Ndonga','en'),(117,117,'Nepali','en'),(118,118,'Norwegian','en'),(119,119,'Chichewa','en'),(120,120,'Occitan','en'),(121,121,'Ojibwa','en'),(122,122,'Oriya','en'),(123,123,'Oromo','en'),(124,124,'Ossetian','en'),(125,125,'Panjabi','en'),(126,126,'Persian','en'),(127,127,'Pali','en'),(128,128,'Polish','en'),(129,129,'Portuguese','en'),(130,130,'Pushto','en'),(131,131,'Quechua','en'),(132,132,'Romansh','en'),(133,133,'Romanian','en'),(134,134,'Rundi','en'),(135,135,'Russian','en'),(136,136,'Sango','en'),(137,137,'Sanskrit','en'),(138,138,'Sinhala','en'),(139,139,'Slovak','en'),(140,140,'Slovenian','en'),(141,141,'Northern Sami','en'),(142,142,'Samoan','en'),(143,143,'Shona','en'),(144,144,'Sindhi','en'),(145,145,'Somali','en'),(146,146,'Soth','en'),(147,147,'Spanish','en'),(148,148,'Sardinian','en'),(149,149,'Serbian','en'),(150,150,'Swati','en'),(151,151,'Sundanese','en'),(152,152,'Swahili','en'),(153,153,'Swedish','en'),(154,154,'Tahitian','en'),(155,155,'Tamil','en'),(156,156,'Tatar','en'),(157,157,'Telugu','en'),(158,158,'Tajik','en'),(159,159,'Tagalog','en'),(160,160,'Thai','en'),(161,161,'Tibetan','en'),(162,162,'Tigrinya','en'),(163,163,'Tonga','en'),(164,164,'Tswana','en'),(165,165,'Tsonga','en'),(166,166,'Turkmen','en'),(167,167,'Turkish','en'),(168,168,'Twi','en'),(169,169,'Uighur','en'),(170,170,'Ukrainian','en'),(171,171,'Urdu','en'),(172,172,'Uzbek','en'),(173,173,'Venda','en'),(174,174,'Vietnamese','en'),(175,175,'Welsh','en'),(176,176,'Walloon','en'),(177,177,'Wolof','en'),(178,178,'Xhosa','en'),(179,179,'Yiddish','en'),(180,180,'Yoruba','en'),(181,181,'Zhuang','en'),(182,182,'Zulu','en');
CREATE TABLE `xlite_languages` (
  `lng_id` int(11) NOT NULL AUTO_INCREMENT,
  `code` char(2) COLLATE utf8_unicode_ci NOT NULL,
  `code3` char(3) COLLATE utf8_unicode_ci NOT NULL,
  `r2l` tinyint(1) NOT NULL,
  `added` tinyint(1) NOT NULL,
  `enabled` tinyint(1) NOT NULL,
  `module` varchar(255) COLLATE utf8_unicode_ci DEFAULT NULL,
  PRIMARY KEY (`lng_id`),
  UNIQUE KEY `UNIQ_3940C19DD7077436` (`lng_id`),
  UNIQUE KEY `code3` (`code3`),
  UNIQUE KEY `code2` (`code`),
  KEY `added` (`added`),
  KEY `enabled` (`enabled`)
) ENGINE=InnoDB DEFAULT CHARSET=utf8 COLLATE=utf8_unicode_ci;
INSERT INTO `xlite_languages` VALUES (1,'aa','aar',0,0,0,NULL),(2,'ab','abk',0,0,0,NULL),(3,'af','afr',0,0,0,NULL),(4,'ak','aka',0,0,0,NULL),(5,'sq','alb',0,0,0,NULL),(6,'am','amh',0,0,0,NULL),(7,'ar','ara',0,0,0,NULL),(8,'an','arg',0,0,0,NULL),(9,'hy','arm',0,0,0,NULL),(10,'as','asm',0,0,0,NULL),(11,'av','ava',0,0,0,NULL),(12,'ae','ave',0,0,0,NULL),(13,'ay','aym',0,0,0,NULL),(14,'az','aze',0,0,0,NULL),(15,'ba','bak',0,0,0,NULL),(16,'bm','bam',0,0,0,NULL),(17,'eu','baq',0,0,0,NULL),(18,'be','bel',0,0,0,NULL),(19,'bn','ben',0,0,0,NULL),(20,'bh','bih',0,0,0,NULL),(21,'bi','bis',0,0,0,NULL),(22,'bs','bos',0,0,0,NULL),(23,'br','bre',0,0,0,NULL),(24,'gb','gbr',0,0,0,'XC\\GbTranslation'),(25,'bg','bul',0,0,0,NULL),(26,'my','bur',0,0,0,NULL),(27,'ca','cat',0,0,0,NULL),(28,'ch','cha',0,0,0,NULL),(29,'ce','che',0,0,0,NULL),(30,'zh','chi',0,0,0,NULL),(31,'cu','chu',0,0,0,NULL),(32,'cv','chv',0,0,0,NULL),(33,'kw','cor',0,0,0,NULL),(34,'co','cos',0,0,0,NULL),(35,'cr','cre',0,0,0,NULL),(36,'cs','cze',0,0,0,NULL),(37,'da','dan',0,0,0,NULL),(38,'dv','div',0,0,0,NULL),(39,'nl','dut',0,0,0,NULL),(40,'dz','dzo',0,0,0,NULL),(41,'en','eng',0,1,1,NULL),(42,'eo','epo',0,0,0,NULL),(43,'et','est',0,0,0,NULL),(44,'ee','ewe',0,0,0,NULL),(45,'fo','fao',0,0,0,NULL),(46,'fj','fij',0,0,0,NULL),(47,'fi','fin',0,0,0,NULL),(48,'fr','fre',0,0,0,'CDev\\FrTranslation'),(49,'fy','fry',0,0,0,NULL),(50,'ff','ful',0,0,0,NULL),(51,'ka','geo',0,0,0,NULL),(52,'de','ger',0,0,0,'CDev\\DeTranslation'),(53,'gd','gla',0,0,0,NULL),(54,'ga','gle',0,0,0,NULL),(55,'gl','glg',0,0,0,NULL),(56,'gv','glv',0,0,0,NULL),(57,'el','gre',0,0,0,NULL),(58,'gn','grn',0,0,0,NULL),(59,'gu','guj',0,0,0,NULL),(60,'ht','hat',0,0,0,NULL),(61,'ha','hau',0,0,0,NULL),(62,'he','heb',0,0,0,NULL),(63,'hz','her',0,0,0,NULL),(64,'hi','hin',0,0,0,NULL),(65,'ho','hmo',0,0,0,NULL),(66,'hr','hrv',0,0,0,NULL),(67,'hu','hun',0,0,0,NULL),(68,'ig','ibo',0,0,0,NULL),(69,'is','ice',0,0,0,NULL),(70,'io','ido',0,0,0,NULL),(71,'ii','iii',0,0,0,NULL),(72,'iu','iku',0,0,0,NULL),(73,'ie','ile',0,0,0,NULL),(74,'ia','ina',0,0,0,NULL),(75,'id','ind',0,0,0,NULL),(76,'ik','ipk',0,0,0,NULL),(77,'it','ita',0,0,0,NULL),(78,'jv','jav',0,0,0,NULL),(79,'ja','jpn',0,0,0,NULL),(80,'kl','kal',0,0,0,NULL),(81,'kn','kan',0,0,0,NULL),(82,'ks','kas',0,0,0,NULL),(83,'kr','kau',0,0,0,NULL),(84,'kk','kaz',0,0,0,NULL),(85,'km','khm',0,0,0,NULL),(86,'ki','kik',0,0,0,NULL),(87,'rw','kin',0,0,0,NULL),(88,'ky','kir',0,0,0,NULL),(89,'kv','kom',0,0,0,NULL),(90,'kg','kon',0,0,0,NULL),(91,'ko','kor',0,0,0,NULL),(92,'kj','kua',0,0,0,NULL),(93,'ku','kur',0,0,0,NULL),(94,'lo','lao',0,0,0,NULL),(95,'la','lat',0,0,0,NULL),(96,'lv','lav',0,0,0,NULL),(97,'li','lim',0,0,0,NULL),(98,'ln','lin',0,0,0,NULL),(99,'lt','lit',0,0,0,NULL),(100,'lb','ltz',0,0,0,NULL),(101,'lu','lub',0,0,0,NULL),(102,'lg','lug',0,0,0,NULL),(103,'mk','mac',0,0,0,NULL),(104,'mh','mah',0,0,0,NULL),(105,'ml','mal',0,0,0,NULL),(106,'mi','mao',0,0,0,NULL),(107,'mr','mar',0,0,0,NULL),(108,'ms','may',0,0,0,NULL),(109,'mg','mlg',0,0,0,NULL),(110,'mt','mlt',0,0,0,NULL),(111,'mn','mon',0,0,0,NULL),(112,'na','nau',0,0,0,NULL),(113,'nv','nav',0,0,0,NULL),(114,'nr','nbl',0,0,0,NULL),(115,'nd','nde',0,0,0,NULL),(116,'ng','ndo',0,0,0,NULL),(117,'ne','nep',0,0,0,NULL),(118,'no','nor',0,0,0,NULL),(119,'ny','nya',0,0,0,NULL),(120,'oc','oci',0,0,0,NULL),(121,'oj','oji',0,0,0,NULL),(122,'or','ori',0,0,0,NULL),(123,'om','orm',0,0,0,NULL),(124,'os','oss',0,0,0,NULL),(125,'pa','pan',0,0,0,NULL),(126,'fa','per',0,0,0,NULL),(127,'pi','pli',0,0,0,NULL),(128,'pl','pol',0,0,0,NULL),(129,'pt','por',0,0,0,NULL),(130,'ps','pus',0,0,0,NULL),(131,'qu','que',0,0,0,NULL),(132,'rm','roh',0,0,0,NULL),(133,'ro','rum',0,0,0,NULL),(134,'rn','run',0,0,0,NULL),(135,'ru','rus',0,0,0,'CDev\\RuTranslation'),(136,'sg','sag',0,0,0,NULL),(137,'sa','san',0,0,0,NULL),(138,'si','sin',0,0,0,NULL),(139,'sk','slo',0,0,0,NULL),(140,'sl','slv',0,0,0,NULL),(141,'se','sme',0,0,0,NULL),(142,'sm','smo',0,0,0,NULL),(143,'sn','sna',0,0,0,NULL),(144,'sd','snd',0,0,0,NULL),(145,'so','som',0,0,0,NULL),(146,'st','sot',0,0,0,NULL),(147,'es','spa',0,0,0,NULL),(148,'sc','srd',0,0,0,NULL),(149,'sr','srp',0,0,0,NULL),(150,'ss','ssw',0,0,0,NULL),(151,'su','sun',0,0,0,NULL),(152,'sw','swa',0,0,0,NULL),(153,'sv','swe',0,0,0,NULL),(154,'ty','tah',0,0,0,NULL),(155,'ta','tam',0,0,0,NULL),(156,'tt','tat',0,0,0,NULL),(157,'te','tel',0,0,0,NULL),(158,'tg','tgk',0,0,0,NULL),(159,'tl','tgl',0,0,0,NULL),(160,'th','tha',0,0,0,NULL),(161,'bo','tib',0,0,0,NULL),(162,'ti','tir',0,0,0,NULL),(163,'to','ton',0,0,0,NULL),(164,'tn','tsn',0,0,0,NULL),(165,'ts','tso',0,0,0,NULL),(166,'tk','tuk',0,0,0,NULL),(167,'tr','tur',0,0,0,NULL),(168,'tw','twi',0,0,0,NULL),(169,'ug','uig',0,0,0,NULL),(170,'uk','ukr',0,0,0,NULL),(171,'ur','urd',0,0,0,NULL),(172,'uz','uzb',0,0,0,NULL),(173,'ve','ven',0,0,0,NULL),(174,'vi','vie',0,0,0,NULL),(175,'cy','wel',0,0,0,NULL),(176,'wa','wln',0,0,0,NULL),(177,'wo','wol',0,0,0,NULL),(178,'xh','xho',0,0,0,NULL),(179,'yi','yid',0,0,0,NULL),(180,'yo','yor',0,0,0,NULL),(181,'za','zha',0,0,0,NULL),(182,'zu','zul',0,0,0,NULL);
CREATE TABLE `xlite_measure_dumps` (
  `id` int(10) unsigned NOT NULL AUTO_INCREMENT,
  `data` varchar(255) COLLATE utf8_unicode_ci NOT NULL,
  `text` longtext COLLATE utf8_unicode_ci NOT NULL,
  PRIMARY KEY (`id`)
) ENGINE=InnoDB DEFAULT CHARSET=utf8 COLLATE=utf8_unicode_ci;
CREATE TABLE `xlite_measures` (
  `id` int(10) unsigned NOT NULL AUTO_INCREMENT,
  `date` int(10) unsigned NOT NULL,
  `fsTime` int(10) unsigned NOT NULL,
  `dbTime` int(10) unsigned NOT NULL,
  `cpuTime` int(10) unsigned NOT NULL,
  PRIMARY KEY (`id`)
) ENGINE=InnoDB DEFAULT CHARSET=utf8 COLLATE=utf8_unicode_ci;
CREATE TABLE `xlite_membership_coupons` (
  `coupon_id` int(10) unsigned NOT NULL,
  `membership_id` int(10) unsigned NOT NULL,
  PRIMARY KEY (`coupon_id`,`membership_id`),
  KEY `IDX_560DE2166C5951B` (`coupon_id`),
  KEY `IDX_560DE211FB354CD` (`membership_id`),
  CONSTRAINT `FK_560DE211FB354CD` FOREIGN KEY (`membership_id`) REFERENCES `xlite_memberships` (`membership_id`) ON DELETE CASCADE,
  CONSTRAINT `FK_560DE2166C5951B` FOREIGN KEY (`coupon_id`) REFERENCES `xlite_coupons` (`id`) ON DELETE CASCADE
) ENGINE=InnoDB DEFAULT CHARSET=utf8 COLLATE=utf8_unicode_ci;
CREATE TABLE `xlite_membership_translations` (
  `label_id` int(11) NOT NULL AUTO_INCREMENT,
  `id` int(10) unsigned DEFAULT NULL,
  `name` varchar(128) COLLATE utf8_unicode_ci NOT NULL,
  `code` char(2) COLLATE utf8_unicode_ci NOT NULL,
  PRIMARY KEY (`label_id`),
  KEY `ci` (`code`,`id`),
  KEY `id` (`id`),
  CONSTRAINT `FK_571DB741BF396750` FOREIGN KEY (`id`) REFERENCES `xlite_memberships` (`membership_id`) ON DELETE CASCADE
) ENGINE=InnoDB DEFAULT CHARSET=utf8 COLLATE=utf8_unicode_ci;
INSERT INTO `xlite_membership_translations` VALUES (1,1,'Wholesaler','en'),(2,1,'Оптовый покупатель','ru');
CREATE TABLE `xlite_memberships` (
  `membership_id` int(10) unsigned NOT NULL AUTO_INCREMENT,
  `position` int(11) NOT NULL,
  `enabled` tinyint(1) NOT NULL,
  PRIMARY KEY (`membership_id`)
) ENGINE=InnoDB DEFAULT CHARSET=utf8 COLLATE=utf8_unicode_ci;
INSERT INTO `xlite_memberships` VALUES (1,10,1);
CREATE TABLE `xlite_menu_quick_flags` (
  `id` int(11) NOT NULL AUTO_INCREMENT,
  `menu_id` int(10) unsigned DEFAULT NULL,
  `submenus_count_all` int(11) NOT NULL,
  `submenus_count_enabled` int(11) NOT NULL,
  PRIMARY KEY (`id`),
  UNIQUE KEY `UNIQ_B0327DB0CCD7E912` (`menu_id`),
  CONSTRAINT `FK_B0327DB0CCD7E912` FOREIGN KEY (`menu_id`) REFERENCES `xlite_menus` (`id`)
) ENGINE=InnoDB DEFAULT CHARSET=utf8 COLLATE=utf8_unicode_ci;
INSERT INTO `xlite_menu_quick_flags` VALUES (1,3,2,2),(3,1,0,0),(4,2,12,12),(5,4,0,0),(6,5,0,0),(8,6,0,0),(9,7,0,0),(10,8,0,0),(11,9,3,2),(12,10,0,0),(13,11,0,0),(14,12,0,0),(15,14,3,3),(16,13,0,0),(17,15,0,0),(18,16,0,0),(19,17,0,0),(20,18,3,3),(21,19,0,0),(22,20,0,0),(23,21,0,0),(24,22,3,3),(25,23,0,0),(26,24,0,0),(27,25,0,0),(28,26,2,2),(29,27,0,0),(30,28,0,0),(31,29,3,3),(32,30,0,0),(33,31,0,0),(34,32,0,0);
CREATE TABLE `xlite_menu_translations` (
  `label_id` int(11) NOT NULL AUTO_INCREMENT,
  `id` int(10) unsigned DEFAULT NULL,
  `name` varchar(255) COLLATE utf8_unicode_ci NOT NULL,
  `code` char(2) COLLATE utf8_unicode_ci NOT NULL,
  PRIMARY KEY (`label_id`),
  KEY `ci` (`code`,`id`),
  KEY `id` (`id`),
  CONSTRAINT `FK_CC54E72BBF396750` FOREIGN KEY (`id`) REFERENCES `xlite_menus` (`id`) ON DELETE CASCADE
) ENGINE=InnoDB DEFAULT CHARSET=utf8 COLLATE=utf8_unicode_ci;
INSERT INTO `xlite_menu_translations` VALUES (1,1,'Home','en'),(2,1,'Главная','ru'),(3,3,'My Account','en'),(4,3,'Мой профиль','ru'),(5,4,'My orders','en'),(6,4,'Мои заказы','ru'),(7,5,'My address book','en'),(8,5,'Мои адреса','ru'),(9,6,'Shipping','en'),(10,6,'Доставка','ru'),(11,7,'New!','en'),(12,7,'Новинки','ru'),(13,8,'Coming soon','en'),(14,8,'Скоро в продаже','ru'),(15,9,'Hot deals','en'),(16,9,'Акции','ru'),(17,10,'Sale','en'),(18,10,'Распродажа','ru'),(19,11,'Bestsellers','en'),(20,11,'Бестселлеры','ru'),(21,12,'Special offers','en'),(22,12,'Специальные предложения','ru'),(23,13,'Contact us','en'),(24,13,'Напишите нам','ru'),(25,14,'Categories','en'),(26,14,'Товары','ru'),(27,15,'Apparel','en'),(28,15,'Одежда','ru'),(29,16,'iGoods','en'),(30,16,'Электроника','ru'),(31,17,'Toys','en'),(32,17,'Игрушки','ru'),(33,18,'Offers','en'),(34,18,'Акции','ru'),(35,19,'Sale','en'),(36,19,'Распродажа','ru'),(37,20,'Coming soon','en'),(38,20,'Скоро в продаже','ru'),(39,21,'New!','en'),(40,21,'Новинки','ru'),(41,22,'Info links','en'),(42,22,'Информация','ru'),(43,23,'Shipping','en'),(44,23,'Правила доставки','ru'),(45,24,'Sitemap','en'),(46,24,'Карта сайта','ru'),(47,25,'Terms & Conditions','en'),(48,25,'Условия использования','ru'),(49,26,'Services','en'),(50,26,'Сервисы','ru'),(51,27,'Shipping info','en'),(52,27,'Доставка','ru'),(53,28,'Contact us','en'),(54,28,'Напишите нам','ru'),(55,29,'My X-Cart','en'),(56,29,'Мой X-Cart','ru'),(57,30,'Address book','en'),(58,30,'Мои адреса','ru'),(59,31,'Order list','en'),(60,31,'Мои заказы','ru'),(61,32,'Account details','en'),(62,32,'Личный кабинет','ru');
CREATE TABLE `xlite_menus` (
  `id` int(10) unsigned NOT NULL AUTO_INCREMENT,
  `parent_id` int(10) unsigned DEFAULT NULL,
  `link` varchar(255) COLLATE utf8_unicode_ci DEFAULT NULL,
  `lpos` int(11) NOT NULL,
  `rpos` int(11) NOT NULL,
  `depth` int(11) NOT NULL,
  `type` varchar(1) COLLATE utf8_unicode_ci NOT NULL,
  `position` int(11) NOT NULL,
  `enabled` tinyint(1) NOT NULL,
  `visibleFor` varchar(2) COLLATE utf8_unicode_ci NOT NULL,
  PRIMARY KEY (`id`),
  KEY `IDX_AC666883727ACA70` (`parent_id`),
  KEY `enabled` (`enabled`,`type`),
  KEY `position` (`position`),
  CONSTRAINT `FK_AC666883727ACA70` FOREIGN KEY (`parent_id`) REFERENCES `xlite_menus` (`id`) ON DELETE SET NULL
) ENGINE=InnoDB DEFAULT CHARSET=utf8 COLLATE=utf8_unicode_ci;
INSERT INTO `xlite_menus` VALUES (1,2,'{home}',2,3,0,'P',100,1,'AL'),(2,NULL,'link',1,64,-1,'P',0,1,'AL'),(3,2,'{my account}',4,9,0,'P',600,1,'L'),(4,3,'?target=order_list',5,6,1,'P',100,1,'L'),(5,3,'?target=address_book',7,8,1,'P',200,1,'L'),(6,2,'shipping.html',10,11,0,'P',200,1,'AL'),(7,2,'{new arrivals}',12,13,0,'P',400,1,'AL'),(8,2,'{coming soon}',14,15,0,'P',500,1,'AL'),(9,2,NULL,16,23,0,'P',150,1,'AL'),(10,9,'{sale}',17,18,1,'P',100,1,'AL'),(11,9,'{bestsellers}',19,20,1,'P',200,1,'AL'),(12,9,'?target=special_offers',21,22,1,'P',300,0,'AL'),(13,2,'{contact us}',24,25,0,'P',700,1,'AL'),(14,2,NULL,26,33,0,'F',100,1,'AL'),(15,14,'apparel',27,28,1,'F',100,1,'AL'),(16,14,'igoods',29,30,1,'F',200,1,'AL'),(17,14,'toys',31,32,1,'F',300,1,'AL'),(18,2,NULL,34,41,0,'F',200,1,'AL'),(19,18,'{sale}',35,36,1,'F',100,1,'AL'),(20,18,'{coming soon}',37,38,1,'F',200,1,'AL'),(21,18,'{new arrivals}',39,40,1,'F',300,1,'AL'),(22,2,NULL,42,49,0,'F',300,1,'AL'),(23,22,'shipping.html',43,44,1,'F',100,1,'AL'),(24,22,'?target=map',45,46,1,'F',200,1,'AL'),(25,22,'terms-and-conditions.html',47,48,1,'F',300,1,'AL'),(26,2,NULL,50,55,0,'F',400,1,'AL'),(27,26,'shipping.html',51,52,1,'F',100,1,'AL'),(28,26,'{contact us}',53,54,1,'F',200,1,'AL'),(29,2,NULL,56,63,0,'F',500,1,'L'),(30,29,'?target=address_book',57,58,1,'F',100,1,'L'),(31,29,'?target=order_list',59,60,1,'F',200,1,'L'),(32,29,'?target=profile',61,62,1,'F',300,1,'L');
CREATE TABLE `xlite_module_keys` (
  `keyId` int(11) NOT NULL AUTO_INCREMENT,
  `name` varchar(64) COLLATE utf8_unicode_ci NOT NULL,
  `author` varchar(64) COLLATE utf8_unicode_ci NOT NULL,
  `keyValue` char(64) COLLATE utf8_unicode_ci NOT NULL,
  `keyType` int(11) NOT NULL,
  `xcnPlan` bigint(20) NOT NULL,
  `keyData` longtext COLLATE utf8_unicode_ci NOT NULL COMMENT '(DC2Type:array)',
  `active` tinyint(1) NOT NULL,
  PRIMARY KEY (`keyId`),
  UNIQUE KEY `an` (`author`,`name`,`xcnPlan`)
) ENGINE=InnoDB DEFAULT CHARSET=utf8 COLLATE=utf8_unicode_ci;
CREATE TABLE `xlite_modules` (
  `moduleID` int(11) NOT NULL AUTO_INCREMENT,
  `name` varchar(64) COLLATE utf8_unicode_ci NOT NULL,
  `author` varchar(64) COLLATE utf8_unicode_ci NOT NULL,
  `authorEmail` varchar(255) COLLATE utf8_unicode_ci NOT NULL,
  `enabled` tinyint(1) NOT NULL,
  `installed` tinyint(1) NOT NULL,
  `yamlLoaded` tinyint(1) NOT NULL,
  `date` int(11) NOT NULL,
  `rating` decimal(14,4) NOT NULL,
  `votes` int(11) NOT NULL,
  `downloads` int(11) NOT NULL,
  `price` decimal(14,2) NOT NULL,
  `currency` varchar(3) COLLATE utf8_unicode_ci NOT NULL,
  `majorVersion` varchar(8) COLLATE utf8_unicode_ci NOT NULL,
  `minorVersion` int(11) NOT NULL,
  `build` int(11) NOT NULL,
  `minorRequiredCoreVersion` int(11) NOT NULL,
  `revisionDate` int(11) NOT NULL,
  `packSize` bigint(20) NOT NULL,
  `xcnPlan` bigint(20) NOT NULL,
  `moduleName` varchar(255) COLLATE utf8_unicode_ci NOT NULL,
  `authorName` varchar(255) COLLATE utf8_unicode_ci NOT NULL,
  `description` longtext COLLATE utf8_unicode_ci NOT NULL,
  `iconURL` varchar(255) COLLATE utf8_unicode_ci DEFAULT NULL,
  `pageURL` varchar(255) COLLATE utf8_unicode_ci NOT NULL,
  `authorPageURL` varchar(255) COLLATE utf8_unicode_ci NOT NULL,
  `dependencies` longtext COLLATE utf8_unicode_ci NOT NULL COMMENT '(DC2Type:array)',
  `tags` longtext COLLATE utf8_unicode_ci NOT NULL COMMENT '(DC2Type:array)',
  `fromMarketplace` tinyint(1) NOT NULL,
  `isLanding` tinyint(1) NOT NULL,
  `landingPosition` int(11) NOT NULL,
  `isSystem` tinyint(1) NOT NULL,
  `hasLicense` tinyint(1) NOT NULL,
  `editionState` int(11) NOT NULL,
  `editions` longtext COLLATE utf8_unicode_ci NOT NULL COMMENT '(DC2Type:array)',
  `xbProductId` int(11) NOT NULL,
  `isSkin` tinyint(1) NOT NULL,
  PRIMARY KEY (`moduleID`),
  UNIQUE KEY `moduleVersion` (`author`,`name`,`majorVersion`,`minorVersion`,`fromMarketplace`),
  KEY `enabled` (`enabled`),
  KEY `date` (`date`),
  KEY `downloads` (`downloads`),
  KEY `rating` (`rating`),
  KEY `ani` (`author`,`name`,`installed`),
  KEY `anmm` (`author`,`name`,`majorVersion`,`minorVersion`),
  KEY `anf` (`author`,`name`,`fromMarketplace`)
) ENGINE=InnoDB DEFAULT CHARSET=utf8 COLLATE=utf8_unicode_ci;
INSERT INTO `xlite_modules` VALUES (1,'PayWithAmazon','Amazon','',1,1,1,1469800887,0.0000,0,0,0.00,'USD','5.3',1,0,0,0,0,0,'Pay with Amazon','Amazon Payments','This module enables Pay with Amazon functionality',NULL,'','','a:0:{}','a:0:{}',0,0,0,0,0,0,'a:0:{}',0,0),(2,'ESelectHPP','XC','',1,1,1,1469800887,0.0000,0,0,0.00,'USD','5.3',1,0,0,0,0,0,'Moneris (eSELECTplus- Hosted Pay Page)','X-Cart team','Accept credit and debit cards via an online transaction processing engine. USA and Canada',NULL,'','','a:0:{}','a:0:{}',0,0,0,0,0,0,'a:0:{}',0,0),(3,'AuctionInc','XC','',1,1,1,1469800887,0.0000,0,0,0.00,'USD','5.3',1,0,0,0,0,0,'AuctionInc ShippingCalc','X-Cart team','Provide your customers with accurate \"real-time\" comparative domestic or international shipping rates from\nyour choice of services from Fedex, UPS, USPS and DHL. No carrier accounts required. Full support for your\nitem dimensions and dimensional rates. Shipping origins from any country supported. A host of advanced\nfeatures include: shipping promotions, bundled handling fees, drop-shipping from multiple origins, and a\npackaging engine that accurately predicts appropriate packaging for multiple items and quantities. Free\nmonth-long trial, then subscription to AuctionInc required.',NULL,'','','a:0:{}','a:0:{}',0,0,0,0,0,0,'a:0:{}',0,0),(4,'CustomProductTabs','XC','',1,1,1,1469800887,0.0000,0,0,0.00,'USD','5.3',1,0,0,0,0,0,'Custom product tabs','X-Cart team','Add additional tabs on the product page. Custom name, custom content - html text or product videos, whatever describes your product best.',NULL,'','','a:0:{}','a:0:{}',0,0,0,0,0,0,'a:0:{}',0,0),(5,'UPS','XC','',1,1,1,1469800887,0.0000,0,0,0.00,'USD','5.3',1,0,0,0,0,0,'UPS','X-Cart team','Gets shipping quotes for UPS delivery methods.',NULL,'','','a:0:{}','a:0:{}',0,0,0,0,0,0,'a:0:{}',0,0),(6,'WebmasterKit','XC','',0,1,0,1469800887,0.0000,0,0,0.00,'USD','5.3',1,0,0,0,0,0,'Webmaster Kit','X-Cart team','This module helps web developers. It is used to find specific templates (the same as Webmaster mode functionality in X-Cart 4), SQL logging, benchmarking.',NULL,'','','a:0:{}','a:0:{}',0,0,0,0,0,0,'a:0:{}',0,0),(7,'NextPreviousProduct','XC','',1,1,1,1469800887,0.0000,0,0,0.00,'USD','5.3',1,0,0,0,0,0,'Previous and Next product','X-Cart team','Display \"Previous\" and \"Next product\" links on your product sheets, be it a category page, a search results page or products of a particular brand.',NULL,'','','a:0:{}','a:0:{}',0,0,0,0,0,0,'a:0:{}',0,0),(8,'Pilibaba','XC','',0,1,0,1469800887,0.0000,0,0,0.00,'USD','5.3',1,0,0,0,0,0,'Pilibaba Chinese Checkout','X-Cart team','Start accepting CNY payment and take orders from 1.3 Billion shoppers in China. Support all Chinese debit/credit cards and give merchants the flexibility to convert CNY payment into either USD,EUR or 12 supported currencies.',NULL,'','','a:0:{}','a:0:{}',0,0,0,0,0,0,'a:0:{}',0,0),(9,'SagePay','XC','',1,1,1,1469800887,0.0000,0,0,0.00,'USD','5.3',1,0,0,0,0,0,'Sage Pay (Form)','X-Cart team','Enables taking credit card payments for your online store via SagePay payment gateway (Form protocol method).',NULL,'','','a:0:{}','a:0:{}',0,0,0,0,0,0,'a:0:{}',0,0),(10,'MultiCurrency','XC','',0,1,0,1469800887,0.0000,0,0,0.00,'USD','5.3',1,0,1,0,0,0,'Multicurrency','X-Cart team','Show product prices in multiple currencies for your customers around the world.',NULL,'','','a:0:{}','a:0:{}',0,0,0,0,0,0,'a:0:{}',0,0),(11,'Geolocation','XC','',0,1,0,1469800887,0.0000,0,0,0.00,'USD','5.3',1,0,0,0,0,0,'Geolocation','X-Cart team','Use free IP geolocation database GeoLite by Maxmind to improve the user experience of non-logged in customers - \"guess\" their country and address for more precise pre-login shipping cost estimation',NULL,'','','a:0:{}','a:0:{}',0,0,0,0,0,0,'a:0:{}',0,0),(12,'News','XC','',1,1,1,1469800887,0.0000,0,0,0.00,'USD','5.3',1,0,0,0,0,0,'News','X-Cart team','Share the company and products news and updates with your community.',NULL,'','','a:0:{}','a:0:{}',0,0,0,0,0,0,'a:0:{}',0,0),(13,'OgoneEcommerce','XC','',1,1,1,1469800887,0.0000,0,0,0.00,'USD','5.3',1,0,0,0,0,0,'Ingenico Payment Services (Ogone)','X-Cart team','Enable online payment processing with a level-1 PCI DSS compliant provider based in Europe.',NULL,'','','a:0:{}','a:0:{}',0,0,0,0,0,0,'a:0:{}',0,0),(14,'ThemeTweaker','XC','',1,1,1,1469800887,0.0000,0,0,0.00,'USD','5.3',1,0,0,0,0,0,'Theme tweaker','X-Cart team','This extension allows you to tweak your store design by adding and editing custom CSS styles and JavaScript code directly in the store back end. Also you can upload images to link them from your CSS styles.',NULL,'','','a:0:{}','a:0:{}',0,0,0,0,0,0,'a:0:{}',0,0),(15,'ProductVariants','XC','',0,1,0,1469800887,0.0000,0,0,0.00,'USD','5.3',1,0,0,0,0,0,'Product Variants','X-Cart team','Allows to manage products variants.',NULL,'','','a:0:{}','a:0:{}',0,0,0,0,0,0,'a:0:{}',0,0),(16,'Upselling','XC','',1,1,1,1469800887,0.0000,0,0,0.00,'USD','5.3',1,0,0,0,0,0,'Related Products','X-Cart team','This module gives you the ability to add a list of products which will be offered along with the product being viewed. You may use this feature to promote products, e.g. making them related or recommended.',NULL,'','','a:0:{}','a:0:{}',0,0,0,0,0,0,'a:0:{}',0,0),(17,'NewsletterSubscriptions','XC','',1,1,1,1469800887,0.0000,0,0,0.00,'USD','5.3',1,0,0,0,0,0,'Newsletter subscriptions','X-Cart team','The module adds a sign up form into your site footer inviting your customers to subscribe for your company newsletters. The list of subscribers is stored in the admin back-end and can also be forwarded to Mailchimp.',NULL,'','','a:0:{}','a:0:{}',0,0,0,0,0,0,'a:0:{}',0,0),(18,'CrispWhiteSkin','XC','',1,1,1,1469800887,0.0000,0,0,0.00,'USD','5.3',1,0,0,0,0,0,'Crisp White skin','X-Cart team','Light and clean skin developed in minimalist style and combining flat and material design will make your store look clean and modern.',NULL,'','','a:0:{}','a:0:{}',0,0,0,0,0,0,'a:0:{}',0,1),(19,'Add2CartPopup','XC','',0,1,0,1469800887,0.0000,0,0,0.00,'USD','5.3',1,0,0,0,0,0,'Add to Cart Popup','X-Cart team','Adds a promotional popup dialog that is displayed after a customer adds a product to cart.',NULL,'','','a:0:{}','a:0:{}',0,0,0,0,0,0,'a:0:{}',0,0),(20,'Sitemap','XC','',1,1,1,1469800887,0.0000,0,0,0.00,'USD','5.3',1,0,0,0,0,0,'Site Map','X-Cart team','Enable a sitemap on your site for easier customers\' navigation.The sitemap can include categories and static pages.',NULL,'','','a:0:{}','a:0:{}',0,0,0,0,0,0,'a:0:{}',0,0),(21,'EPDQ','XC','',1,1,1,1469800887,0.0000,0,0,0.00,'USD','5.3',1,0,0,0,0,0,'Barclaycard ePDQ e-Commerce','X-Cart team','Enables taking payments for your online store via Barclaycard ePDQ e-Commerce payment system (Basic e-Commerce integration).',NULL,'','','a:0:{}','a:0:{}',0,0,0,0,0,0,'a:0:{}',0,0),(22,'BulkEditing','XC','',1,1,1,1469800887,0.0000,0,0,0.00,'USD','5.3',1,0,0,0,0,0,'Bulk Editing','X-Cart team','The module allows to edit products in bulk. Choose products for editing and select the parameter that needs to be updated for them.',NULL,'','','a:0:{}','a:0:{}',0,0,0,0,0,0,'a:0:{}',0,0),(23,'FastLaneCheckout','XC','',1,1,1,1469800887,0.0000,0,0,0.00,'USD','5.3',1,0,0,0,0,0,'Fast Lane Checkout','X-Cart team','Modern multi-step checkout asks for a separate piece of information at a separate step. As a result, it looks looks clean for customers and seems secure and easy to fill in.',NULL,'','','a:0:{}','a:0:{}',0,0,0,0,0,0,'a:0:{}',0,0),(24,'IdealPayments','XC','',1,1,1,1469800887,0.0000,0,0,0.00,'USD','5.3',1,0,0,0,0,0,'iDEAL Payments','X-Cart team','Enables taking credit card payments for your online store via iDEAL payment system.',NULL,'','','a:0:{}','a:0:{}',0,0,0,0,0,0,'a:0:{}',0,0),(25,'UpdateInventory','XC','',1,1,1,1469800887,0.0000,0,0,0.00,'USD','5.3',1,0,0,0,0,0,'Update Inventory','X-Cart team','Allows to update products quantity via CSV simple file.',NULL,'','','a:0:{}','a:0:{}',0,0,0,0,0,0,'a:0:{}',0,0),(26,'FreeShipping','XC','',1,1,1,1469800887,0.0000,0,0,0.00,'USD','5.3',1,0,0,0,0,0,'Free Shipping and Shipping freights','X-Cart team','Attract more customers by offering Free Shipping. Mark the products that are shipped for free. Add a possibility to specify shipping freight to products.',NULL,'','','a:0:{}','a:0:{}',0,0,0,0,0,0,'a:0:{}',0,0),(27,'ColorSchemes','XC','',0,1,0,1469800887,0.0000,0,0,0.00,'USD','5.3',1,0,0,0,0,0,'Color Schemes','X-Cart team','This module adds three new color schemes to the base X-Cart design theme.',NULL,'','','a:0:{}','a:0:{}',0,0,0,0,0,0,'a:0:{}',0,1),(28,'ProductFilter','XC','',1,1,1,1469800887,0.0000,0,0,0.00,'USD','5.3',1,0,0,0,0,0,'Product Filter','X-Cart team','Allows customers to filter products.',NULL,'','','a:0:{}','a:0:{}',0,0,0,0,0,0,'a:0:{}',0,0),(29,'Stripe','XC','',1,1,1,1469800887,0.0000,0,0,0.00,'USD','5.3',1,0,0,0,0,0,'Stripe','X-Cart team','Enables taking credit card payments for your online store via Stripe',NULL,'','','a:0:{}','a:0:{}',0,0,0,0,0,0,'a:0:{}',0,0),(30,'Reviews','XC','',1,1,1,1469800887,0.0000,0,0,0.00,'USD','5.3',1,0,0,0,0,0,'Product reviews','X-Cart team','Adds an ability to add products reviews and manage them in admin area',NULL,'','','a:0:{}','a:0:{}',0,0,0,0,0,0,'a:0:{}',0,0),(31,'CanadaPost','XC','',1,1,1,1469800887,0.0000,0,0,0.00,'USD','5.3',1,0,0,0,0,0,'Canada Post','X-Cart team','Gets shipping quotes for Canada Post delivery methods.',NULL,'','','a:0:{}','a:0:{}',0,0,0,0,0,0,'a:0:{}',0,0),(32,'Paypal','CDev','',1,1,1,1469800887,0.0000,0,0,0.00,'USD','5.3',1,0,0,0,0,0,'PayPal','X-Cart team','Enables taking payments for your online store via PayPal services.',NULL,'','','a:0:{}','a:0:{}',0,0,0,0,0,0,'a:0:{}',0,0),(33,'Bestsellers','CDev','',1,1,1,1469800887,0.0000,0,0,0.00,'USD','5.3',1,0,0,0,0,0,'Bestsellers','X-Cart team','Lists best-selling products at any place of the customer interface.',NULL,'','','a:0:{}','a:0:{}',0,0,0,0,0,0,'a:0:{}',0,0),(34,'Wholesale','CDev','',0,1,0,1469800887,0.0000,0,0,0.00,'USD','5.3',1,0,0,0,0,0,'Wholesale','X-Cart team','Enables wholesale pricing depending on product quantity and customer membership level. Also the module allows you to set the minimum purchase quantity per membership level.',NULL,'','','a:0:{}','a:0:{}',0,0,0,0,0,0,'a:0:{}',0,0),(35,'USPS','CDev','',1,1,1,1469800887,0.0000,0,0,0.00,'USD','5.3',1,0,0,0,0,0,'U.S.P.S.','X-Cart team','Gets shipping quotes for USPS delivery methods.',NULL,'','','a:0:{}','a:0:{}',0,0,0,0,0,0,'a:0:{}',0,0),(36,'UserPermissions','CDev','',1,1,1,1469800887,0.0000,0,0,0.00,'USD','5.3',1,0,0,0,0,0,'User permissions','X-Cart team','Allows you to restrict access to backend functions to only those employees who need them. You can define administrator roles and configure which groups of back-end functions are available to users having these roles.',NULL,'','','a:0:{}','a:0:{}',0,0,0,0,0,0,'a:0:{}',0,0),(37,'Egoods','CDev','',0,1,0,1469800887,0.0000,0,0,0.00,'USD','5.3',1,0,0,0,0,0,'E-goods','X-Cart team','Allows to sell files that customers can download after the purchase. Requires to have the FileAttachments module priorly installed and enabled.',NULL,'','','a:1:{i:0;s:20:\"CDev\\FileAttachments\";}','a:0:{}',0,0,0,0,0,0,'a:0:{}',0,0),(38,'GoogleAnalytics','CDev','',1,1,1,1469800887,0.0000,0,0,0.00,'USD','5.3',1,0,0,0,0,0,'Google Analytics','X-Cart team','Enables tracking and analyzing your website e-commerce statistics with Google Analytics.',NULL,'','','a:0:{}','a:0:{}',0,0,0,0,0,0,'a:0:{}',0,0),(39,'SocialLogin','CDev','',1,1,1,1469800887,0.0000,0,0,0.00,'USD','5.3',1,0,0,0,0,0,'Social Login','X-Cart team','Enables authentication via OAuth 2.0 providers (Google & Facebook).',NULL,'','','a:0:{}','a:0:{}',0,0,0,0,0,0,'a:0:{}',0,0),(40,'XPaymentsConnector','CDev','',1,1,1,1469800887,0.0000,0,0,0.00,'USD','5.3',0,0,0,0,0,0,'X-Payments connector','X-Cart team','PCI compliant credit card processing through major payment gateways without redirects that allows PCI compliant credit card storing for re-using and subscriptions. X-Payments integrates with over 40 payment providers including but not limited to: PayPal, BrainTree, Authorize.Net AIM/CIM, Chase Paymentech, CyberSource, Elavon, Moneris (former eSelect), First Data, Intuit Quickbooks, Ogone, Sage Pay, Realex, WorldPay and many others.',NULL,'','','a:0:{}','a:0:{}',0,0,0,0,0,0,'a:0:{}',0,0),(41,'Quantum','CDev','',1,1,1,1469800887,0.0000,0,0,0.00,'USD','5.3',1,0,0,0,0,0,'QuantumGateway','X-Cart team','Enables taking credit card payments for your online store via QuantumGateway (QGWdatabase Engine API).',NULL,'','','a:0:{}','a:0:{}',0,0,0,0,0,0,'a:0:{}',0,0),(42,'XMLSitemap','CDev','',1,1,1,1469800887,0.0000,0,0,0.00,'USD','5.3',1,0,0,0,0,0,'XML sitemap','X-Cart team','Module generates an XML file with information for search engines.',NULL,'','','a:0:{}','a:0:{}',0,0,0,0,0,0,'a:0:{}',0,0),(43,'Moneybookers','CDev','',1,1,1,1469800887,0.0000,0,0,0.00,'USD','5.3',1,0,0,0,0,0,'Skrill','X-Cart team','The module allows you to accept payments using cards, over 20 local payment methods and more than 80 banks (iframe integration method)',NULL,'','','a:0:{}','a:0:{}',0,0,0,0,0,0,'a:0:{}',0,0),(44,'SimpleCMS','CDev','',1,1,1,1469800887,0.0000,0,0,0.00,'USD','5.3',1,0,0,0,0,0,'Simple CMS','X-Cart team','Allows you to add custom website pages and modify the primary website menu and the footer links. After installing additional TinyMCE and Go Social modules you can configure OpenGraph tags for your pages and edit their contents in the WYSIWYG mode. This module is incompatible with modules integrating your store with third-party CMS solutions.',NULL,'','','a:0:{}','a:0:{}',0,0,0,0,0,0,'a:0:{}',0,0),(45,'ContactUs','CDev','',1,1,1,1469800887,0.0000,0,0,0.00,'USD','5.3',1,0,0,0,0,0,'Contact us','X-Cart team','Enables \"Contact us\" page',NULL,'','','a:0:{}','a:0:{}',0,0,0,0,0,0,'a:0:{}',0,0),(46,'SalesTax','CDev','',1,1,1,1469800887,0.0000,0,0,0.00,'USD','5.3',1,0,0,0,0,0,'Sales Tax','X-Cart team','Setup the rules for calculating sales tax. The rates can depend on product classes, customer\'s membership levels and address. When several tax rates are applicable to one product, you can specify the priority of their application.',NULL,'','','a:0:{}','a:0:{}',0,0,0,0,0,0,'a:0:{}',0,0),(47,'VolumeDiscounts','CDev','',1,1,1,1469800887,0.0000,0,0,0.00,'USD','5.3',1,0,0,0,0,0,'Volume Discounts','X-Cart team','Enables discounts depending on the total price of ordered products and the customer membership level.',NULL,'','','a:0:{}','a:0:{}',0,0,0,0,0,0,'a:0:{}',0,0),(48,'TwoCheckout','CDev','',1,1,1,1469800887,0.0000,0,0,0.00,'USD','5.3',1,0,0,0,0,0,'2Checkout.com','X-Cart team','Enables taking credit card payments for your online store via 2Checkout.com payment gateway.',NULL,'','','a:0:{}','a:0:{}',0,0,0,0,0,0,'a:0:{}',0,0),(49,'ProductAdvisor','CDev','',1,1,1,1469800887,0.0000,0,0,0.00,'USD','5.3',1,0,0,0,0,0,'Product Advisor','X-Cart team','Adds specific products lists to the catalog: new arrivals, coming soon, recently viewed etc.',NULL,'','','a:0:{}','a:0:{}',0,0,0,0,0,0,'a:0:{}',0,0),(50,'PINCodes','CDev','',0,1,0,1469800887,0.0000,0,0,0.00,'USD','5.3',1,0,0,0,0,0,'PIN Codes','X-Cart team','Allows to sell PIN codes attached to products.',NULL,'','','a:0:{}','a:0:{}',0,0,0,0,0,0,'a:0:{}',0,0),(51,'Sale','CDev','',1,1,1,1469800887,0.0000,0,0,0.00,'USD','5.3',1,0,0,0,0,0,'Sale','X-Cart team','Module allows you set special sale prices for certain products.',NULL,'','','a:0:{}','a:0:{}',0,0,0,0,0,0,'a:0:{}',0,0),(52,'FeaturedProducts','CDev','',1,1,1,1469800887,0.0000,0,0,0.00,'USD','5.3',1,0,0,0,0,0,'Featured Products','X-Cart team','Shows your best and most profitable products to customers.',NULL,'','','a:0:{}','a:0:{}',0,0,0,0,0,0,'a:0:{}',0,0),(53,'FedEx','CDev','',1,1,1,1469800887,0.0000,0,0,0.00,'USD','5.3',1,0,0,0,0,0,'FedEx','X-Cart team','Gets shipping quotes for FedEx delivery methods.',NULL,'','','a:0:{}','a:0:{}',0,0,0,0,0,0,'a:0:{}',0,0),(54,'GoSocial','CDev','',1,1,1,1469800887,0.0000,0,0,0.00,'USD','5.3',1,0,0,0,0,0,'Go Social','X-Cart team','Adds social media sharing functions like Facebook comments, OpenGraph meta tags and share buttons for product pages.',NULL,'','','a:0:{}','a:0:{}',0,0,0,0,0,0,'a:0:{}',0,0),(55,'AustraliaPost','CDev','',1,1,1,1469800887,0.0000,0,0,0.00,'USD','5.3',1,0,0,0,0,0,'Australia Post','X-Cart team','Gets shipping quotes for Australia Post delivery methods.',NULL,'','','a:0:{}','a:0:{}',0,0,0,0,0,0,'a:0:{}',0,0),(56,'AuthorizeNet','CDev','',1,1,1,1469800887,0.0000,0,0,0.00,'USD','5.3',1,0,0,0,0,0,'Authorize.Net SIM','X-Cart team','Enables taking credit card payments for your online store via AuthorizeNet payment gateway (Server Integration Method).',NULL,'','','a:0:{}','a:0:{}',0,0,0,0,0,0,'a:0:{}',0,0),(57,'Coupons','CDev','',1,1,1,1469800887,0.0000,0,0,0.00,'USD','5.3',1,0,0,0,0,0,'Coupons','X-Cart team','Allows to configure discounts which customers can activate in your shop with a coupon code',NULL,'','','a:0:{}','a:0:{}',0,0,0,0,0,0,'a:0:{}',0,0),(58,'FileAttachments','CDev','',0,1,0,1469800887,0.0000,0,0,0.00,'USD','5.3',1,0,0,0,0,0,'File attachments','X-Cart team','Allows you to attach files to goods that can be downloaded from the detailed pages of this product by visitors.',NULL,'','','a:0:{}','a:0:{}',0,0,0,0,0,0,'a:0:{}',0,0),(59,'TinyMCE','CDev','',1,1,1,1469800887,0.0000,0,0,0.00,'USD','5.3',1,0,0,0,0,0,'TinyMCE integration','X-Cart team','Enables TinyMCE WYSIWYG editor for editing product and category descriptions.',NULL,'','','a:0:{}','a:0:{}',0,0,0,0,0,0,'a:0:{}',0,0),(60,'FlyoutCategoriesMenu','QSL','',1,1,1,1469800887,0.0000,0,0,0.00,'USD','5.3',1,0,0,0,0,0,'Flyout Categories Menu','Qualiteam Software','The module changes the default categories menu in the Customer area by introducing a flyout expanding menu style',NULL,'','','a:0:{}','a:0:{}',0,0,0,0,0,0,'a:0:{}',0,0),(61,'CloudSearch','QSL','',1,1,1,1469800887,0.0000,0,0,0.00,'USD','5.3',0,0,0,0,0,0,'CloudSearch','Qualiteam','CloudSearch is a SaaS solution that integrates with X-Cart 5 to enable dynamic, real-time product search with highly relevant search results. Power up your store with enterprise-class search technologies for better conversion!',NULL,'http://www.x-cart.com/extensions/addons/cloudsearch.html?sl=en','','a:0:{}','a:0:{}',0,0,0,0,0,0,'a:0:{}',0,0);
CREATE TABLE `xlite_money_modificators` (
  `id` int(10) unsigned NOT NULL AUTO_INCREMENT,
  `class` varchar(255) COLLATE utf8_unicode_ci NOT NULL,
  `modificator` varchar(64) COLLATE utf8_unicode_ci NOT NULL,
  `validator` varchar(64) COLLATE utf8_unicode_ci NOT NULL,
  `position` int(11) NOT NULL,
  `behavior` varchar(64) COLLATE utf8_unicode_ci NOT NULL,
  `purpose` varchar(64) COLLATE utf8_unicode_ci NOT NULL,
  PRIMARY KEY (`id`)
) ENGINE=InnoDB DEFAULT CHARSET=utf8 COLLATE=utf8_unicode_ci;
INSERT INTO `xlite_money_modificators` VALUES (1,'XLite\\Logic\\AttributeSurcharge','modifyMoney','isApply',10,'','net'),(2,'XLite\\Module\\CDev\\Sale\\Logic\\SalePrice','modifyMoney','isApply',5,'','net'),(3,'XLite\\Module\\CDev\\Sale\\Logic\\PercentOff','modifyMoney','isApply',500,'','net');
CREATE TABLE `xlite_news` (
  `id` int(10) unsigned NOT NULL AUTO_INCREMENT,
  `enabled` tinyint(1) NOT NULL,
  `date` int(11) NOT NULL,
  `metaDescType` varchar(1) COLLATE utf8_unicode_ci NOT NULL,
  PRIMARY KEY (`id`),
  KEY `enabled` (`enabled`)
) ENGINE=InnoDB DEFAULT CHARSET=utf8 COLLATE=utf8_unicode_ci;
CREATE TABLE `xlite_news_message_translations` (
  `label_id` int(11) NOT NULL AUTO_INCREMENT,
  `id` int(10) unsigned DEFAULT NULL,
  `name` varchar(255) COLLATE utf8_unicode_ci NOT NULL,
  `body` longtext COLLATE utf8_unicode_ci NOT NULL,
  `brief_description` longtext COLLATE utf8_unicode_ci NOT NULL,
  `metaTags` varchar(255) COLLATE utf8_unicode_ci NOT NULL,
  `metaDesc` longtext COLLATE utf8_unicode_ci NOT NULL,
  `metaTitle` varchar(255) COLLATE utf8_unicode_ci NOT NULL,
  `code` char(2) COLLATE utf8_unicode_ci NOT NULL,
  PRIMARY KEY (`label_id`),
  KEY `ci` (`code`,`id`),
  KEY `id` (`id`),
  CONSTRAINT `FK_31246BD0BF396750` FOREIGN KEY (`id`) REFERENCES `xlite_news` (`id`) ON DELETE CASCADE
) ENGINE=InnoDB DEFAULT CHARSET=utf8 COLLATE=utf8_unicode_ci;
CREATE TABLE `xlite_newsletter_subscriptions_subscribers` (
  `id` int(10) unsigned NOT NULL AUTO_INCREMENT,
  `profile_id` int(11) DEFAULT NULL,
  `email` varchar(255) COLLATE utf8_unicode_ci NOT NULL,
  PRIMARY KEY (`id`),
  UNIQUE KEY `email` (`email`),
  KEY `IDX_D0911E5FCCFA12B8` (`profile_id`),
  CONSTRAINT `FK_D0911E5FCCFA12B8` FOREIGN KEY (`profile_id`) REFERENCES `xlite_profiles` (`profile_id`)
) ENGINE=InnoDB DEFAULT CHARSET=utf8 COLLATE=utf8_unicode_ci;
CREATE TABLE `xlite_notification_translations` (
  `label_id` int(11) NOT NULL AUTO_INCREMENT,
  `id` varchar(255) COLLATE utf8_unicode_ci DEFAULT NULL,
  `name` varchar(128) COLLATE utf8_unicode_ci NOT NULL,
  `description` longtext COLLATE utf8_unicode_ci NOT NULL,
  `customerSubject` varchar(255) COLLATE utf8_unicode_ci NOT NULL,
  `customerText` longtext COLLATE utf8_unicode_ci NOT NULL,
  `adminSubject` varchar(255) COLLATE utf8_unicode_ci NOT NULL,
  `adminText` longtext COLLATE utf8_unicode_ci NOT NULL,
  `code` char(2) COLLATE utf8_unicode_ci NOT NULL,
  PRIMARY KEY (`label_id`),
  KEY `ci` (`code`,`id`),
  KEY `id` (`id`),
  CONSTRAINT `FK_3F6179FEBF396750` FOREIGN KEY (`id`) REFERENCES `xlite_notifications` (`templatesDirectory`) ON DELETE CASCADE
) ENGINE=InnoDB DEFAULT CHARSET=utf8 COLLATE=utf8_unicode_ci;
INSERT INTO `xlite_notification_translations` VALUES (1,'failed_admin_login','Failed admin login','The notification is sent to the email address of the admin user for whose account failed login attempts have been detected several times in a row. A copy of the message is also sent to the store’s super admin user.','','','WARNING! Administrator login failure','Failed administrator login detected.','en'),(2,'low_limit_warning','Low limit warning','This message is used to notify the administrator when the stock level of a product reaches the low stock limit as specified in the product details.','','','Low stock warning','The inventory level of a product in your store has reached the low limit.','en'),(3,'order_advanced_changed','Order changed with advanced order management','This message is sent to notify the customer of any changes made to their order by an administrator using the advanced order management feature.','Your order has been changed','Your order has been changed by customer service. Here are the details of your order:','','','en'),(4,'order_canceled','Order canceled','This notification is sent to both the administrator and customer when an order gets the status Canceled.','Your order has been canceled','Your order has been canceled.','Order has been canceled','Order has been canceled.','en'),(5,'order_changed','Order changed','This notification is sent to both the administrator and customer when the status of an order is updated - in the event that no other type of notification is sent.','Your order has been changed','Your order has been changed. Here are the details of your order:','Order has been changed','Order has been changed.','en'),(6,'order_created','Order created','This notification is sent to both the administrator and customer when a new order is created (Disabled by default).','Order has been created','Thank you for shopping with us! We received your order.<br />You will receive an order confirmation once your order is processed.','Order has been created','Order has been created.','en'),(7,'order_failed','Order declined','This notification is sent to both the administrator and customer when an order gets the status Declined.','Your order has been declined','The status of your order has been changed to \"Declined\". This could be for one of the following reasons:<br />1) The order was declined by the store administrator.<br />2) The payment could not be processed at the time of order placement.<br />For more information, please contact the store administrator.','Order has been declined','Order has been declined.','en'),(8,'order_processed','Order processed','This notification is sent to both the administrator and customer when an order gets the status Paid.','Order confirmation','Your order has been processed. Thank you for your business.<br />We will notify you by email of any further order status updates.','Order has been processed','Order has been processed.','en'),(9,'order_shipped','Order shipped','This notification is sent to both the administrator and customer when an order gets the status Shipped.','Your order has been shipped','Your order has been shipped. Thank you for your business.<br />Please come back soon!','','','en'),(10,'order_tracking_information','Order tracking information','This notification is sent to the customer when an administrator clicks the \"Send tracking information to customer\" button.','Your order tracking information','Here are the tracking details for your order','','','en'),(11,'profile_created','User profile created','This notification is sent to both the administrator and customer when a new customer profile is created.','Welcome!','Thank you for registering with us.','New user registration','A new user profile has been registered:','en'),(12,'profile_deleted','User profile deleted','This notification is sent to the administrator when a customer profile is deleted.','','','User profile has been deleted','The following user profile has been deleted:','en'),(13,'profile_modified','User profile modified','This notification is sent to both the administrator and customer when a user profile is updated.','Your profile has been modified','Your profile has been modified. To view your profile information, log in at our site.','User profile has been modified','The user profile has been modified.','en'),(14,'recover_password_request','Password reset request','This notification is sent to the user when a password reset is requested for their account.','Confirm password reset request','<p>You have received this message because you requested to reset your forgotten password.<br />If you did not submit such a request, it might mean that somebody was trying to gain access to your account.</p><p>To confirm that this request was submitted by you, click on the link below<br/>(If the link does not work, please copy and paste the entire URL into your browser\'s address bar and press Enter).</p>','Confirm password reset request','<p>You have received this message because you requested to reset your forgotten password.<br />If you did not submit such a request, it might mean that somebody was trying to gain access to your account.</p><p>To confirm that this request was submitted by you, click on the link below<br/>(If the link does not work, please copy and paste the entire URL into your browser\'s address bar and press Enter).</p>','en'),(15,'register_anonymous','User account created for guest buyer based on order info','This notification is sent to the customer when a customer profile is created for them by the store administrator based on a previously created order.','User account created','<p>Thank you for shopping with us! We noticed that one or more orders you made at our store were placed using guest checkout. We appreciate your business and look forward to continue serving you in the future. For your convenience, we created an account for you at our store. The account stores all the information about your previous orders with us.</p><p>To log in to your account, please use the following credentials:<br />(The password can be changed in your account profile.)</p>','','','en'),(16,'failed_transaction','Failed transaction','This notification is sent to the administrator if payment transaction was failed','','','Failed transaction','','en'),(17,'modules/CDev/ContactUs/message','Contact us form submitted (Contact us module)','This notification is sent to the administrator when someone submits a request via the \"Contact us\" form.','','','Someone has used the Contact us form','','en'),(18,'modules/CDev/ContactUs/message','Заполнена форма для связи с администрацией магазина (модуль Contact us)','Данное сообщение используется для оповещения администратора в случае поступления в адрес магазина обращения через форму для связи с администрацией.','','','Поступило обращение через форму для связи с администрацией магазина','','ru'),(19,'modules/XC/CanadaPost/return_approved','Return request approved (Canada Post module)','This notification is sent to the customer if their request to return a product via Canada Post is approved by the administrator.','Your return request has been approved','Your return request has been approved','','','en'),(20,'modules/XC/CanadaPost/return_approved','Запрос на возврат товара одобрен (модуль Canada Post)','Данное сообщение отправляется покупателю в случае, если его запрос на возврат товара с пересылкой службой Canada Post получает одобрение администратора.','Ваш запрос на возврат товара одобрен','Ваш запрос на возврат товара одобрен','','','ru'),(21,'modules/XC/CanadaPost/return_rejected','Return request rejected (Canada Post module)','This notification is sent to the customer if their request to return a product via Canada Post is rejected by the administrator.','Your return request has been rejected','Your return request has been rejected','','','en'),(22,'modules/XC/CanadaPost/return_rejected','Запрос на возврат товара отклонен (модуль Canada Post)','Данное сообщение отправляется покупателю в случае, если его запрос на возврат товара с пересылкой службой Canada Post отклоняется администратором.','Ваш запрос на возврат товара отклонен','Ваш запрос на возврат товара отклонен','','','ru');
CREATE TABLE `xlite_notifications` (
  `templatesDirectory` varchar(255) COLLATE utf8_unicode_ci NOT NULL,
  `availableForAdmin` tinyint(1) NOT NULL,
  `availableForCustomer` tinyint(1) NOT NULL,
  `enabledForAdmin` tinyint(1) NOT NULL,
  `enabledForCustomer` tinyint(1) NOT NULL,
  `adminHeaderEnabled` tinyint(1) NOT NULL,
  `adminGreetingEnabled` tinyint(1) NOT NULL,
  `adminSignatureEnabled` tinyint(1) NOT NULL,
  `customerHeaderEnabled` tinyint(1) NOT NULL,
  `customerGreetingEnabled` tinyint(1) NOT NULL,
  `customerSignatureEnabled` tinyint(1) NOT NULL,
  PRIMARY KEY (`templatesDirectory`),
  UNIQUE KEY `UNIQ_26039A9958BB5391` (`templatesDirectory`)
) ENGINE=InnoDB DEFAULT CHARSET=utf8 COLLATE=utf8_unicode_ci;
INSERT INTO `xlite_notifications` VALUES ('failed_admin_login',1,0,1,0,1,0,1,1,1,1),('failed_transaction',1,0,1,0,1,0,1,1,1,1),('low_limit_warning',0,0,1,0,1,0,1,1,1,1),('modules/CDev/ContactUs/message',0,0,1,0,1,0,1,1,1,1),('modules/XC/CanadaPost/return_approved',0,1,0,1,1,0,1,1,1,1),('modules/XC/CanadaPost/return_rejected',0,1,0,1,1,0,1,1,1,1),('order_advanced_changed',0,1,0,1,0,0,1,0,1,1),('order_canceled',1,1,1,1,0,0,1,0,1,1),('order_changed',1,1,1,1,0,0,1,0,1,1),('order_created',1,1,0,0,0,0,1,0,1,1),('order_failed',1,1,1,1,0,0,1,0,1,1),('order_processed',1,1,1,1,0,0,1,0,1,1),('order_shipped',0,1,0,1,0,0,1,0,1,1),('order_tracking_information',0,0,0,1,0,0,1,0,1,1),('profile_created',1,1,0,1,1,0,1,1,1,1),('profile_deleted',1,0,0,0,1,0,1,1,1,1),('profile_modified',1,1,0,1,1,0,1,1,1,1),('recover_password_request',1,1,1,1,1,0,1,1,1,1),('register_anonymous',0,1,0,1,1,0,1,1,1,1);
CREATE TABLE `xlite_order_capost_office` (
  `id` int(10) unsigned NOT NULL AUTO_INCREMENT,
  `officeId` char(10) COLLATE utf8_unicode_ci NOT NULL,
  `name` varchar(40) COLLATE utf8_unicode_ci NOT NULL,
  `location` varchar(40) COLLATE utf8_unicode_ci NOT NULL,
  `distance` decimal(12,2) NOT NULL,
  `bilingualDesignation` tinyint(1) NOT NULL,
  `city` varchar(40) COLLATE utf8_unicode_ci NOT NULL,
  `latitude` decimal(15,5) NOT NULL,
  `longitude` decimal(15,5) NOT NULL,
  `postalCode` varchar(20) COLLATE utf8_unicode_ci NOT NULL,
  `province` varchar(64) COLLATE utf8_unicode_ci NOT NULL,
  `officeAddress` varchar(64) COLLATE utf8_unicode_ci NOT NULL,
  `workingHours` longtext COLLATE utf8_unicode_ci NOT NULL COMMENT '(DC2Type:array)',
  `orderId` int(11) DEFAULT NULL,
  PRIMARY KEY (`id`),
  UNIQUE KEY `UNIQ_CE3DE61FFA237437` (`orderId`),
  CONSTRAINT `FK_CE3DE61FFA237437` FOREIGN KEY (`orderId`) REFERENCES `xlite_orders` (`order_id`) ON DELETE CASCADE
) ENGINE=InnoDB DEFAULT CHARSET=utf8 COLLATE=utf8_unicode_ci;
CREATE TABLE `xlite_order_capost_parcel_items` (
  `id` int(11) NOT NULL AUTO_INCREMENT,
  `amount` int(11) NOT NULL,
  `parcelId` int(11) DEFAULT NULL,
  `orderItemId` int(11) DEFAULT NULL,
  PRIMARY KEY (`id`),
  KEY `IDX_18699C805A9ACC87` (`parcelId`),
  KEY `IDX_18699C80BBF22A26` (`orderItemId`),
  CONSTRAINT `FK_18699C80BBF22A26` FOREIGN KEY (`orderItemId`) REFERENCES `xlite_order_items` (`item_id`) ON DELETE CASCADE,
  CONSTRAINT `FK_18699C805A9ACC87` FOREIGN KEY (`parcelId`) REFERENCES `xlite_order_capost_parcels` (`id`) ON DELETE CASCADE
) ENGINE=InnoDB DEFAULT CHARSET=utf8 COLLATE=utf8_unicode_ci;
CREATE TABLE `xlite_order_capost_parcel_manifest_link_storage` (
  `id` int(10) unsigned NOT NULL AUTO_INCREMENT,
  `path` varchar(512) COLLATE utf8_unicode_ci NOT NULL,
  `fileName` varchar(255) COLLATE utf8_unicode_ci NOT NULL,
  `mime` varchar(128) COLLATE utf8_unicode_ci NOT NULL,
  `storageType` varchar(1) COLLATE utf8_unicode_ci NOT NULL,
  `size` int(10) unsigned NOT NULL,
  `date` int(10) unsigned NOT NULL,
  `linkId` int(11) DEFAULT NULL,
  PRIMARY KEY (`id`),
  UNIQUE KEY `UNIQ_73059AC5AEC98E42` (`linkId`),
  CONSTRAINT `FK_73059AC5AEC98E42` FOREIGN KEY (`linkId`) REFERENCES `xlite_order_capost_parcel_manifest_links` (`id`) ON DELETE CASCADE
) ENGINE=InnoDB DEFAULT CHARSET=utf8 COLLATE=utf8_unicode_ci;
CREATE TABLE `xlite_order_capost_parcel_manifest_links` (
  `id` int(11) NOT NULL AUTO_INCREMENT,
  `rel` varchar(255) COLLATE utf8_unicode_ci NOT NULL,
  `href` varchar(255) COLLATE utf8_unicode_ci NOT NULL,
  `idx` int(11) DEFAULT NULL,
  `mediaType` varchar(255) COLLATE utf8_unicode_ci NOT NULL,
  `manifestId` int(11) DEFAULT NULL,
  PRIMARY KEY (`id`),
  KEY `IDX_7FE471EA99AD4367` (`manifestId`),
  CONSTRAINT `FK_7FE471EA99AD4367` FOREIGN KEY (`manifestId`) REFERENCES `xlite_order_capost_parcel_manifests` (`id`) ON DELETE CASCADE
) ENGINE=InnoDB DEFAULT CHARSET=utf8 COLLATE=utf8_unicode_ci;
CREATE TABLE `xlite_order_capost_parcel_manifests` (
  `id` int(11) NOT NULL AUTO_INCREMENT,
  `poNumber` varchar(255) COLLATE utf8_unicode_ci DEFAULT NULL,
  `rel` varchar(255) COLLATE utf8_unicode_ci NOT NULL,
  `href` varchar(255) COLLATE utf8_unicode_ci NOT NULL,
  `idx` int(11) DEFAULT NULL,
  `mediaType` varchar(255) COLLATE utf8_unicode_ci NOT NULL,
  PRIMARY KEY (`id`)
) ENGINE=InnoDB DEFAULT CHARSET=utf8 COLLATE=utf8_unicode_ci;
CREATE TABLE `xlite_order_capost_parcel_shipment` (
  `id` int(11) NOT NULL AUTO_INCREMENT,
  `shipmentId` varchar(32) COLLATE utf8_unicode_ci NOT NULL,
  `shipmentStatus` varchar(14) COLLATE utf8_unicode_ci DEFAULT NULL,
  `trackingPin` varchar(16) COLLATE utf8_unicode_ci DEFAULT NULL,
  `returnTrackingPin` varchar(16) COLLATE utf8_unicode_ci DEFAULT NULL,
  `poNumber` varchar(32) COLLATE utf8_unicode_ci DEFAULT NULL,
  `parcelId` int(11) DEFAULT NULL,
  PRIMARY KEY (`id`),
  UNIQUE KEY `UNIQ_7954C1A5A9ACC87` (`parcelId`),
  CONSTRAINT `FK_7954C1A5A9ACC87` FOREIGN KEY (`parcelId`) REFERENCES `xlite_order_capost_parcels` (`id`) ON DELETE CASCADE
) ENGINE=InnoDB DEFAULT CHARSET=utf8 COLLATE=utf8_unicode_ci;
CREATE TABLE `xlite_order_capost_parcel_shipment_link_storage` (
  `id` int(10) unsigned NOT NULL AUTO_INCREMENT,
  `path` varchar(512) COLLATE utf8_unicode_ci NOT NULL,
  `fileName` varchar(255) COLLATE utf8_unicode_ci NOT NULL,
  `mime` varchar(128) COLLATE utf8_unicode_ci NOT NULL,
  `storageType` varchar(1) COLLATE utf8_unicode_ci NOT NULL,
  `size` int(10) unsigned NOT NULL,
  `date` int(10) unsigned NOT NULL,
  `linkId` int(11) DEFAULT NULL,
  PRIMARY KEY (`id`),
  UNIQUE KEY `UNIQ_82EA5F8AAEC98E42` (`linkId`),
  CONSTRAINT `FK_82EA5F8AAEC98E42` FOREIGN KEY (`linkId`) REFERENCES `xlite_order_capost_parcel_shipment_links` (`id`) ON DELETE CASCADE
) ENGINE=InnoDB DEFAULT CHARSET=utf8 COLLATE=utf8_unicode_ci;
CREATE TABLE `xlite_order_capost_parcel_shipment_links` (
  `id` int(11) NOT NULL AUTO_INCREMENT,
  `rel` varchar(255) COLLATE utf8_unicode_ci NOT NULL,
  `href` varchar(255) COLLATE utf8_unicode_ci NOT NULL,
  `idx` int(11) DEFAULT NULL,
  `mediaType` varchar(255) COLLATE utf8_unicode_ci NOT NULL,
  `shipmentId` int(11) DEFAULT NULL,
  PRIMARY KEY (`id`),
  KEY `IDX_EB25DE223C5EEBE2` (`shipmentId`),
  CONSTRAINT `FK_EB25DE223C5EEBE2` FOREIGN KEY (`shipmentId`) REFERENCES `xlite_order_capost_parcel_shipment` (`id`) ON DELETE CASCADE
) ENGINE=InnoDB DEFAULT CHARSET=utf8 COLLATE=utf8_unicode_ci;
CREATE TABLE `xlite_order_capost_parcel_shipment_tracking` (
  `id` int(11) NOT NULL AUTO_INCREMENT,
  `expiry` int(10) unsigned NOT NULL,
  `pin` varchar(255) COLLATE utf8_unicode_ci DEFAULT NULL,
  `activeExists` tinyint(1) NOT NULL,
  `archiveExists` tinyint(1) NOT NULL,
  `destinationPostalId` varchar(255) COLLATE utf8_unicode_ci DEFAULT NULL,
  `expectedDeliveryDate` int(10) unsigned DEFAULT NULL,
  `changedExpectedDate` int(10) unsigned DEFAULT NULL,
  `changedExpectedDeliveryReason` varchar(255) COLLATE utf8_unicode_ci DEFAULT NULL,
  `mailedByCustomerNumber` varchar(255) COLLATE utf8_unicode_ci DEFAULT NULL,
  `mailedOnBehalfOfCustomerNumber` varchar(255) COLLATE utf8_unicode_ci DEFAULT NULL,
  `originalPin` varchar(255) COLLATE utf8_unicode_ci DEFAULT NULL,
  `serviceName` varchar(255) COLLATE utf8_unicode_ci DEFAULT NULL,
  `serviceName_2` varchar(255) COLLATE utf8_unicode_ci DEFAULT NULL,
  `customerRef_1` varchar(255) COLLATE utf8_unicode_ci DEFAULT NULL,
  `customerRef_2` varchar(255) COLLATE utf8_unicode_ci DEFAULT NULL,
  `returnPin` varchar(255) COLLATE utf8_unicode_ci DEFAULT NULL,
  `signatureImageExists` tinyint(1) NOT NULL,
  `suppressSignature` tinyint(1) NOT NULL,
  `shipmentId` int(11) DEFAULT NULL,
  PRIMARY KEY (`id`),
  UNIQUE KEY `UNIQ_619551123C5EEBE2` (`shipmentId`),
  CONSTRAINT `FK_619551123C5EEBE2` FOREIGN KEY (`shipmentId`) REFERENCES `xlite_order_capost_parcel_shipment` (`id`) ON DELETE CASCADE
) ENGINE=InnoDB DEFAULT CHARSET=utf8 COLLATE=utf8_unicode_ci;
CREATE TABLE `xlite_order_capost_parcel_shipment_tracking_events` (
  `id` int(11) NOT NULL AUTO_INCREMENT,
  `identifier` varchar(255) COLLATE utf8_unicode_ci NOT NULL,
  `date` char(10) COLLATE utf8_unicode_ci NOT NULL,
  `time` char(8) COLLATE utf8_unicode_ci NOT NULL,
  `timeZone` varchar(255) COLLATE utf8_unicode_ci NOT NULL,
  `description` varchar(255) COLLATE utf8_unicode_ci NOT NULL,
  `signatoryName` varchar(255) COLLATE utf8_unicode_ci NOT NULL,
  `site` varchar(255) COLLATE utf8_unicode_ci NOT NULL,
  `province` varchar(255) COLLATE utf8_unicode_ci NOT NULL,
  `retailLocationId` varchar(255) COLLATE utf8_unicode_ci NOT NULL,
  `retailName` varchar(255) COLLATE utf8_unicode_ci NOT NULL,
  `trackingId` int(11) DEFAULT NULL,
  PRIMARY KEY (`id`),
  KEY `IDX_75BDE7A6F76B6A7` (`trackingId`),
  CONSTRAINT `FK_75BDE7A6F76B6A7` FOREIGN KEY (`trackingId`) REFERENCES `xlite_order_capost_parcel_shipment_tracking` (`id`) ON DELETE CASCADE
) ENGINE=InnoDB DEFAULT CHARSET=utf8 COLLATE=utf8_unicode_ci;
CREATE TABLE `xlite_order_capost_parcel_shipment_tracking_files` (
  `id` int(10) unsigned NOT NULL AUTO_INCREMENT,
  `docType` char(1) COLLATE utf8_unicode_ci NOT NULL,
  `path` varchar(512) COLLATE utf8_unicode_ci NOT NULL,
  `fileName` varchar(255) COLLATE utf8_unicode_ci NOT NULL,
  `mime` varchar(128) COLLATE utf8_unicode_ci NOT NULL,
  `storageType` varchar(1) COLLATE utf8_unicode_ci NOT NULL,
  `size` int(10) unsigned NOT NULL,
  `date` int(10) unsigned NOT NULL,
  `trackingId` int(11) DEFAULT NULL,
  PRIMARY KEY (`id`),
  KEY `IDX_4EB59AF6F76B6A7` (`trackingId`),
  CONSTRAINT `FK_4EB59AF6F76B6A7` FOREIGN KEY (`trackingId`) REFERENCES `xlite_order_capost_parcel_shipment_tracking` (`id`) ON DELETE CASCADE
) ENGINE=InnoDB DEFAULT CHARSET=utf8 COLLATE=utf8_unicode_ci;
CREATE TABLE `xlite_order_capost_parcel_shipment_tracking_options` (
  `id` int(11) NOT NULL AUTO_INCREMENT,
  `name` varchar(255) COLLATE utf8_unicode_ci NOT NULL,
  `description` varchar(255) COLLATE utf8_unicode_ci NOT NULL,
  `trackingId` int(11) DEFAULT NULL,
  PRIMARY KEY (`id`),
  KEY `IDX_F6B816A26F76B6A7` (`trackingId`),
  CONSTRAINT `FK_F6B816A26F76B6A7` FOREIGN KEY (`trackingId`) REFERENCES `xlite_order_capost_parcel_shipment_tracking` (`id`) ON DELETE CASCADE
) ENGINE=InnoDB DEFAULT CHARSET=utf8 COLLATE=utf8_unicode_ci;
CREATE TABLE `xlite_order_capost_parcel_shipments_manifests` (
  `manifest_id` int(11) NOT NULL,
  `shipment_id` int(11) NOT NULL,
  PRIMARY KEY (`manifest_id`,`shipment_id`),
  KEY `IDX_8D3D4D8FE697B2FB` (`manifest_id`),
  KEY `IDX_8D3D4D8F7BE036FC` (`shipment_id`),
  CONSTRAINT `FK_8D3D4D8F7BE036FC` FOREIGN KEY (`shipment_id`) REFERENCES `xlite_order_capost_parcel_shipment` (`id`) ON DELETE CASCADE,
  CONSTRAINT `FK_8D3D4D8FE697B2FB` FOREIGN KEY (`manifest_id`) REFERENCES `xlite_order_capost_parcel_manifests` (`id`) ON DELETE CASCADE
) ENGINE=InnoDB DEFAULT CHARSET=utf8 COLLATE=utf8_unicode_ci;
CREATE TABLE `xlite_order_capost_parcels` (
  `id` int(11) NOT NULL AUTO_INCREMENT,
  `order_id` int(11) DEFAULT NULL,
  `number` int(11) NOT NULL,
  `status` char(2) COLLATE utf8_unicode_ci NOT NULL,
  `quoteType` char(2) COLLATE utf8_unicode_ci NOT NULL,
  `boxWeight` decimal(14,4) NOT NULL,
  `boxWidth` decimal(14,4) NOT NULL,
  `boxLength` decimal(14,4) NOT NULL,
  `boxHeight` decimal(14,4) NOT NULL,
  `isDocument` tinyint(1) NOT NULL,
  `isUnpackaged` tinyint(1) NOT NULL,
  `isMailingTube` tinyint(1) NOT NULL,
  `isOversized` tinyint(1) NOT NULL,
  `notifyOnShipment` tinyint(1) NOT NULL,
  `notifyOnException` tinyint(1) NOT NULL,
  `notifyOnDelivery` tinyint(1) NOT NULL,
  `optSignature` tinyint(1) NOT NULL,
  `optCoverage` decimal(14,4) NOT NULL,
  `optAgeProof` varchar(4) COLLATE utf8_unicode_ci NOT NULL,
  `optWayToDeliver` varchar(3) COLLATE utf8_unicode_ci NOT NULL,
  `optNonDelivery` varchar(4) COLLATE utf8_unicode_ci NOT NULL,
  PRIMARY KEY (`id`),
  KEY `IDX_35C9355A8D9F6D38` (`order_id`),
  KEY `status` (`status`),
  KEY `number` (`number`),
  CONSTRAINT `FK_35C9355A8D9F6D38` FOREIGN KEY (`order_id`) REFERENCES `xlite_orders` (`order_id`) ON DELETE CASCADE
) ENGINE=InnoDB DEFAULT CHARSET=utf8 COLLATE=utf8_unicode_ci;
CREATE TABLE `xlite_order_coupons` (
  `id` int(10) unsigned NOT NULL AUTO_INCREMENT,
  `order_id` int(11) DEFAULT NULL,
  `coupon_id` int(10) unsigned DEFAULT NULL,
  `code` char(16) COLLATE utf8_unicode_ci NOT NULL,
  `value` decimal(14,4) NOT NULL,
  PRIMARY KEY (`id`),
  KEY `IDX_451D92198D9F6D38` (`order_id`),
  KEY `IDX_451D921966C5951B` (`coupon_id`),
  CONSTRAINT `FK_451D921966C5951B` FOREIGN KEY (`coupon_id`) REFERENCES `xlite_coupons` (`id`) ON DELETE SET NULL,
  CONSTRAINT `FK_451D92198D9F6D38` FOREIGN KEY (`order_id`) REFERENCES `xlite_orders` (`order_id`) ON DELETE CASCADE
) ENGINE=InnoDB DEFAULT CHARSET=utf8 COLLATE=utf8_unicode_ci;
CREATE TABLE `xlite_order_details` (
  `detail_id` int(11) NOT NULL AUTO_INCREMENT,
  `order_id` int(11) DEFAULT NULL,
  `name` varchar(255) COLLATE utf8_unicode_ci NOT NULL,
  `label` varchar(255) COLLATE utf8_unicode_ci DEFAULT NULL,
  `value` longtext COLLATE utf8_unicode_ci NOT NULL,
  PRIMARY KEY (`detail_id`),
  KEY `IDX_C25F888B8D9F6D38` (`order_id`),
  KEY `oname` (`order_id`,`name`),
  CONSTRAINT `FK_C25F888B8D9F6D38` FOREIGN KEY (`order_id`) REFERENCES `xlite_orders` (`order_id`) ON DELETE CASCADE
) ENGINE=InnoDB DEFAULT CHARSET=utf8 COLLATE=utf8_unicode_ci;
CREATE TABLE `xlite_order_history_event_data` (
  `id` int(11) NOT NULL AUTO_INCREMENT,
  `event_id` int(11) DEFAULT NULL,
  `name` varchar(128) COLLATE utf8_unicode_ci NOT NULL,
  `value` longtext COLLATE utf8_unicode_ci NOT NULL,
  PRIMARY KEY (`id`),
  KEY `IDX_BAE0BB2471F7E88B` (`event_id`),
  KEY `en` (`event_id`,`name`),
  CONSTRAINT `FK_BAE0BB2471F7E88B` FOREIGN KEY (`event_id`) REFERENCES `xlite_order_history_events` (`event_id`) ON DELETE CASCADE
) ENGINE=InnoDB DEFAULT CHARSET=utf8 COLLATE=utf8_unicode_ci;

COMMIT;